tmy_date,clean_ac_kwh_kwp,soiled_ac_kwh_kwp,loss_kwh_kwp,rain_mm,front_g_m2,rear_g_m2,front_transmission,rear_transmission,front_bound_g_m2,rear_bound_g_m2,retained_generation_percent,cumulative_loss_kwh_kwp,day,family,rain_mode
2023-01-01 00:00:00+09:00,4.60175243971683,4.556915046766346,0.04483739295048385,0.0,0.10978116219008233,0.1059581146694216,0.989860331742996,0.9901601944126457,0.0768468135330576,0.07417068026859512,99.02564526149862,0.04483739295048385,1,tilted,no_rain
2023-01-02 00:00:00+09:00,4.0722987509981206,4.029332832975836,0.04296591802228373,0.0,0.11956232438016462,0.11191622933884318,0.9891002933354431,0.9896935681813809,0.0836936270661152,0.07834136053719025,98.94492225031983,0.08780331097276758,2,tilted,no_rain
2023-01-03 00:00:00+09:00,3.729604814078696,3.6873614866930744,0.04224332738562164,0.0,0.1293434865702469,0.11787434400826477,0.9883497838525552,0.98923075134896,0.09054044059917281,0.08251204080578538,98.86735111381883,0.13004663835838923,3,tilted,no_rain
2023-01-04 00:00:00+09:00,3.378271952946019,3.3374093281572343,0.040862624788784434,0.0,0.1391246487603292,0.12383245867768636,0.987607985613861,0.9887715249551918,0.09738725413223041,0.0866827210743805,98.79042820240834,0.17090926314717367,4,tilted,no_rain
2023-01-05 00:00:00+09:00,2.5747830975651036,2.541517584701878,0.03326551286322574,0.0,0.1489058109504115,0.12979057334710795,0.9868742047293185,0.9883156927239207,0.10423406766528802,0.09085340134297563,98.70802659475729,0.2041747760103994,5,tilted,no_rain
2023-01-06 00:00:00+09:00,4.812232242081883,4.753250889695714,0.05898135238616932,0.0,0.1586869731404938,0.13574868801652953,0.9861478455006943,0.9878630777854225,0.11108088119834562,0.09502408161157076,98.77434526392157,0.2631561283965687,6,tilted,no_rain
2023-01-07 00:00:00+09:00,4.740305574091864,4.673042320440851,0.06726325365101207,0.0,0.16846813533057609,0.14170680268595112,0.9854283913683278,0.9874135199952851,0.11792769473140323,0.09919476188016589,98.58103549233957,0.3304193820475808,7,tilted,no_rain
2023-01-08 00:00:00+09:00,4.652026008896283,4.582663658567086,0.06936235032919728,0.0,0.17824929752065838,0.1476649173553727,0.9847153904462398,0.9869668737207095,0.12477450826446083,0.10336544214876102,98.5089861880275,0.3997817323767781,8,tilted,no_rain
2023-01-09 00:00:00+09:00,3.9397358554995923,3.8779468837619953,0.06178897173759729,0.0,0.188030459710741,0.1536230320247943,0.9840084443492187,0.9865230059971744,0.13162132179751876,0.10753612241735615,98.43164684121287,0.4615707041143754,9,tilted,no_rain
2023-01-10 00:00:00+09:00,4.401469768791086,4.329478917257578,0.0719908515335087,0.0,0.19781162190082363,0.1595811466942159,0.9833071994302889,0.9860817949815481,0.1384681353305767,0.11170680268595128,98.36439063960034,0.5335615556478841,10,tilted,no_rain
2023-01-11 00:00:00+09:00,4.624396688093148,4.54559876106691,0.07879792702623785,0.0,0.20759278409090626,0.16553926136363747,0.982611339815039,0.9856431286446892,0.14531494886363464,0.1158774829545464,98.29603876265361,0.612359482674122,11,tilted,no_rain
2023-01-12 00:00:00+09:00,4.698113776151695,4.614830550098545,0.08328322605315067,0.0,0.21737394628098888,0.17149737603305906,0.981920581797036,0.9852069036591774,0.15216176239669257,0.12004816322314153,98.22730504152734,0.6956427087272726,12,tilted,no_rain
2023-01-13 00:00:00+09:00,3.375745359072871,3.3131120532309444,0.06263330584192688,0.0,0.2271551084710715,0.17745549070248065,0.9812346692790961,0.9847730244472928,0.1590085759297505,0.12421884349173666,98.14460810340479,0.7582760145691995,13,tilted,no_rain
2023-01-14 00:00:00+09:00,1.2283249465114792,1.2039148917101812,0.024410054801298074,0.0,0.23693627066115414,0.18341360537190196,0.9805533700286373,0.9843414023615509,0.16585538946280845,0.12838952376033153,98.01273637968323,0.7826860693704976,14,tilted,no_rain
2023-01-15 00:00:00+09:00,3.3558375117570094,3.2889376939681787,0.06689981778883064,0.0,0.24671743285123676,0.18937172004132322,0.9798764725741481,0.9839119549756373,0.1727022029958664,0.13256020402892632,98.00646433105146,0.8495858871593283,15,tilted,no_rain
2023-01-16 00:00:00+09:00,1.5104986214072502,1.4786557198701475,0.0318429015371025,0.0,0.2564985950413194,0.19532983471074447,0.979203783611961,0.983484605467865,0.17954901652892433,0.13673088429752112,97.89189469716719,0.8814287886964307,16,tilted,no_rain
2023-01-17 00:00:00+09:00,4.992028757851069,4.888455017854517,0.10357373999655224,0.0,0.266279757231402,0.20128794938016573,0.9785351258231789,0.9830592820826314,0.18639583006198227,0.1409015645661159,97.92521748129637,0.985002528692983,17,tilted,no_rain
2023-01-18 00:00:00+09:00,2.950900508806983,2.886178258573981,0.06472225023300196,0.0,0.27606091942148464,0.20724606404958698,0.9778703360232153,0.9826359176579922,0.1932426435950402,0.1450722448347107,97.8066949380422,1.049724778925985,18,tilted,no_rain
2023-01-19 00:00:00+09:00,4.747689522100306,4.641149320673476,0.10654020142682989,0.0,0.28584208161156727,0.2132041787190081,0.9772092635832957,0.9822144492095706,0.20008945712809814,0.1492429251033055,97.75595685162456,1.1562649803528149,19,tilted,no_rain
2023-01-20 00:00:00+09:00,3.7092593206112907,3.623093649782938,0.08616567082835273,0.0,0.2956232438016499,0.21916229338842919,0.9765517690760227,0.9817948175626985,0.20693627066115608,0.1534136053719003,97.6770114090014,1.2424306511811676,20,tilted,no_rain
2023-01-21 00:00:00+09:00,1.879326305772799,1.833623204927395,0.04570310084540394,0.0,0.3054044059917325,0.22512040805785027,0.9758977231068477,0.9813769670260415,0.21378308419421402,0.1575842856404951,97.56811253559236,1.2881337520265714,21,tilted,no_rain
2023-01-22 00:00:00+09:00,3.9618610120104454,3.864783101051285,0.09707791095916009,0.0,0.31518556818181515,0.23107852272727136,0.9752470053008062,0.9809608451010573,0.22062989772727196,0.1617549659090899,97.54968913182802,1.3852116629857316,22,tilted,no_rain
2023-01-23 00:00:00+09:00,3.9352956848088354,3.8363606590307424,0.09893502577809304,0.0,0.32496673037189777,0.23703663739669245,0.9745995034197128,0.9805464022225309,0.2274767112603299,0.16592564617768468,97.48595699784376,1.4841466887638246,23,tilted,no_rain
2023-01-24 00:00:00+09:00,3.4835781279865907,3.3933360896684723,0.09024203831811844,0.0,0.3347478925619804,0.24299475206611354,0.9739551125896083,0.9801335915261675,0.23432352479338783,0.17009632644627948,97.40950152393235,1.574388727081943,24,tilted,no_rain
2023-01-25 00:00:00+09:00,0.6442768714944886,0.6260997044823111,0.01817716701217753,0.0,0.344529054752063,0.24895286673553463,0.9733137346218722,0.9797223686398273,0.24117033832644577,0.17426700671487427,97.17867149723797,1.5925658940941205,25,tilted,no_rain
2023-01-26 00:00:00+09:00,1.198227378682996,1.1645355389101946,0.03369183977280142,0.0,0.35431021694214565,0.2549109814049557,0.9726752774143157,0.9793126914954889,0.2480171518595037,0.17843768698346907,97.18819312826643,1.626257733866922,26,tilted,no_rain
2023-01-27 00:00:00+09:00,5.633490947236927,5.515365382946286,0.11812556429064153,0.0,0.3640913791322278,0.2608690960743768,0.9720396544208867,0.9789045201594502,0.2548639653925612,0.18260836725206386,97.90315515908341,1.7443832981575635,27,tilted,no_rain
2023-01-28 00:00:00+09:00,5.395625135951153,5.243477502616531,0.15214763333462192,0.0,0.37387254132230974,0.2668272107437979,0.9714067841805004,0.9784978166786186,0.26171077892561845,0.18677904752065866,97.1801667183871,1.8965309314921854,28,tilted,no_rain
2023-01-29 00:00:00+09:00,1.5458984306423529,1.4998509906431492,0.046047439999203604,0.0,0.3836537035123917,0.272785325413219,0.9707765898970295,0.9780925449410455,0.2685575924586757,0.19094972778925345,97.02131530206223,1.9425783714913891,29,tilted,no_rain
2023-01-30 00:00:00+09:00,5.193084106352308,5.039942497862048,0.15314160849025965,0.0,0.39343486570247366,0.27874344008264007,0.9701489990637417,0.9776886705490997,0.275404405991733,0.19512040805784825,97.05104702034514,2.0957199799816486,30,tilted,no_rain
2023-01-31 00:00:00+09:00,5.688145629279356,5.547468241317056,0.14067738796229962,0.0,0.4032160278925556,0.28470155475206116,0.9695239431264939,0.9772861607038913,0.28225121952479026,0.19929108832644304,97.5268321676194,2.2363973679439484,31,tilted,no_rain
2023-02-01 00:00:00+09:00,5.789139203984775,5.682791511202614,0.10634769278216091,0.0,0.4129971900826376,0.29065966942148225,0.9689013571808427,0.9768849840997328,0.28909803305784754,0.20346176859503784,98.16297917471117,2.3427450607261093,32,tilted,no_rain
2023-02-02 00:00:00+09:00,4.986091404840286,4.859364821075171,0.12672658376511528,0.0,0.42277835227271976,0.29661778409090334,0.9682811796989356,0.9764851108275792,0.2959448465909048,0.20763244886363263,97.45839830288521,2.469471644491225,33,tilted,no_rain
2023-02-03 00:00:00+09:00,5.735512197444652,5.591526035567063,0.14398616187758873,0.0,0.43255951446280205,0.3025758987603244,0.9676633522826361,0.9760865122865173,0.3027916601239621,0.21180312913222743,97.48956750642533,2.6134578063688134,34,tilted,no_rain
2023-02-04 00:00:00+09:00,4.916807411053181,4.7564063924132345,0.16040101863994644,0.0,0.44234067665288435,0.3085340134297455,0.9670478194398268,0.9756891611024894,0.30963847365701935,0.21597380940082223,96.73769978707405,2.7738588250087597,35,tilted,no_rain
2023-02-05 00:00:00+09:00,5.784050464550157,5.645031227145698,0.13901923740445904,0.0,0.45212183884296664,0.3144921280991666,0.9664345283812511,0.9752930310535307,0.3164852871900766,0.22014448966941702,97.59650718373753,2.9128780624132187,36,tilted,no_rain
2023-02-06 00:00:00+09:00,4.337951329881335,4.190728851254891,0.14722247862644405,0.0,0.46190300103304893,0.3204502427685877,0.9658234288356078,0.974898097000887,0.3233321007231339,0.22431516993801182,96.60617495608297,3.0601005410396627,37,tilted,no_rain
2023-02-07 00:00:00+09:00,0.7723437626107147,0.7439897641798846,0.028353998430830002,0.0,0.4716841632231312,0.3264083574380088,0.9652144728809052,0.9745043348254475,0.33017891425619117,0.2284858502066066,96.32883700193467,3.0884545394704928,38,tilted,no_rain
2023-02-08 00:00:00+09:00,5.639891604679424,5.476463174829072,0.16342842985035205,0.0,0.4814653254132135,0.33236647210742987,0.9646076147903401,0.9741117213689948,0.33702572778924844,0.2326565304752014,97.10227711265308,3.2518829693208446,39,tilted,no_rain
2023-02-09 00:00:00+09:00,2.7115006310583123,2.6134773435643774,0.09802328749393452,0.0,0.4912464876032958,0.33832458677685096,0.9640028108911807,0.9737202343798272,0.3438725413223057,0.2368272107437962,96.38490633669238,3.349906256814779,40,tilted,no_rain
2023-02-10 00:00:00+09:00,6.090481791744659,5.9603638040874625,0.1301179876571961,0.0,0.5010276497933781,0.34428270144627204,0.9634000194353219,0.9733298524623559,0.350719354855363,0.240997891012391,97.86358465378609,3.4800242444719753,41,tilted,no_rain
2023-02-11 00:00:00+09:00,6.047278780869381,5.916551667423816,0.13072711344556465,0.0,0.5108088119834604,0.35024081611569313,0.9627992004803371,0.9729405550303234,0.35756616838842026,0.2451685712809858,97.83824893505619,3.61075135791754,42,tilted,no_rain
2023-02-12 00:00:00+09:00,3.816832225800565,3.672970377244453,0.14386184855611223,0.0,0.5205899741735427,0.3561989307851142,0.9622003157799913,0.9725523222633271,0.36441298192147753,0.2493392515495806,96.23085742193088,3.7546132064736524,43,tilted,no_rain
2023-02-13 00:00:00+09:00,5.874750627908045,5.694056986684826,0.18069364122321946,0.0,0.530371136363625,0.36215704545453586,0.9616033286833033,0.972165135066361,0.3712597954545348,0.25350993181817594,96.92423299867686,3.935306847696872,44,tilted,no_rain
2023-02-14 00:00:00+09:00,2.867241573422424,2.7550255020044436,0.11221607141798051,0.0,0.5401522985537073,0.3681151601239576,0.9610082040413391,0.9717789750321219,0.3781066089875921,0.2576806120867714,96.08627077473503,4.0475229191148525,45,tilted,no_rain
2023-02-15 00:00:00+09:00,2.1497330821129292,2.0637479027921137,0.08598517932081555,0.0,0.5499334607437896,0.3740732747933794,0.9604149081210208,0.9713938244058479,0.38495342252064935,0.26185129235536686,96.0001927664293,4.1335080984356685,46,tilted,no_rain
2023-02-16 00:00:00+09:00,0.6933731072334838,0.6637108781747871,0.02966222905869669,0.0,0.5597146229338719,0.38003138946280113,0.9598234085253047,0.9710096660524841,0.3918002360537066,0.2660219726239623,95.7220392961234,4.163170327494365,47,tilted,no_rain
2023-02-17 00:00:00+09:00,5.420756515151868,5.201885573196163,0.21887094195570425,0.0,0.5694957851239542,0.3859895041322229,0.9592336741191564,0.970626483425984,0.3986470495867639,0.2701926528925578,95.962354307117,4.382041269450069,48,tilted,no_rain
2023-02-18 00:00:00+09:00,1.8267578792762478,1.7499051315234138,0.07685274775283421,0.0,0.5792769473140365,0.39194761880164464,0.9586456749608107,0.97024426054058,0.40549386311982116,0.27436333316115324,95.7929428620676,4.458894017202904,49,tilted,no_rain
2023-02-19 00:00:00+09:00,4.726379989791604,4.598563508330272,0.12781648146133165,0.0,0.5890581095041187,0.3979057334710664,0.958059382237854,0.9698629819438672,0.41234067665287844,0.2785340134297487,97.29567910880208,4.586710498664235,50,tilted,no_rain
2023-02-20 00:00:00+09:00,6.015962521702884,5.832682577616567,0.18327994408631634,0.0,0.598839271694201,0.40386384814048815,0.9574747682077205,0.9694826326915611,0.4191874901859357,0.28270469369834417,96.95343939685253,4.769990442750552,51,tilted,no_rain
2023-02-21 00:00:00+09:00,5.565221170530699,5.367646396948766,0.19757477358193254,0.0,0.6086204338842833,0.4098219628099099,0.9568918061422266,0.9691031983238012,0.426034303718993,0.28687537396693963,96.44983069804766,4.967565216332484,52,tilted,no_rain
2023-02-22 00:00:00+09:00,1.4088545222814723,1.3457423575488539,0.06311216473261848,0.0,0.6184015960743656,0.41578007747933166,0.9563104702758123,0.9687246648428873,0.43288111725205025,0.2910460542355351,95.52032067651557,5.030677381065102,53,tilted,no_rain
2023-02-23 00:00:00+09:00,6.028007840252543,5.800347209302419,0.227660630950123,0.0,0.6281827582644479,0.42173819214875374,0.9557307357571856,0.9683470186923386,0.4397279307851075,0.29521673450413055,96.22328575238572,5.2583380120152245,54,tilted,no_rain
2023-02-24 00:00:00+09:00,5.613771961038004,5.379910358493816,0.23386160254418828,0.0,0.6379639204545302,0.42769630681817583,0.9551525786040979,0.9679702467371836,0.4465747443181648,0.299387414772726,95.83414495338806,5.4921996145594125,55,tilted,no_rain
2023-02-25 00:00:00+09:00,6.290962166892288,6.124546153704134,0.16641601318815352,0.0,0.6477450826446125,0.4336544214875979,0.9545759756610018,0.9675943362453892,0.45342155785122207,0.3035580950413215,97.35468106827986,5.658615627747566,56,tilted,no_rain
2023-02-26 00:00:00+09:00,6.369884406453911,6.203504028810887,0.16638037764302505,0.0,0.6575262448346948,0.43961253615702,0.9540009045593691,0.9672192748703505,0.46026837138427934,0.30772877530991694,97.38801574680932,5.824996005390592,57,tilted,no_rain
2023-02-27 00:00:00+09:00,5.92447610804544,5.727781209749152,0.19669489829628795,0.0,0.6673074070247771,0.4455706508264421,0.953427343680462,0.9668450506343667,0.4671151849173366,0.3118994555785124,96.6799613213196,6.0216909036868795,58,tilted,no_rain
2023-02-28 00:00:00+09:00,6.159131326497763,5.979355873668394,0.17977545282937013,0.0,0.6770885692148594,0.4515287654958642,0.9528552721203754,0.9664716519130334,0.4739619984503939,0.31607013584710786,97.08115571337241,6.201466356516249,59,tilted,no_rain
2023-03-01 00:00:00+09:00,6.087137976618648,5.912462197695832,0.17467577892281613,0.0,0.6868697314049417,0.45748688016528627,0.9522846696571784,0.9660990674204923,0.48080881198345116,0.3202408161157033,97.13041203281797,6.376142135439065,60,tilted,no_rain
2023-03-02 00:00:00+09:00,5.500527063423224,5.237105391072436,0.26342167235078745,0.0,0.696650893595024,0.46344499483470836,0.9517155167200037,0.9657272861954785,0.48765562551650843,0.3244114963842988,95.21097397915813,6.639563807789853,61,tilted,no_rain
2023-03-03 00:00:00+09:00,5.083151086823113,4.836464463385592,0.24668662343752035,0.0,0.7064320557851063,0.46940310950413044,0.9511477943599406,0.9653562975881121,0.4945024390495657,0.32858217665289424,95.14697440182334,6.886250431227373,62,tilted,no_rain
2023-03-04 00:00:00+09:00,1.7453000630860556,1.6572974524722686,0.08800261061378717,0.0,0.7162132179751886,0.47536122417355253,0.9505814842226065,0.9649860912473882,0.501349252582623,0.3327528569214897,94.9577374988356,6.974253041841161,63,tilted,no_rain
2023-03-05 00:00:00+09:00,1.4828759768352793,1.4072684359716097,0.07560754086366946,0.0,0.7259943801652708,0.4813193388429746,0.9500165685222751,0.9646166571093163,0.5081960661156802,0.33692353719008516,94.90129032739276,7.04986058270483,64,tilted,no_rain
2023-03-06 00:00:00+09:00,5.394142276712723,5.168102793290067,0.226039483422657,0.0,0.7357755423553531,0.4872774535123967,0.949453030017457,0.964247985385672,0.5150428796487375,0.3410942174586806,95.80953797977297,7.275900066127487,65,tilted,no_rain
2023-03-07 00:00:00+09:00,3.976345213838533,3.773444305243108,0.2029009085954246,0.0,0.7455567045454354,0.4932355681818188,0.948890851987829,0.9638800665533186,0.5218896931817948,0.3452648977272761,94.89730147449758,7.478800974722911,66,tilted,no_rain
2023-03-08 00:00:00+09:00,3.1811314840599247,3.0156212412078793,0.16551024285204533,0.0,0.7553378667355177,0.4991936828512409,0.9483300182124252,0.9635128913440649,0.5287365067148521,0.34943557799587155,94.79712662989922,7.644311217574956,67,tilted,no_rain
2023-03-09 00:00:00+09:00,6.166152254102409,5.97154154042483,0.19461071367757884,0.0,0.7651190289256,0.505151797520663,0.9477705129490014,0.9631464507350276,0.5355833202479093,0.353606258264467,96.84388731160341,7.838921931252536,68,tilted,no_rain
2023-03-10 00:00:00+09:00,6.396967710317937,6.205047605296604,0.19192010502133275,0.0,0.7749001911156823,0.5111099121900851,0.9472123209144993,0.9627807359394638,0.5424301337809666,0.35777693853306247,96.9998268912351,8.030842036273869,69,tilted,no_rain
2023-03-11 00:00:00+09:00,6.319534175878531,6.116773734276164,0.20276044160236725,0.0,0.7846813533057646,0.5170680268595071,0.9466554272665358,0.9624157383980496,0.5492769473140239,0.36194761880165793,96.79152867981475,8.233602477876236,70,tilted,no_rain
2023-03-12 00:00:00+09:00,5.476035620556404,5.191128797758894,0.28490682279751023,0.0,0.7944625154958469,0.5230261415289292,0.946099817585854,0.9620514497705753,0.5561237608470811,0.3661182990702534,94.79720654613708,8.518509300673745,71,tilted,no_rain
2023-03-13 00:00:00+09:00,3.3565552871522932,3.17257823519952,0.18397705195277309,0.0,0.8042436776859292,0.5289842561983513,0.9455454778596731,0.9616878619280345,0.5629705743801384,0.37028897933884886,94.51887318355898,8.702486352626519,72,tilted,no_rain
2023-03-14 00:00:00+09:00,5.466116094747272,5.167011364027417,0.29910473071985594,0.0,0.8140248398760115,0.5349423708677734,0.944992394465881,0.9613249669450827,0.5698173879131957,0.3744596596074443,94.52802089206844,9.001591083346375,73,tilted,no_rain
2023-03-15 00:00:00+09:00,6.187545966296962,5.919786736857486,0.26775922943947483,0.0,0.8238060020660938,0.5409004855371955,0.9444405541580189,0.9609627570928464,0.576664201446253,0.3786303398760398,95.6726102577995,9.26935031278585,74,tilted,no_rain
2023-03-16 00:00:00+09:00,5.834369881774096,5.5770335984255865,0.2573362833485094,0.0,0.8335871642561761,0.5468586002066176,0.9438899440510076,0.9606012248320598,0.5835110149793102,0.38280102014463524,95.58930461107036,9.52668659613436,75,tilted,no_rain
2023-03-17 00:00:00+09:00,3.8227200811883297,3.6053091648939604,0.21741091629436907,0.0,0.8433683264462577,0.5528167148760397,0.9433405516075714,0.9602403628065138,0.5903578285123675,0.3869717004132307,94.31266449865758,9.744097512428729,76,tilted,no_rain
2023-03-18 00:00:00+09:00,4.754965414290109,4.4832861394879515,0.27167927480215737,0.0,0.8531494886363393,0.5587748295454618,0.9427923646253179,0.9598801638367982,0.5972046420454248,0.39114238068182616,94.28640902443414,10.015776787230886,77,tilted,no_rain
2023-03-19 00:00:00+09:00,5.545932009163715,5.227230641167249,0.31870136799646626,0.0,0.862930650826421,0.5647329442148838,0.942245371224435,0.9595206209143201,0.604051455578482,0.3953130609504216,94.25342093141666,10.334478155227352,78,tilted,no_rain
2023-03-20 00:00:00+09:00,5.803390440135589,5.4668797875417745,0.33651065259381424,0.0,0.8727118130165026,0.5706910588843059,0.9416995598359681,0.9591617271955869,0.6108982691115393,0.3994837412190171,94.20148177061215,10.670988807821166,79,tilted,no_rain
2023-03-21 00:00:00+09:00,6.379532467077226,6.085269599723849,0.294262867353378,0.0,0.8824929752065842,0.576649173553728,0.9411549191906459,0.9588034759967352,0.6177450826445966,0.40365442148761255,95.38739133514915,10.965251675174544,80,tilted,no_rain
2023-03-22 00:00:00+09:00,6.050167927191247,5.693078987932981,0.3570889392582669,0.0,0.8922741373966658,0.5826072882231501,0.940611438308221,0.9584458607882966,0.6245918961776539,0.407825101756208,94.09786730623784,11.322340614432811,81,tilted,no_rain
2023-03-23 00:00:00+09:00,5.916497007656861,5.563971864218707,0.3525251434381536,0.0,0.9020552995867475,0.5885654028925722,0.9400691064872981,0.9580888751901846,0.6314387097107111,0.41199578202480347,94.0416577075602,11.674865757870965,82,tilted,no_rain
2023-03-24 00:00:00+09:00,6.035085264578414,5.672382559288105,0.3627027052903083,0.0,0.9118364617768291,0.5945235175619943,0.9395279132956216,0.9577325129668938,0.6382855232437684,0.41616646229339893,93.9900980783302,12.037568463161273,83,tilted,no_rain
2023-03-25 00:00:00+09:00,6.001126463692614,5.637164181919858,0.3639622817727559,0.0,0.9216176239669107,0.6004816322314164,0.9389878485607974,0.9573767680228981,0.6451323367768257,0.4203371425619944,93.93510061861281,12.401530744934028,84,tilted,no_rain
2023-03-26 00:00:00+09:00,5.9267475162297885,5.593821451531338,0.3329260646984506,0.0,0.9313987861569923,0.6064397469008385,0.9384489023614253,0.9570216343982396,0.651979150309883,0.42450782283058985,94.38265146630987,12.734456809632478,85,tilted,no_rain
2023-03-27 00:00:00+09:00,6.48880096029802,6.186069146321289,0.30273181397673116,0.0,0.941179948347074,0.6123978615702605,0.9379110650186194,0.9566671062642974,0.6588259638429402,0.4286785030991853,95.33454923599895,13.03718862360921,86,tilted,no_rain
2023-03-28 00:00:00+09:00,6.4473542827329835,6.113159509131371,0.33419477360161226,0.0,0.9509611105371556,0.6183559762396826,0.9373743270878957,0.9563131779197274,0.6656727773759975,0.4328491833677808,94.81655949174939,13.371383397210822,87,tilted,no_rain
2023-03-29 00:00:00+09:00,5.063437270858549,4.744454714375657,0.318982556482892,0.0,0.9607422727272372,0.6243140909091047,0.936838679351408,0.9559598437865652,0.6725195909090548,0.43701986363637624,93.70027632575358,13.690365953693714,88,tilted,no_rain
2023-03-30 00:00:00+09:00,5.277507911897266,4.970191410554764,0.3073165013425019,0.0,0.9705234349173189,0.6302722055785268,0.936304112810513,0.9556070984064836,0.679366404442112,0.4411905439049717,94.17686327575734,13.997682455036216,89,tilted,no_rain
2023-03-31 00:00:00+09:00,5.106879249962495,4.779499042788092,0.3273802071744035,0.0,0.9803045971074005,0.6362303202479489,0.9357706186786483,0.9552549364371972,0.6862132179751693,0.44536122417356716,93.58942729697775,14.32506266221062,90,tilted,no_rain
2023-04-01 00:00:00+09:00,5.725690226218025,5.363213449661414,0.36247677655661054,0.0,0.9900857592974821,0.642188434917371,0.935238188374506,0.9549033526490067,0.6930600315082266,0.4495319044421626,93.66929117302183,14.68753943876723,91,tilted,no_rain
2023-04-02 00:00:00+09:00,6.285023191962363,5.909037883827098,0.37598530813526493,0.0,0.9998669214875637,0.6481465495867931,0.9347068135154883,0.9545523419214779,0.6999068450412839,0.4537025847107581,94.01775782440873,15.063524746902495,92,tilted,no_rain
2023-04-03 00:00:00+09:00,6.462978710532662,6.129432230420246,0.33354648011241517,0.0,1.0096480836776454,0.6541046642562152,0.9341764859114302,0.9542018992402455,0.7067536585743411,0.45787326497935354,94.83912147863279,15.39707122701491,93,tilted,no_rain
2023-04-04 00:00:00+09:00,6.746502869771925,6.494441467364341,0.2520614024075842,0.0,1.019429245867727,0.6600627789256373,0.9336471975585745,0.9538520196939403,0.7136004721073984,0.462043945247949,96.26382131197248,15.649132629422494,94,tilted,no_rain
2023-04-05 00:00:00+09:00,6.6975031300287595,6.39589216168422,0.30161096834454004,0.0,1.0292104080578086,0.6660208935950593,0.9331189406337904,0.9535026984712301,0.7204472856404557,0.46621462551654447,95.49666551117768,15.950743597767035,95,tilted,no_rain
2023-04-06 00:00:00+09:00,6.374456054698597,6.040683105012767,0.3337729496858303,0.0,1.0389915702478902,0.6719790082644814,0.9325917074890188,0.9531539308579721,0.727294099173513,0.47038530578513993,94.76389911826584,16.284516547452867,96,tilted,no_rain
2023-04-07 00:00:00+09:00,6.009169369560943,5.6198862174776085,0.3892831520833336,0.0,1.0487727324379719,0.6779371229339035,0.9320654906459376,0.9528057122344689,0.7341409127065702,0.4745559860537354,93.52184756090878,16.6737996995362,97,tilted,no_rain
2023-04-08 00:00:00+09:00,6.637875240188996,6.326913608697418,0.3109616314915774,0.0,1.0585538946280535,0.6838952376033256,0.9315402827908336,0.952458038072826,0.7409877262396275,0.47872666632233085,95.31534383760541,16.984761331027777,98,tilted,no_rain
2023-04-09 00:00:00+09:00,6.27514812456514,5.942227438392402,0.33292068617273846,0.0,1.0683350568181351,0.6898533522727477,0.931016076769673,0.9521109039344051,0.7478345397726848,0.4828973465909263,94.69461629328777,17.317682017200514,99,tilted,no_rain
2023-04-10 00:00:00+09:00,5.713154808222512,5.317685320873798,0.3954694873487144,0.0,1.0781162190082167,0.6958114669421698,0.9304928655833598,0.951764305467368,0.754681353305742,0.4870680268595218,93.0779140313239,17.713151504549227,100,tilted,no_rain
2023-04-11 00:00:00+09:00,4.520888796444955,4.203950458618589,0.31693833782636577,0.0,1.0878973811982984,0.7017695816115919,0.9299706423831731,0.9514182384043086,0.7615281668387993,0.49123870712811724,92.98946839666587,18.03008984237559,101,tilted,no_rain
2023-04-12 00:00:00+09:00,5.4913279463292834,5.128645143657412,0.36268280267187175,0.0,1.09767854338838,0.707727696281014,0.9294494004663771,0.9510726985599691,0.7683749803718566,0.4954093873967127,93.39535343332919,18.392772645047465,102,tilted,no_rain
2023-04-13 00:00:00+09:00,6.285997100494066,5.935943665577643,0.35005343491642227,0.0,1.1074597055784616,0.713685810950436,0.928929133271994,0.950727681829035,0.7752217939049139,0.49958006766530816,94.43121863850511,18.742826079963887,103,tilted,no_rain
2023-04-14 00:00:00+09:00,6.51947660270346,6.12747055206983,0.3920060506336299,0.0,1.1172408677685433,0.7196439256198581,0.9284098343767313,0.9503831841840078,0.7820686074379711,0.5037507479339036,93.98715457509158,19.134832130597516,104,tilted,no_rain
2023-04-15 00:00:00+09:00,5.709281981594806,5.29919943820027,0.4100825433945364,0.0,1.1270220299586249,0.7256020402892802,0.9278914974910606,0.9500392016731507,0.7889154209710284,0.5079214282024991,92.81726590635158,19.544914673992054,105,tilted,no_rain
2023-04-16 00:00:00+09:00,6.224037027946858,5.776316976379261,0.44772005156759814,0.0,1.1368031921487065,0.7315601549587023,0.9273741164554361,0.9496957304185039,0.7957622345040857,0.5120921084710945,92.80659723653206,19.99263472555965,106,tilted,no_rain
2023-04-17 00:00:00+09:00,2.159012007291915,1.9974836463075596,0.16152836098435525,0.0,1.1465843543387881,0.7375182696281244,0.9268576852366509,0.9493527666139685,0.802609048037143,0.51626278873969,92.51841303157165,20.154163086544006,107,tilted,no_rain
2023-04-18 00:00:00+09:00,4.370661354908956,4.0477273108127685,0.3229340440961869,0.0,1.1563655165288698,0.7434763842975465,0.9263421979243215,0.9490103065234534,0.8094558615702002,0.5204334690082855,92.61132314143991,20.477097130640193,108,tilted,no_rain
2023-04-19 00:00:00+09:00,1.6401991048689326,1.5145449229920562,0.12565418187687644,0.0,1.1661466787189514,0.7494344989669686,0.9258276487274982,0.9486683464790847,0.8163026751032575,0.5246041492768809,92.33908971759149,20.602751312517068,109,tilted,no_rain
2023-04-20 00:00:00+09:00,2.9673633614747854,2.7429856987711876,0.22437766270359816,0.0,1.175927840909033,0.7553926136363907,0.9253140319713928,0.9483268828794751,0.8231494886363148,0.5287748295454764,92.43848375238812,20.827128975220667,110,tilted,no_rain
2023-04-21 00:00:00+09:00,6.341954314521252,5.907037108408741,0.43491720611251006,0.0,1.1857090030991146,0.7613507283058127,0.9248013420942214,0.9479859121880483,0.829996302169372,0.5329455098140718,93.14222107975966,21.262046181333176,111,tilted,no_rain
2023-04-22 00:00:00+09:00,4.531135982962193,4.1871422209792275,0.3439937619829657,0.0,1.1954901652891963,0.7673088429752348,0.9242895736441544,0.94764543093142,0.8368431157024293,0.5371161900826673,92.40822250145575,21.60603994331614,112,tilted,no_rain
2023-04-23 00:00:00+09:00,5.617490806835755,5.190140964555392,0.4273498422803629,0.0,1.205271327479278,0.7732669576446569,0.9237787212763728,0.9473054356978298,0.8436899292354866,0.5412868703512628,92.39251372231294,22.033389785596505,113,tilted,no_rain
2023-04-24 00:00:00+09:00,6.482971672194718,6.090193450151977,0.3927782220427404,0.0,1.2150524896693595,0.779225072314079,0.9232687797502227,0.946965923135624,0.8505367427685439,0.5454575506198582,93.941386112678,22.426168007639244,114,tilted,no_rain
2023-04-25 00:00:00+09:00,5.691278628054638,5.252690234423314,0.43858839363132446,0.0,1.2248336518594412,0.7851831869835011,0.9227597439264664,0.946626889951787,0.8573835563016011,0.5496282308884537,92.2936755991994,22.86475640127057,115,tilted,no_rain
2023-04-26 00:00:00+09:00,6.486791320432237,6.060067165523219,0.426724154909018,0.0,1.2346148140495228,0.7911413016529232,0.9222516087646254,0.9462883329105184,0.8642303698346584,0.5537989111570492,93.42164509647608,23.291480556179586,116,tilted,no_rain
2023-04-27 00:00:00+09:00,6.214035163585406,5.7298354236359295,0.484199739949476,0.0,1.2443959762396044,0.7970994163223453,0.9217443693204106,0.9459502488318552,0.8710771833677157,0.5579695914256446,92.20796588363525,23.77568029612906,117,tilted,no_rain
2023-04-28 00:00:00+09:00,6.442110607206467,5.965318678792196,0.4767919284142712,0.0,1.254177138429686,0.8030575309917674,0.921238020743238,0.945612634590337,0.8779239969007729,0.5621402716942401,92.59882424432595,24.252472224543332,118,tilted,no_rain
2023-04-29 00:00:00+09:00,6.345158610174701,5.849207430202664,0.495951179972037,0.0,1.2639583006197677,0.8090156456611894,0.9207325582738246,0.9452754871137118,0.8847708104338302,0.5663109519628355,92.18378593126482,24.748423404515368,119,tilted,no_rain
2023-04-30 00:00:00+09:00,5.821954631902387,5.358796405982681,0.4631582259197059,0.0,1.2737394628098493,0.8149737603306115,0.9202279772418631,0.9449388033816822,0.8916176239668875,0.570481632231431,92.04462667259975,25.211581630435074,120,tilted,no_rain
2023-05-01 00:00:00+09:00,5.896613958249014,5.443123252346113,0.45349070590290064,0.0,1.283520624999931,0.8209318750000336,0.91972427306377,0.9446025804246899,0.8984644374999448,0.5746523125000265,92.30930311677443,25.665072336337975,121,tilted,no_rain
2023-05-02 00:00:00+09:00,6.298696289776453,5.792073069776229,0.5066232200002242,0.0,1.2933017871900125,0.8268899896694557,0.9192214412405069,0.9442668153227357,0.905311251033002,0.5788229927686219,91.95669712123546,26.1716955563382,122,tilted,no_rain
2023-05-03 00:00:00+09:00,3.649579173640881,3.350562935795108,0.2990162378457729,0.0,1.3030829493800942,0.8328481043388778,0.9187194773554693,0.9439315052042365,0.9121580645660593,0.5829936730372174,91.80682967490004,26.470711794183973,123,tilted,no_rain
2023-05-04 00:00:00+09:00,3.2171783577452135,2.9511294572121645,0.266048900533049,0.0,1.3128641115701758,0.8388062190082999,0.9182183770724437,0.9435966472449158,0.9190048780991166,0.5871643533058128,91.73036521607364,26.736760694717024,124,tilted,no_rain
2023-05-05 00:00:00+09:00,3.6899024145510677,3.383894409718634,0.30600800483243384,0.0,1.3226452737602574,0.844764333677722,0.9177181361336263,0.9432622386667258,0.9258516916321738,0.5913350335744083,91.7068808208668,27.04276869954946,125,tilted,no_rain
2023-05-06 00:00:00+09:00,3.2694016366239005,2.996583718466545,0.2728179181573557,0.0,1.332426435950339,0.8507224483471441,0.9172187503577042,0.9429282767368037,0.9326985051652311,0.5955057138430038,91.65541745923035,27.315586617706813,126,tilted,no_rain
2023-05-07 00:00:00+09:00,6.433117530621341,5.909959043936518,0.5231584866848223,0.0,1.3422075981404207,0.8566805630165661,0.9167202156379956,0.942594758766456,0.9395453186982884,0.5996763941115992,91.86773000501526,27.838745104391634,127,tilted,no_rain
2023-05-08 00:00:00+09:00,5.872229377585704,5.381418820081147,0.4908105575045572,0.0,1.3519887603305023,0.8626386776859882,0.9162225279406464,0.9422616821101739,0.9463921322313457,0.6038470743801947,91.64183607374092,28.32955566189619,128,tilted,no_rain
2023-05-09 00:00:00+09:00,4.857904972692284,4.447798534000072,0.4101064386922114,0.0,1.361769922520584,0.8685967923554103,0.915725683302882,0.941929044164676,0.9532389457644029,0.6080177546487902,91.55795675301307,28.7396621005884,129,tilted,no_rain
2023-05-10 00:00:00+09:00,5.765436666721336,5.278080470869946,0.48735619585139045,0.0,1.3715510847106656,0.8745549070248324,0.9152296778313103,0.9415968423679789,0.9600857592974602,0.6121884349173856,91.54693349309588,29.22701829643979,130,tilted,no_rain
2023-05-11 00:00:00+09:00,4.73343795131993,4.328768424095095,0.4046695272248346,0.0,1.3813322469007472,0.8805130216942545,0.9147345077002776,0.9412650741984941,0.9669325728305175,0.6163591151859811,91.45083274806652,29.631687823664628,131,tilted,no_rain
2023-05-12 00:00:00+09:00,5.1181815982463,4.679029014527215,0.439152583719086,0.0,1.3911134090908288,0.8864711363636766,0.9142401691502715,0.9409337371741504,0.9737793863635748,0.6205297954545765,91.41975376822195,30.070840407383713,132,tilted,no_rain
2023-05-13 00:00:00+09:00,5.234474576548484,4.78250621401509,0.4519683625333945,0.0,1.4008945712809104,0.8924292510330987,0.9137466584863715,0.9406028288515409,0.980626199896632,0.624700475723172,91.36554479491973,30.52280876991711,133,tilted,no_rain
2023-05-14 00:00:00+09:00,6.084265969822103,5.557631478927416,0.5266344908946874,0.0,1.410675733470992,0.8983873657025208,0.9132539720767449,0.940272346825093,0.9874730134296893,0.6288711559917675,91.3443216732012,31.049443260811795,134,tilted,no_rain
2023-05-15 00:00:00+09:00,4.851168941886682,4.426929089832073,0.42423985205460907,0.0,1.4204568956610737,0.9043454803719428,0.9127621063511865,0.9399422887262631,0.9943198269627466,0.6330418362603629,91.25489429173298,31.473683112866404,135,tilted,no_rain
2023-05-16 00:00:00+09:00,6.09231204861747,5.558997152776703,0.5333148958407673,0.0,1.4302380578511555,0.9103035950413649,0.9122710577997005,0.9396126522227515,1.001166640495804,0.6372125165289584,91.24610014088506,32.00699800870717,136,tilted,no_rain
2023-05-17 00:00:00+09:00,5.273676556012307,4.807804262261567,0.46587229375074096,0.0,1.4400192200412372,0.916261709710787,0.911780822971123,0.9392834350177397,1.0080134540288612,0.6413831967975538,91.16608140824226,32.47287030245791,137,tilted,no_rain
2023-05-18 00:00:00+09:00,0.43204390609525234,0.38798932801189967,0.04405457808335269,0.0,1.4498003822313188,0.9222198243802091,0.911291398471783,0.9389546348491487,1.0148602675619185,0.6455538770661493,89.8032173439243,32.51692488054127,138,tilted,no_rain
2023-05-19 00:00:00+09:00,5.093792664626366,4.639142696806797,0.45464996781956935,0.0,1.4595815444214004,0.9281779390496312,0.9108027809642035,0.9386262494889158,1.0217070810949758,0.6497245573347448,91.07443121945525,32.97157484836084,139,tilted,no_rain
2023-05-20 00:00:00+09:00,5.897845022745155,5.369703521090743,0.5281415016544118,0.0,1.469362706611482,0.9341360537190533,0.9103149671658362,0.9382982767422933,1.028553894628033,0.6538952376033402,91.04517837247971,33.49971635001525,140,tilted,no_rain
2023-05-21 00:00:00+09:00,5.9242718640262675,5.390820003264541,0.5334518607617259,0.0,1.4791438688015637,0.9400941683884754,0.9098279538478334,0.9379707144471625,1.0354007081610903,0.6580659178719357,90.99548648330969,34.03316821077697,141,tilted,no_rain
2023-05-22 00:00:00+09:00,1.9567620799899486,1.7745516928059482,0.18221038718400023,0.0,1.4889250309916453,0.9460522830578975,0.9093417378338542,0.9376435604733692,1.0422475216941476,0.6622365981405312,90.68816852864727,34.21537859796097,142,tilted,no_rain
2023-05-23 00:00:00+09:00,0.48873059598797125,0.43878273911679966,0.049947856871171606,0.0,1.498706193181727,0.9520103977273195,0.9088563159989023,0.9373168127220741,1.0490943352272049,0.6664072784091266,89.78008389873735,34.26532645483214,143,tilted,no_rain
2023-05-24 00:00:00+09:00,0.4750999355140098,0.42566629172164605,0.04943364379236373,0.0,1.5084873553718086,0.9579685123967416,0.9083716852681961,0.936990469125122,1.0559411487602621,0.6705779586777221,89.59510618773679,34.314760098624504,144,tilted,no_rain
2023-05-25 00:00:00+09:00,2.3409054394694233,2.120616802987994,0.22028863648142935,0.0,1.5182685175618902,0.9639266270661637,0.9078878426160711,0.9366645276444253,1.0627879622933194,0.6747486389463175,90.58959696674638,34.53504873510593,145,tilted,no_rain
2023-05-26 00:00:00+09:00,3.2456991477590256,2.9409973205420084,0.3047018272170175,0.0,1.5280496797519718,0.9698847417355858,0.9074047850649092,0.9363389862713661,1.0696347758263767,0.678919319214913,90.612135834358,34.83975056232295,146,tilted,no_rain
2023-05-27 00:00:00+09:00,4.619598293469874,4.1876107408345415,0.4319875526353322,0.0,1.5378308419420534,0.9758428564050079,0.9069225096840992,0.9360138430262112,1.076481589359434,0.6830899994835085,90.64880699159541,35.27173811495828,147,tilted,no_rain
2023-05-28 00:00:00+09:00,2.9424693209359254,2.6626418027412155,0.2798275181947099,0.0,1.547612004132135,0.98180097107443,0.9064410135890237,0.9356890959575428,1.0833284028924912,0.6872606797521039,90.49004466406114,35.55156563315299,148,tilted,no_rain
2023-05-29 00:00:00+09:00,5.160545966840378,4.674474786677264,0.486071180163114,0.0,1.5573931663222167,0.9877590857438521,0.9059602939400742,0.9353647431417045,1.0901752164255485,0.6914313600206994,90.58101248808914,36.037636813316105,149,tilted,no_rain
2023-05-30 00:00:00+09:00,5.311930213359993,4.809204041135941,0.5027261722240511,0.0,1.5671743285122983,0.9937172004132742,0.9054803479416899,0.9350407826822598,1.0970220299586058,0.6956020402892948,90.53590404934822,36.540362985540156,150,tilted,no_rain
2023-05-31 00:00:00+09:00,3.978963063266861,3.5980022803289566,0.38096078293790403,0.0,1.57695549070238,0.9996753150826962,0.9050011728414249,0.9347172127094654,1.103868843491663,0.6997727205578903,90.425626554444,36.92132376847806,151,tilted,no_rain
2023-06-01 00:00:00+09:00,4.326391716455466,3.91078870365809,0.4156030127973756,0.0,1.5867366528924616,1.0056334297521183,0.9045227659290368,0.9343940313797566,1.1107156570247203,0.7039434008264858,90.39377291666342,37.33692678127544,152,tilted,no_rain
2023-06-02 00:00:00+09:00,5.720903874679255,5.172205195324666,0.5486986793545887,0.0,1.5965178150825432,1.0115915444215404,0.9040451245356007,0.934071236875246,1.1175624705577776,0.7081140810950812,90.40888133458888,37.885625460630024,153,tilted,no_rain
2023-06-03 00:00:00+09:00,1.108378502605334,0.9962926553560003,0.1120858472493337,0.0,1.6062989772726248,1.0175496590909625,0.9035682460326453,0.9337488274032345,1.1244092840908348,0.7122847613636767,89.88740335671733,37.99771130787936,154,tilted,no_rain
2023-06-04 00:00:00+09:00,5.953194336265543,5.377077502173634,0.5761168340919092,0.0,1.6160801394627065,1.0235077737603846,0.9030921278313118,0.933426801195734,1.1312560976238921,0.7164554416322721,90.32255959489962,38.57382814197126,155,tilted,no_rain
2023-06-05 00:00:00+09:00,5.683254607634015,5.12990571392932,0.5533488937046952,0.0,1.625861301652788,1.0294658884298067,0.9026167673815325,0.9331051565090018,1.1381029111569494,0.7206261219008676,90.26352095925088,39.127177035675956,156,tilted,no_rain
2023-06-06 00:00:00+09:00,4.600568145516173,4.1482462736762855,0.45232187183988815,0.0,1.6356424638428697,1.0354240030992288,0.9021421621712332,0.9327838916230864,1.1449497246900067,0.7247968021694631,90.16813016277713,39.57949890751584,157,tilted,no_rain
2023-06-07 00:00:00+09:00,4.7828758161209,4.310741210232332,0.4721346058885677,0.0,1.6454236260329513,1.0413821177686509,0.9016683097255525,0.932463004841384,1.151796538223064,0.7289674824380585,90.12864594357191,40.05163351340441,158,tilted,no_rain
2023-06-08 00:00:00+09:00,4.629126789339792,4.169908388613056,0.45921840072673603,0.0,1.655204788223033,1.047340232438073,0.9011952076060827,0.9321424944902058,1.1586433517561212,0.733138162706654,90.0798050771854,40.510851914131145,159,tilted,no_rain
2023-06-09 00:00:00+09:00,5.556865615346353,5.0048186891640585,0.5520469261822942,0.0,1.6649859504131146,1.053298347107495,0.9007228534101289,0.9318223589183552,1.1654901652891785,0.7373088429752495,90.06549799121089,41.06289884031344,160,tilted,no_rain
2023-06-10 00:00:00+09:00,2.656599274836857,2.3869247828781135,0.2696744919587436,0.0,1.674767112603197,1.0592564617769171,0.9002512447699864,0.9315025964967154,1.1723369788222358,0.7414795232438449,89.84888332564555,41.33257333227218,161,tilted,no_rain
2023-06-11 00:00:00+09:00,3.1857522905097437,2.8617798115173887,0.3239724789923547,0.0,1.68454827479328,1.0652145764463392,0.899780379352236,0.9311832056178466,1.179183792355293,0.7456502035124404,89.83058161937264,41.656545811264536,162,tilted,no_rain
2023-06-12 00:00:00+09:00,5.191451314241988,4.667816825282142,0.5236344889598454,0.0,1.694329436983363,1.0711726911157613,0.8993102548570564,0.9308641846955925,1.1860306058883503,0.7498208837810358,89.91352403665367,42.18018030022438,163,tilted,no_rain
2023-06-13 00:00:00+09:00,4.9798639723514135,4.474495959248322,0.5053680131030924,0.0,1.704110599173446,1.0771308057851834,0.8988408690175538,0.9305455321646956,1.1928774194214076,0.7539915640496313,89.85177073291692,42.68554831332747,164,tilted,no_rain
2023-06-14 00:00:00+09:00,3.724598025541088,3.342254650398357,0.38234337514273087,0.0,1.713891761363529,1.0830889204546055,0.8983722195991071,0.9302272464804223,1.1997242329544648,0.7581622443182268,89.73464055662258,43.067891688470205,165,tilted,no_rain
2023-06-15 00:00:00+09:00,1.234726804264754,1.1018961970405448,0.13283060722420914,0.0,1.723672923553612,1.0890470351240276,0.8979043043987289,0.9299093261181959,1.2065710464875221,0.7623329245868222,89.24210547908967,43.20072229569441,166,tilted,no_rain
2023-06-16 00:00:00+09:00,4.760924658431845,4.270495190907651,0.4904294675241939,0.0,1.7334540857436949,1.0950051497934497,0.897437121244443,0.9295917695732377,1.2134178600205794,0.7665036048554177,89.6988609837457,43.691151763218606,167,tilted,no_rain
2023-06-17 00:00:00+09:00,1.663780974537743,1.4864379014172795,0.1773430731204635,0.0,1.7432352479337778,1.1009632644628717,0.8969706679946742,0.9292745753602177,1.2202646735536367,0.7706742851240131,89.34096038874735,43.86849483633907,168,tilted,no_rain
2023-06-18 00:00:00+09:00,1.6968604627837522,1.5153831552467614,0.1814773075369909,0.0,1.7530164101238608,1.1069213791322938,0.8965049425376557,0.928957742012911,1.227111487086694,0.7748449653926086,89.30511308871728,44.04997214387606,169,tilted,no_rain
2023-06-19 00:00:00+09:00,5.682168314016265,5.091434114315481,0.5907341997007839,0.0,1.7627975723139437,1.112879493801716,0.8960399427908476,0.928641268083864,1.2339583006197512,0.7790156456612041,89.60371873808079,44.640706343576845,170,tilted,no_rain
2023-06-20 00:00:00+09:00,5.490391867686468,4.916434071159164,0.5739577965273042,0.0,1.7725787345040267,1.118837608471138,0.8955756667003714,0.928325152144067,1.2408051141528085,0.7831863259297995,89.54614150757953,45.21466414010415,171,tilted,no_rain
2023-06-21 00:00:00+09:00,5.419722551735831,4.850483473280168,0.569239078455664,0.0,1.7823598966941097,1.12479572314056,0.8951121122404552,0.9280093927826337,1.2476519276858657,0.787357006198395,89.4968963259319,45.783903218559814,172,tilted,no_rain
2023-06-22 00:00:00+09:00,4.8792957908024155,4.363245690153648,0.5160501006487676,0.0,1.7921410588841926,1.1307538378099822,0.8946492774128946,0.9276939886064898,1.254498741218923,0.7915276864669905,89.42367663748662,46.29995331920858,173,tilted,no_rain
2023-06-23 00:00:00+09:00,4.718404956868962,4.216865186245894,0.5015397706230692,0.0,1.8019222210742756,1.1367119524794043,0.8941871602465233,0.927378938240065,1.2613455547519803,0.7956983667355859,89.37056536673613,46.80149308983165,174,tilted,no_rain
2023-06-24 00:00:00+09:00,4.801923452865233,4.289374987397193,0.51254846546804,0.0,1.8117033832643585,1.1426700671488264,0.8937257587966984,0.9270642403249958,1.2681923682850376,0.7998690470041814,89.32618417392284,47.314041555299696,175,tilted,no_rain
2023-06-25 00:00:00+09:00,4.88145989494862,4.358393735291748,0.523066159656872,0.0,1.8214845454544415,1.1486281818182484,0.8932650711447944,0.9267498935198313,1.2750391818180948,0.8040397272727768,89.28463674979395,47.837107714956566,176,tilted,no_rain
2023-06-26 00:00:00+09:00,2.9050006218050948,2.588203996249795,0.31679662555529964,0.0,1.8312657076445245,1.1545862964876705,0.8928050953977121,0.9264358964997476,1.281885995351152,0.8082104075413723,89.09478286588282,48.153904340511865,177,tilted,no_rain
2023-06-27 00:00:00+09:00,4.643720127413322,4.1412083091371095,0.5025118182762123,0.0,1.8410468698346074,1.1605444111570926,0.8923458296873964,0.9261222479562671,1.2887328088842094,0.8123810878099678,89.1786799271186,48.656416158788076,178,tilted,no_rain
2023-06-28 00:00:00+09:00,4.390338895329723,3.9127910858258397,0.4775478095038833,0.0,1.8508280320246904,1.1665025258265147,0.8918872721703649,0.9258089465969848,1.2955796224172667,0.8165517680785632,89.12275747068453,49.13396396829196,179,tilted,no_rain
2023-06-29 00:00:00+09:00,3.86304515628122,3.439608316914835,0.423436839366385,0.0,1.8606091942147733,1.1724606404959368,0.8914294210272484,0.9254959911452995,1.302426435950324,0.8207224483471587,89.03878100731268,49.55740080765834,180,tilted,no_rain
2023-06-30 00:00:00+09:00,4.252839962969233,3.7858229678209105,0.46701699514832223,0.0,1.8703903564048563,1.1784187551653589,0.8909722744623404,0.9251833803401516,1.3092732494833812,0.8248931286157541,89.0187028147125,50.02441780280666,181,tilted,no_rain
2023-07-01 00:00:00+09:00,3.7403469898050212,3.326448891849421,0.4138980979556003,0.0,1.8801715185949393,1.184376869834781,0.8905158307031571,0.9248711129357656,1.3161200630164385,0.8290638088843496,88.93423259703572,50.43831590076226,182,tilted,no_rain
2023-07-02 00:00:00+09:00,4.4205527778252405,3.9316529474597903,0.48889983036545004,0.0,1.8899526807850222,1.190334984504203,0.8900600880000072,0.9245591877013989,1.3229668765494957,0.8332344891529451,88.94030102257999,50.92721573112771,183,tilted,no_rain
2023-07-03 00:00:00+09:00,3.3066040870946964,2.936615818239582,0.3699882688551143,0.0,1.8997338429751052,1.1962930991736251,0.889605044625571,0.9242476034210946,1.329813690082553,0.8374051694215405,88.81062688154482,51.29720399998283,184,tilted,no_rain
2023-07-04 00:00:00+09:00,3.3976722969827713,3.0163095935404356,0.3813627034423357,0.0,1.9095150051651881,1.2022512138430472,0.8891506988744882,0.9239363588934411,1.3366605036156103,0.841575849690136,88.77576557983545,51.67856670342516,185,tilted,no_rain
2023-07-05 00:00:00+09:00,0.5578281541533407,0.4885631965926514,0.06926495756068932,0.0,1.919296167355271,1.2082093285124693,0.8886970490629552,0.9236254529313352,1.3435073171486676,0.8457465299587315,87.58310116745216,51.74783166098585,186,tilted,no_rain
2023-07-06 00:00:00+09:00,0.5608230782385445,0.49150512837435595,0.06931794986418849,0.0,1.929077329545354,1.2141674431818914,0.8882440935283318,0.9233148843617514,1.3503541306817248,0.8499172102273269,87.63996123663364,51.81714961085004,187,tilted,no_rain
2023-07-07 00:00:00+09:00,5.1614951883135705,4.5806645201682334,0.5808306681453371,0.0,1.938858491735437,1.2201255578513135,0.8877918306287543,0.923004652025514,1.357200944214782,0.8540878904959224,88.74685247289528,52.39798027899538,188,tilted,no_rain
2023-07-08 00:00:00+09:00,5.287279315810272,4.690275218757449,0.5970040970528229,0.0,1.94863965392552,1.2260836725207356,0.8873402587427592,0.9226947547770764,1.3640477577478394,0.8582585707645178,88.70867110675177,52.9949843760482,189,tilted,no_rain
2023-07-09 00:00:00+09:00,4.348449083321615,3.8533447589581042,0.4951043243635107,0.0,1.958420816115603,1.2320417871901577,0.8868893762689134,0.922385191484303,1.3708945712808966,0.8624292510331133,88.61423199681761,53.49008870041171,190,tilted,no_rain
2023-07-10 00:00:00+09:00,2.717472458535033,2.403511271797984,0.3139611867370486,0.0,1.9682019783056859,1.2379999018595798,0.8864391816254524,0.922075961028256,1.377741384813954,0.8665999313017088,88.44657336816938,53.80404988714876,191,tilted,no_rain
2023-07-11 00:00:00+09:00,3.1417309218794243,2.7784324335455555,0.363298488333869,0.0,1.9779831404957688,1.2439580165290018,0.8859896732499272,0.9217670623029864,1.3845881983470112,0.8707706115703042,88.43635889363374,54.167348375482625,192,tilted,no_rain
2023-07-12 00:00:00+09:00,3.193521910313027,2.8224608440948176,0.3710610662182095,0.0,1.9877643026858518,1.249916131198424,0.8855408495988573,0.9214584942153302,1.3914350118800685,0.8749412918388997,88.38081977706432,54.538409441700836,193,tilted,no_rain
2023-07-13 00:00:00+09:00,1.34451013160325,1.1825817503797114,0.16192838122353845,0.0,1.9975454648759348,1.255874245867846,0.8850927091473915,0.921150255684707,1.3982818254131257,0.8791119721074951,87.95632867188226,54.700337822924375,194,tilted,no_rain
2023-07-14 00:00:00+09:00,1.214029025036053,1.0669487644278015,0.1470802606082515,0.0,2.0073266270660177,1.261832360537268,0.8846452503889763,0.9208423456429236,1.405128638946183,0.8832826523760906,87.88494693494798,54.847418083532624,195,tilted,no_rain
2023-07-15 00:00:00+09:00,1.2394368086970138,1.0894196382932684,0.15001717040374532,0.0,2.0171077892561007,1.2677904752066902,0.8841984718350303,0.9205347630339815,1.4119754524792403,0.8874533326446861,87.89634377879625,54.99743525393637,196,tilted,no_rain
2023-07-16 00:00:00+09:00,3.32750540421332,2.9354607165206335,0.39204468769268686,0.0,2.0268889514461836,1.2737485898761123,0.8837523720146255,0.9202275068138883,1.4188222660122976,0.8916240129132815,88.21806007598738,55.389479941629055,197,tilted,no_rain
2023-07-17 00:00:00+09:00,2.8949574686045203,2.551749578008467,0.34320789059605356,0.0,2.0366701136362666,1.2797067045455344,0.8833069494741757,0.9199205759504715,1.4256690795453548,0.895794693181877,88.14463098963962,55.73268783222511,198,tilted,no_rain
2023-07-18 00:00:00+09:00,1.8710526059161132,1.6446072123794013,0.22644539353671184,0.0,2.0464512758263496,1.2856648192149565,0.8828622027771306,0.919613969423198,1.432515893078412,0.8999653734504725,87.89743309083292,55.959133225761825,199,tilted,no_rain
2023-07-19 00:00:00+09:00,2.5405216259982373,2.2358193602132466,0.30470226578499066,0.0,2.0562324380164325,1.2916229338843785,0.8824181305036767,0.9193076862229953,1.4393627066114694,0.9041360537190679,88.0063108825037,56.263835491546814,200,tilted,no_rain
2023-07-20 00:00:00+09:00,3.9320788206660886,3.463743275671673,0.4683355449944154,0.0,2.0660136002065155,1.2975810485538006,0.8819747312504438,0.9190017253520772,1.4462095201445266,0.9083067339876634,88.08936528604276,56.73217103654123,201,tilted,no_rain
2023-07-21 00:00:00+09:00,4.5478821295054255,4.005904224441219,0.5419779050642073,0.0,2.0757947623965984,1.3035391632232227,0.8815320036302178,0.9186960858237727,1.453056333677584,0.9124774142562588,88.08285066255343,57.27414894160544,202,tilted,no_rain
2023-07-22 00:00:00+09:00,2.6200252514669993,2.302066697007021,0.3179585544599783,0.0,2.0855759245866814,1.3094972778926448,0.8810899462716589,0.9183907666623573,1.4599031472106412,0.9166480945248543,87.86429427418886,57.59210749606542,203,tilted,no_rain
2023-07-23 00:00:00+09:00,3.074240319752125,2.701565587090938,0.37267473266118695,0.0,2.0953570867767644,1.315455392562067,0.8806485578190257,0.918085766902889,1.4667499607436985,0.9208187747934498,87.87750162969577,57.964782228726605,204,tilted,no_rain
2023-07-24 00:00:00+09:00,4.417207624337439,3.8846494747433713,0.5325581495940678,0.0,2.1051382489668473,1.321413507231489,0.8802078369319049,0.9177810855910462,1.4735967742767557,0.9249894550620452,87.94355631689491,58.49734037832067,205,tilted,no_rain
2023-07-25 00:00:00+09:00,4.468130015067158,3.927540659116434,0.5405893559507241,0.0,2.1149194111569303,1.327371621900911,0.8797677822849456,0.9174767217829694,1.480443587809813,0.9291601353306407,87.90121697157915,59.037929734271394,206,tilted,no_rain
2023-07-26 00:00:00+09:00,5.156913111133665,4.532942564029229,0.6239705471044359,0.0,2.1247005733470132,1.3333297365703332,0.8793283925676001,0.9171726745451046,1.4872904013428703,0.9333308155992361,87.90030908689741,59.66190028137583,207,tilted,no_rain
2023-07-27 00:00:00+09:00,5.01097984280791,4.4019614044871,0.6090184383208108,0.0,2.134481735537096,1.3392878512397552,0.8788896664838693,0.9168689429540524,1.4941372148759275,0.9375014958678316,87.84632033204215,60.27091871969664,208,tilted,no_rain
2023-07-28 00:00:00+09:00,4.397319525370545,3.859281205611517,0.5380383197590285,0.0,2.144262897727179,1.3452459659091773,0.878451602752052,0.9165655260964164,1.5009840284089848,0.9416721761364271,87.76440245802493,60.80895703945567,209,tilted,no_rain
2023-07-29 00:00:00+09:00,4.828679102486528,4.237195472419619,0.5914836300669095,0.0,2.154044059917262,1.3512040805785994,0.8780142001045008,0.9162624230686568,1.507830841942042,0.9458428564050225,87.75061217544308,61.40044066952258,210,tilted,no_rain
2023-07-30 00:00:00+09:00,3.2948350866077893,2.885772466815022,0.40906261979276737,0.0,2.163825222107345,1.3571621952480215,0.8775774572873816,0.915959632976946,1.5146776554750994,0.950013536673618,87.58473158625006,61.80950328931535,211,tilted,no_rain
2023-07-31 00:00:00+09:00,4.3005265227491485,3.7683434148870125,0.5321831078621357,0.0,2.173606384297428,1.3631203099174436,0.8771413730604383,0.9156571549370274,1.5215244690081566,0.9541842169422134,87.62516391779084,62.34168639717749,212,tilted,no_rain
2023-08-01 00:00:00+09:00,4.089569149673562,3.580875162465436,0.5086939872081268,0.0,2.183387546487511,1.3690784245868657,0.8767059461967619,0.9153549880740748,1.528371282541214,0.9583548972108089,87.56118386581797,62.850380384385616,213,tilted,no_rain
2023-08-02 00:00:00+09:00,2.2101234909587784,1.9293589506080577,0.28076454035072046,0.0,2.193168708677594,1.3750365392562878,0.8762711754825637,0.9150531315225574,1.5352180960742712,0.9625255774794044,87.29643200937511,63.13114492473634,214,tilted,no_rain
2023-08-03 00:00:00+09:00,4.344344321524593,3.8020123358071984,0.5423319857173945,0.0,2.202949870867677,1.3809946539257099,0.8758370597169535,0.9147515844261053,1.5420649096073284,0.9666962577479998,87.516367359964,63.673476910453736,215,tilted,no_rain
2023-08-04 00:00:00+09:00,2.7581880495327424,2.4081232821761462,0.35006476735659614,0.0,2.21273103305776,1.386952768595132,0.8754035977117213,0.9144503459373767,1.5489117231403857,0.9708669380165953,87.30816169637528,64.02354167781033,216,tilted,no_rain
2023-08-05 00:00:00+09:00,2.058160825459058,1.7943573428965847,0.26380348256247316,0.0,2.222512195247843,1.392910883264554,0.8749707882911237,0.9141494152179305,1.555758536673443,0.9750376182851908,87.18256225173104,64.28734516037281,217,tilted,no_rain
2023-08-06 00:00:00+09:00,1.9978975052012211,1.7402461627868875,0.25765134241433363,0.0,2.232293357437926,1.3988689979339761,0.8745386302916742,0.9138487914380974,1.5626053502065003,0.9792082985537862,87.10387586232137,64.54499650278714,218,tilted,no_rain
2023-08-07 00:00:00+09:00,3.765421247700279,3.2869360514670865,0.47848519623319286,0.0,2.2420745196280087,1.4048271126033982,0.8741071225619368,0.9135484737768567,1.5694521637395575,0.9833789788223817,87.29265161167756,65.02348169902034,219,tilted,no_rain
2023-08-08 00:00:00+09:00,4.473564339976829,3.9055857527766475,0.5679785872001807,0.0,2.2518556818180917,1.4107852272728203,0.873676263962325,0.9132484614217129,1.5762989772726148,0.9875496590909771,87.30366785776187,65.59146028622052,220,tilted,no_rain
2023-08-09 00:00:00+09:00,3.9508511618258675,3.4464110598750457,0.5044401019508216,0.0,2.2616368440081747,1.4167433419422424,0.8732460533649029,0.9129487535685756,1.583145790805672,0.9917203393595726,87.23211578242048,66.09590038817134,221,tilted,no_rain
2023-08-10 00:00:00+09:00,3.5254188349739515,3.072319077182094,0.4530997577918576,0.0,2.2714180061982576,1.4227014566116645,0.8728164896531907,0.9126493494216414,1.5899926043387294,0.9958910196281681,87.14763326000086,66.5490001459632,222,tilted,no_rain
2023-08-11 00:00:00+09:00,4.8549238802703805,4.233473184844774,0.6214506954256068,0.0,2.2811991683883406,1.4286595712810866,0.872387571721974,0.9123502481932779,1.5968394178717866,1.0000616998967635,87.19957900985676,67.17045084138881,223,tilted,no_rain
2023-08-12 00:00:00+09:00,5.005028922338757,4.362620679058142,0.6424082432806142,0.0,2.2909803305784235,1.4346176859505086,0.8719592984771167,0.912051449103909,1.603686231404844,1.004232380165359,87.16474463487357,67.81285908466943,224,tilted,no_rain
2023-08-13 00:00:00+09:00,4.526754543015605,3.942410014278775,0.5843445287368305,0.0,2.3007614927685065,1.4405758006199307,0.8715316688353764,0.9117529513819034,1.6105330449379012,1.0084030604339544,87.09131402676948,68.39720361340626,225,tilted,no_rain
2023-08-14 00:00:00+09:00,4.254235577847621,3.702482509607458,0.5517530682401632,0.0,2.3105426549585895,1.4465339152893528,0.8711046817242243,0.9114547542634642,1.6173798584709584,1.01257374070255,87.03050035326638,68.94895668164642,226,tilted,no_rain
2023-08-15 00:00:00+09:00,4.176479611590085,3.63304591583878,0.5434336957513046,0.0,2.3203238171486724,1.452492029958775,0.8706783360816678,0.9111568569925208,1.6242266720040157,1.0167444209711454,86.98823539702599,69.49239037739773,227,tilted,no_rain
2023-08-16 00:00:00+09:00,3.6566717526000945,3.1777366108123206,0.47893514178777397,0.0,2.3301049793387554,1.458450144628197,0.8702526308560765,0.9108592588206219,1.631073485537073,1.0209151012397408,86.90243001857564,69.9713255191855,228,tilted,no_rain
2023-08-17 00:00:00+09:00,4.2938684487986665,3.7315810703252423,0.5622873784734239,0.0,2.3398861415288383,1.464408259297619,0.8698275650060114,0.9105619590068319,1.6379202990701303,1.0250857815083363,86.90487644932998,70.53361289765893,229,tilted,no_rain
2023-08-18 00:00:00+09:00,4.465815924957566,3.8796937784832615,0.5861221464743042,0.0,2.3496673037189213,1.4703663739670412,0.869403137500057,0.9102649568176274,1.6447671126031875,1.0292564617769318,86.87536261405863,71.11973504413324,230,tilted,no_rain
2023-08-19 00:00:00+09:00,4.9479642720570896,4.298029204249118,0.6499350678079716,0.0,2.3594484659090043,1.4763244886364633,0.8689793473166564,0.9099682515267962,1.6516139261362448,1.0334271420455272,86.86459658816888,71.76967011194121,231,tilted,no_rain
2023-08-20 00:00:00+09:00,5.000251655848137,4.341395501768104,0.6588561540800333,0.0,2.369229628099087,1.4822826033058853,0.8685561934439495,0.9096718424153383,1.658460739669302,1.0375978223141227,86.8235401050374,72.42852626602124,232,tilted,no_rain
2023-08-21 00:00:00+09:00,5.015744855334823,4.352566956432639,0.6631778989021841,0.0,2.37901079028917,1.4882407179753074,0.8681336748796146,0.9093757287713681,1.6653075532023593,1.0417685025827181,86.77807747344211,73.09170416492343,233,tilted,no_rain
2023-08-22 00:00:00+09:00,3.912181234865801,3.3904033226117,0.5217779122541008,0.0,2.388791952479253,1.4941988326447295,0.8677117906307114,0.9090799098900182,1.6721543667354166,1.0459391828513136,86.6627366952237,73.61348207717752,234,tilted,no_rain
2023-08-23 00:00:00+09:00,1.5171102060181783,1.3095661987926237,0.20754400722555455,0.0,2.398573114669336,1.5001569473141516,0.8672905397135282,0.9087843850733451,1.679001180268474,1.050109863119909,86.31978043504984,73.82102608440307,235,tilted,no_rain
2023-08-24 00:00:00+09:00,5.264058571983775,4.562310004595742,0.7017485673880336,0.0,2.408354276859419,1.5061150619835737,0.8668699211534316,0.908489153630237,1.6858479938015312,1.0542805433885045,86.66905852600387,74.52277465179111,236,tilted,no_rain
2023-08-25 00:00:00+09:00,5.093946250043299,4.4124223433322305,0.6815239067110686,0.0,2.418135439049502,1.5120731766529958,0.8664499339847176,0.9081942148763211,1.6926948073345884,1.0584512236571,86.62090502613223,75.20429855850217,237,tilted,no_rain
2023-08-26 00:00:00+09:00,4.704412778322696,4.0725409949546485,0.6318717833680467,0.0,2.427916601239585,1.5180312913224179,0.8660305772504672,0.9078995681338754,1.6995416208676457,1.0626219039256954,86.56853016215695,75.83617034187021,238,tilted,no_rain
2023-08-27 00:00:00+09:00,4.271532656200123,3.6946804114402414,0.5768522447598815,0.0,2.437697763429668,1.52398940599184,0.8656118500024027,0.9076052127317392,1.706388434400703,1.066792584194291,86.49542702377373,76.41302258663009,239,tilted,no_rain
2023-08-28 00:00:00+09:00,4.552582209329801,3.9368885699400353,0.6156936393897648,0.0,2.447478925619751,1.529947520661262,0.8651937513007483,0.9073111480052272,1.7132352479337603,1.0709632644628864,86.47594681260234,77.02871622601985,240,tilted,no_rain
2023-08-29 00:00:00+09:00,0.5069605304915417,0.43043209952329553,0.07652843096824614,0.0,2.457260087809834,1.5359056353306841,0.8647762802140913,0.907017373296043,1.7200820614668175,1.0751339447314818,84.90445974284324,77.1052446569881,241,tilted,no_rain
2023-08-30 00:00:00+09:00,5.009425420461124,4.329010192527276,0.6804152279338483,0.0,2.467041249999917,1.5418637500001062,0.864359435819247,0.9067238879521963,1.7269288749998748,1.0793046250000773,86.41729997307327,77.78565988492196,242,tilted,no_rain
2023-08-31 00:00:00+09:00,3.6237446937154685,3.1265516890505953,0.49719300466487315,0.0,2.4768224121899998,1.5478218646695283,0.8639432172011259,0.9064306913279194,1.733775688532932,1.0834753052686728,86.27957964237555,78.28285288958683,243,tilted,no_rain
2023-09-01 00:00:00+09:00,5.679390396919766,4.9053540889259715,0.7740363079937946,0.0,2.4866035743800827,1.5537799793389504,0.8635276234526021,0.9061377827835859,1.7406225020659893,1.0876459855372682,86.37113750071495,79.05688919758063,244,tilted,no_rain
2023-09-02 00:00:00+09:00,5.051506604835181,4.35932878605822,0.6921778187769606,0.0,2.4963847365701657,1.5597380940083725,0.8631126536743852,0.9058451616856313,1.7474693155990466,1.0918166658058637,86.29759648112852,79.74906701635759,245,tilted,no_rain
2023-09-03 00:00:00+09:00,5.103917027569532,4.402340133915197,0.7015768936543352,0.0,2.5061658987602486,1.5656962086777946,0.8626983069748935,0.9055528274064735,1.7543161291321039,1.0959873460744591,86.25414774839271,80.45064391001192,246,tilted,no_rain
2023-09-04 00:00:00+09:00,5.103504429700738,4.400084405148299,0.7034200245524399,0.0,2.5159470609503316,1.5716543233472167,0.86228458247013,0.9052607793244358,1.7611629426651612,1.1001580263430546,86.21692144600162,81.15406393456436,247,tilted,no_rain
2023-09-05 00:00:00+09:00,1.0168812790955493,0.8684419260172173,0.1484393530783319,0.0,2.5257282231404146,1.5776124380166388,0.8618714792835601,0.9049690168236708,1.7680097561982184,1.10432870661165,85.40248934365678,81.3025032876427,248,tilted,no_rain
2023-09-06 00:00:00+09:00,0.8409179381531564,0.7170280769269296,0.1238898612262268,0.0,2.5355093853304975,1.5835705526860608,0.8614589965459919,0.9046775392940847,1.7748565697312757,1.1084993868802455,85.26730664132144,81.42639314886893,249,tilted,no_rain
2023-09-07 00:00:00+09:00,3.7842351645930994,3.2544334983604286,0.5298016662326704,0.0,2.5452905475205805,1.589528667355483,0.8610471333954571,0.9043863461312642,1.781703383264333,1.112670067148841,85.99976895755003,81.9561948151016,250,tilted,no_rain
2023-09-08 00:00:00+09:00,4.368117544632617,3.7572279475622032,0.6108895970704137,0.0,2.5550717097106634,1.595486782024905,0.8606358889770963,0.9040954367364036,1.7885501967973902,1.1168407474174364,86.0148086486122,82.56708441217201,251,tilted,no_rain
2023-09-09 00:00:00+09:00,3.7486713948473556,3.220705540022425,0.5279658548249304,0.0,2.5648528719007464,1.601444896694327,0.8602252624430435,0.9038048105162327,1.7953970103304475,1.121011427686032,85.91592062322046,83.09505026699694,252,tilted,no_rain
2023-09-10 00:00:00+09:00,1.960090564242436,1.679045541937651,0.281045022304785,0.0,2.5746340340908294,1.6074030113637492,0.8598152529523151,0.9035144668829477,1.8022438238635048,1.1251821079546274,85.66163077197369,83.37609528930172,253,tilted,no_rain
2023-09-11 00:00:00+09:00,2.848256618763234,2.4422360101781417,0.40602060858509237,0.0,2.5844151962809123,1.6133611260331713,0.8594058596706986,0.9032244052541403,1.809090637396562,1.1293527882232228,85.7449428569609,83.78211589788681,254,tilted,no_rain
2023-09-12 00:00:00+09:00,5.441189309989738,4.67397150801269,0.7672178019770493,0.0,2.5941963584709953,1.6193192407025934,0.8589970817706447,0.9029346250527306,1.8159374509296193,1.1335234684918183,85.89981420847687,84.54933369986387,255,tilted,no_rain
2023-09-13 00:00:00+09:00,6.040391957362852,5.188278818412063,0.852113138950789,0.0,2.6039775206610782,1.6252773553720155,0.8585889184311603,0.9026451257068996,1.8227842644626766,1.1376941487604137,85.89308202239894,85.40144683881465,256,tilted,no_rain
2023-09-14 00:00:00+09:00,5.7568845225139516,4.941495399747217,0.8153891227667335,0.0,2.613758682851161,1.6312354700414375,0.8581813688377034,0.902355906650023,1.8296310779957339,1.1418648290290092,85.83627794551167,86.21683596158138,257,tilted,no_rain
2023-09-15 00:00:00+09:00,5.319475959300893,4.562881691442485,0.7565942678584087,0.0,2.623539845041244,1.6371935847108596,0.8577744321820802,0.9020669673206061,1.8364778915287912,1.1460355092976047,85.77690220527207,86.97343022943978,258,tilted,no_rain
2023-09-16 00:00:00+09:00,5.449164763081887,4.672134487432381,0.7770302756495062,0.0,2.633321007231327,1.6431516993802817,0.8573681076623434,0.9017783071622196,1.8433247050618484,1.1502061895662001,85.74037839865132,87.7504605050893,259,tilted,no_rain
2023-09-17 00:00:00+09:00,5.550707946299001,4.757539082871785,0.7931688634272155,0.0,2.64310216942141,1.6491098140497038,0.8569623944826924,0.9014899256234367,1.8501715185949057,1.1543768698347956,85.71049186696861,88.5436293685165,260,tilted,no_rain
2023-09-18 00:00:00+09:00,4.975633589163234,4.261102400488865,0.7145311886743687,0.0,2.652883331611493,1.655067928719126,0.856557291853375,0.9012018221577706,1.857018332127963,1.158547550103391,85.63939293619623,89.25816055719088,261,tilted,no_rain
2023-09-19 00:00:00+09:00,3.8543958045893834,3.296122829751214,0.5582729748381695,0.0,2.662664493801576,1.661026043388548,0.856152798990591,0.9009139962236136,1.8638651456610202,1.1627182303719865,85.51594067808395,89.81643353202905,262,tilted,no_rain
2023-09-20 00:00:00+09:00,6.09451032400806,5.2176875436811665,0.876822780326894,0.0,2.672445655991659,1.66698415805797,0.8557489151163966,0.9006264472841763,1.8707119591940775,1.166888910640582,85.6129084419985,90.69325631235594,263,tilted,no_rain
2023-09-21 00:00:00+09:00,5.614694013195838,4.803834533927175,0.8108594792686633,0.0,2.682226818181742,1.6729422727273922,0.8553456394586112,0.9003391748074289,1.8775587727271348,1.1710595909091774,85.55826056837728,91.5041157916246,264,tilted,no_rain
2023-09-22 00:00:00+09:00,5.375978114379632,4.596803261343858,0.7791748530357733,0.0,2.692007980371825,1.6789003873968142,0.8549429712507257,0.9000521782660419,1.884405586260192,1.175230271177773,85.50636114102396,92.28329064466037,265,tilted,no_rain
2023-09-23 00:00:00+09:00,3.321175486061612,2.833861627960654,0.4873138581009582,0.0,2.701789142561908,1.6848585020662363,0.8545409097318113,0.8997654571373291,1.8912523997932493,1.1794009514463684,85.3270668729753,92.77060450276133,266,tilted,no_rain
2023-09-24 00:00:00+09:00,2.6810828524915564,2.2845481640572887,0.39653468843426753,0.0,2.711570304751991,1.6908166167356584,0.8541394541464311,0.8994790109031906,1.8980992133263066,1.1835716317149638,85.20990546540685,93.1671391911956,267,tilted,no_rain
2023-09-25 00:00:00+09:00,5.097587588641525,4.3520938707542145,0.7454937178873104,0.0,2.7213514669420737,1.6967747314050805,0.853738603744552,0.8991928390500565,1.9049460268593639,1.1877423119835593,85.37555843967401,93.91263290908292,268,tilted,no_rain
2023-09-26 00:00:00+09:00,5.136099858542989,4.383003421368177,0.7530964371748123,0.0,2.7311326291321567,1.7027328460745026,0.8533383577814584,0.8989069410688325,1.9117928403924211,1.1919129922521547,85.33719246283404,94.66572934625773,269,tilted,no_rain
2023-09-27 00:00:00+09:00,2.394887415514394,2.036750741028762,0.35813667448563224,0.0,2.7409137913222397,1.7086909607439247,0.8529387155176678,0.8986213164548451,1.9186396539254784,1.1960836725207502,85.04578243780581,95.02386602074337,270,tilted,no_rain
2023-09-28 00:00:00+09:00,5.6633953630534855,4.829928532771824,0.8334668302816622,0.0,2.7506949535123226,1.7146490754133468,0.8525396762188467,0.898335964707788,1.9254864674585357,1.2002543527893457,85.28326601178188,95.85733285102503,271,tilted,no_rain
2023-09-29 00:00:00+09:00,5.6864916029560355,4.847697400488533,0.8387942024675021,0.0,2.7604761157024056,1.7206071900827689,0.8521412391557289,0.89805088533167,1.932333280991593,1.2044250330579411,85.24935476856295,96.69612705349253,272,tilted,no_rain
2023-09-30 00:00:00+09:00,3.9003331579753007,3.318559096503826,0.5817740614714747,0.0,2.7702572778924885,1.726565304752191,0.8517434036040342,0.8977660778347624,1.9391800945246502,1.2085957133265366,85.0839905744493,97.27790111496401,273,tilted,no_rain
2023-10-01 00:00:00+09:00,3.750118327685038,3.1896274229884067,0.5604909046966311,0.0,2.7800384400825715,1.732523419421613,0.8513461688443891,0.8974815417295482,1.9460269080577075,1.212766393595132,85.0540474800798,97.83839201966065,274,tilted,no_rain
2023-10-02 00:00:00+09:00,0.9092113796708888,0.7658398572110791,0.1433715224598097,0.0,2.7898196022726545,1.7384815340910351,0.8509495341622481,0.8971972765326717,1.9528737215907648,1.2169370738637275,84.23122217061267,97.98176354212046,275,tilted,no_rain
2023-10-03 00:00:00+09:00,4.0580820013363965,3.449064703986045,0.6090172973503516,0.0,2.7996007644627374,1.7444396487604572,0.8505534988478167,0.8969132817648883,1.959720535123822,1.221107754132323,84.99248420436571,98.59078083947081,276,tilted,no_rain
2023-10-04 00:00:00+09:00,5.337790182771977,4.538842354357546,0.798947828414431,0.0,2.8093819266528204,1.7503977634298793,0.8501580621959759,0.8966295569510161,1.9665673486568793,1.2252784344009184,85.03223616782314,99.38972866788524,277,tilted,no_rain
2023-10-05 00:00:00+09:00,5.677156058368816,4.82599697506887,0.8511590832999458,0.0,2.8191630888429033,1.7563558780993014,0.8497632235062065,0.8963461016198874,1.9734141621899366,1.229449114669514,85.00729811636525,100.24088775118518,278,tilted,no_rain
2023-10-06 00:00:00+09:00,4.969609497712822,4.221131232582165,0.748478265130657,0.0,2.8289442510329863,1.7623139927687235,0.8493689820825163,0.8960629153043008,1.9802609757229939,1.2336197949381094,84.93889176855582,100.98936601631584,279,tilted,no_rain
2023-10-07 00:00:00+09:00,5.2275010731141025,4.438345377154103,0.7891556959600006,0.0,2.8387254132230693,1.7682721074381456,0.8489753372333675,0.8957799975409748,1.9871077892560511,1.2377904752067048,84.90376788215774,101.77852171227585,280,tilted,no_rain
2023-10-08 00:00:00+09:00,4.956595455310883,4.2057928856898705,0.7508025696210128,0.0,2.848506575413152,1.7742302221075676,0.848582288271605,0.8954973478705013,1.9939546027891084,1.2419611554753003,84.8524541413493,102.52932428189686,281,tilted,no_rain
2023-10-09 00:00:00+09:00,5.381556073157573,4.56531144899517,0.8162446241624028,0.0,2.8582877376032356,1.7801883367769897,0.8481898345143868,0.8952149658372995,2.000801416322166,1.2461318357438957,84.83255376202966,103.34556890605927,282,tilted,no_rain
2023-10-10 00:00:00+09:00,5.623365313911886,4.769088918258009,0.8542763956538775,0.0,2.868068899793324,1.7861464514464118,0.8477979752831143,0.8949328509895722,2.0076482298552287,1.2503025160124912,84.80844924763386,104.19984530171315,283,tilted,no_rain
2023-10-11 00:00:00+09:00,5.7175538803622326,4.847055655578865,0.8704982247833681,0.0,2.877850061983412,1.792104566115834,0.8474067099033645,0.8946510028792602,2.0144950433882913,1.2544731962810867,84.77498869274814,105.07034352649652,284,tilted,no_rain
2023-10-12 00:00:00+09:00,5.4794462426456345,4.642435334434186,0.8370109082114487,0.0,2.8876312241735005,1.798062680785256,0.8470160377048233,0.8943694210619993,2.021341856921354,1.2586438765496821,84.72453472219273,105.90735443470797,285,tilted,no_rain
2023-10-13 00:00:00+09:00,5.35906116337387,4.538194949551007,0.8208662138228623,0.0,2.8974123863635888,1.804020795454678,0.8466259580212188,0.894088105097077,2.0281886704544165,1.2628145568182776,84.68264890438245,106.72822064853084,286,tilted,no_rain
2023-10-14 00:00:00+09:00,5.663771265731056,4.794624732077449,0.8691465336536072,0.0,2.907193548553677,1.8099789101241002,0.8462364701902565,0.8938070545473903,2.035035483987479,1.266985237086873,84.65427905056082,107.59736718218444,287,tilted,no_rain
2023-10-15 00:00:00+09:00,4.911864155500274,4.154102962446439,0.7577611930538353,0.0,2.9169747107437654,1.8159370247935223,0.845847573553556,0.8935262689794031,2.0418822975205417,1.2711559173554685,84.57283896572548,108.35512837523828,288,tilted,no_rain
2023-10-16 00:00:00+09:00,5.070876709820207,4.287638748896534,0.7832379609236726,0.0,2.9267558729338536,1.8218951394629443,0.8454592674565871,0.8932457479631059,2.0487291110536043,1.275326597624064,84.5541904143151,109.13836633616195,289,tilted,no_rain
2023-10-17 00:00:00+09:00,5.62406440799996,4.754426285160675,0.8696381228392849,0.0,2.936537035123942,1.8278532541323664,0.845071551248608,0.8929654910719741,2.055575924586667,1.2794972778926594,84.53719481586543,110.00800445900124,290,tilted,no_rain
2023-10-18 00:00:00+09:00,5.409742076195429,4.570448473965907,0.8392936022295213,0.0,2.94631819731403,1.8338113688017885,0.8446844242826046,0.8926854978829287,2.0624227381197295,1.283667958161255,84.48551538302208,110.84729806123076,291,tilted,no_rain
2023-10-19 00:00:00+09:00,4.430756962674902,3.7394263833927,0.691330579282202,0.0,2.9560993595041185,1.8397694834712106,0.8442978859152295,0.892405767976296,2.069269551652792,1.2878386384298504,84.39700969594962,111.53862864051297,292,tilted,no_rain
2023-10-20 00:00:00+09:00,0.3935523886162531,0.3251001323540469,0.06845225626220616,0.0,2.965880521694207,1.8457275981406327,0.8439119355067438,0.8921263009357688,2.0761163651858547,1.2920093186984458,82.60657075341679,111.60708089677517,293,tilted,no_rain
2023-10-21 00:00:00+09:00,0.18560104940549063,0.1492933654764074,0.03630768392908324,0.0,2.975661683884295,1.8516857128100548,0.8435265724209573,0.8918470963483678,2.0829631787189173,1.2961799989670413,80.43778090405067,111.64338858070425,294,tilted,no_rain
2023-10-22 00:00:00+09:00,4.996191498187088,4.212653320977217,0.7835381772098706,0.0,2.9854428460743834,1.8576438274794769,0.8431417960251725,0.8915681538044037,2.08980999225198,1.3003506792356367,84.31729093061816,112.42692675791413,295,tilted,no_rain
2023-10-23 00:00:00+09:00,5.052271359493021,4.258203776092343,0.794067583400678,0.0,2.9952240082644717,1.863601942148899,0.8427576056901266,0.8912894728974395,2.0966568057850425,1.3045213595042322,84.28295855667656,113.2209943413148,296,tilted,no_rain
2023-10-24 00:00:00+09:00,3.999270413346057,3.3658716772703023,0.6333987360757546,0.0,3.00500517045456,1.869560056818321,0.8423740007899366,0.8910110532242538,2.103503619318105,1.3086920397728277,84.16214282580079,113.85439307739055,297,tilted,no_rain
2023-10-25 00:00:00+09:00,3.6987770706462424,3.1105548675034376,0.5882222031428048,0.0,3.0147863326446482,1.8755181714877431,0.841990980702044,0.8907328943848039,2.1103504328511677,1.3128627200414231,84.0968462843847,114.44261528053336,298,tilted,no_rain
2023-10-26 00:00:00+09:00,1.929256736166741,1.6173348722186,0.31192186394814087,0.0,3.0245674948347365,1.8814762861571652,0.8416085448071606,0.89045499598219,2.1171972463842303,1.3170334003100186,83.8320189272527,114.7545371444815,299,tilted,no_rain
2023-10-27 00:00:00+09:00,5.2859812932236965,4.447950931330263,0.8380303618934332,0.0,3.034348657024825,1.8874344008265873,0.8412266924892153,0.8901773576226201,2.124044059917293,1.321204080578614,84.14617238680476,115.59256750637493,300,tilted,no_rain
2023-10-28 00:00:00+09:00,5.210340257550942,4.382110187303557,0.828230070247385,0.0,3.044129819214913,1.8933925154960094,0.8408454231353011,0.889899978915374,2.1308908734503555,1.3253747608472095,84.10410780664284,116.42079757662232,301,tilted,no_rain
2023-10-29 00:00:00+09:00,4.548553649755873,3.821717751382866,0.7268358983730067,0.0,3.0539109814050014,1.8993506301654315,0.8404647361356241,0.8896228594727696,2.137737686983418,1.329545441115805,84.02050510249522,117.14763347499533,302,tilted,no_rain
2023-10-30 00:00:00+09:00,4.21004761466841,3.534410167758179,0.6756374469102304,0.0,3.0636921435950897,1.9053087448348536,0.840084630883452,0.8893459989101286,2.1445845005164808,1.3337161213844004,83.95178609010947,117.82327092190556,303,tilted,no_rain
2023-10-31 00:00:00+09:00,1.2532122316106566,1.0443803312871816,0.20883190032347512,0.0,3.073473305785178,1.9112668595042757,0.8397051067750636,0.8890693968457423,2.1514313140495434,1.337886801652996,83.33627018186061,118.03210282222904,304,tilted,no_rain
2023-11-01 00:00:00+09:00,3.271770724377216,2.7415802349181386,0.5301904894590774,0.0,3.0832544679752663,1.9172249741736977,0.8393261632096999,0.8887930529008389,2.158278127582606,1.3420574819215914,83.79499866819062,118.56229331168811,305,tilted,no_rain
2023-11-02 00:00:00+09:00,3.155521598831911,2.643185615387402,0.512335983444509,0.0,3.0930356301653545,1.9231830888431198,0.8389477995895148,0.8885169666995507,2.1651249411156686,1.3462281621901868,83.76382580825427,119.07462929513262,306,tilted,no_rain
2023-11-03 00:00:00+09:00,3.221164232752876,2.697839804566772,0.5233244281861039,0.0,3.102816792355443,1.929141203512542,0.8385700153195275,0.8882411378688818,2.171971754648731,1.3503988424587823,83.75356267572673,119.59795372331872,307,tilted,no_rain
2023-11-04 00:00:00+09:00,2.0734675670400966,1.7324858198368356,0.34098174720326135,0.0,3.112597954545531,1.935099318181964,0.8381928098075745,0.8879655660386756,2.1788185681817938,1.3545695227273777,83.55499972010571,119.93893547052198,308,tilted,no_rain
2023-11-05 00:00:00+09:00,2.8556645582878994,2.3886047839488223,0.4670597743390769,0.0,3.1223791167356194,1.941057432851386,0.8378161824642637,0.8876902508415839,2.1856653817148564,1.3587402029959732,83.64444545898974,120.40599524486106,309,tilted,no_rain
2023-11-06 00:00:00+09:00,2.942543474786919,2.460713224592221,0.48183025019469783,0.0,3.1321602789257077,1.9470155475208082,0.8374401327029275,0.8874151919130358,2.192512195247919,1.3629108832645687,83.62538211165804,120.88782549505576,310,tilted,no_rain
2023-11-07 00:00:00+09:00,4.954696761688826,4.149366636861173,0.8053301248276526,0.0,3.141941441115796,1.9529736621902303,0.8370646599395786,0.8871403888912065,2.1993590087809816,1.3670815635331641,83.74612688601445,121.69315561988341,311,tilted,no_rain
2023-11-08 00:00:00+09:00,4.851469449501679,4.060955924535083,0.7905135249665967,0.0,3.1517226033058843,1.9589317768596524,0.8366897635928642,0.8868658414169875,2.206205822314044,1.3712522438017596,83.705688901168,122.48366914485001,312,tilted,no_rain
2023-11-09 00:00:00+09:00,4.745817122347087,3.970232314263959,0.7755848080831278,0.0,3.1615037654959726,1.9648898915290745,0.8363154430840227,0.8865915491339565,2.2130526358471068,1.375422924070355,83.65750748314643,123.25925395293314,313,tilted,no_rain
2023-11-10 00:00:00+09:00,2.2659245792671348,1.8890398004560467,0.376884778811088,0.0,3.171284927686061,1.9708480061984965,0.8359416978368404,0.8863175116883479,2.2198994493801694,1.3795936043389505,83.36728493703954,123.63613873174423,314,tilted,no_rain
2023-11-11 00:00:00+09:00,2.8583525303921067,2.3842219414320813,0.4741305889600256,0.0,3.181066089876149,1.9768061208679186,0.835568527277608,0.8860437287290236,2.226746262913232,1.383764284607546,83.41245231584557,124.11026932070425,315,tilted,no_rain
2023-11-12 00:00:00+09:00,4.770834890766906,3.985968528205447,0.7848663625614587,0.0,3.1908472520662374,1.9827642355373407,0.8351959308350796,0.8857701999074442,2.2335930764462946,1.3879349648761414,83.54865803299069,124.8951356832657,316,tilted,no_rain
2023-11-13 00:00:00+09:00,2.0704755463633226,1.723121342168991,0.34735420419433183,0.0,3.2006284142563257,1.9887223502067628,0.83482390794043,0.885496924877641,2.240439889979357,1.392105645144737,83.223457779811,125.24248988746004,317,tilted,no_rain
2023-11-14 00:00:00+09:00,3.9768739663488946,3.3173481898103345,0.6595257765385597,0.0,3.210409576446414,1.9946804648761849,0.834452458027215,0.8852239032961873,2.2472867035124198,1.3962763254133324,83.41597490593699,125.9020156639986,318,tilted,no_rain
2023-11-15 00:00:00+09:00,5.020962446931846,4.190274869592229,0.830687577339617,0.0,3.2201907386365023,2.000638579545607,0.8340815805313297,0.8849511348221712,2.2541335170454824,1.4004470056819278,83.45561063004516,126.73270324133821,319,tilted,no_rain
2023-11-16 00:00:00+09:00,4.861783330221529,4.055084920121529,0.8066984101000001,0.0,3.2299719008265906,2.006596694215029,0.8337112748909703,0.8846786191171683,2.260980330578545,1.4046176859505233,83.40735579297726,127.53940165143821,320,tilted,no_rain
2023-11-17 00:00:00+09:00,4.785262591790985,3.989274817014791,0.7959877747761939,0.0,3.239753063016679,2.012554808884451,0.8333415405465935,0.8844063558452144,2.2678271441116076,1.4087883662191187,83.36584963714022,128.33538942621442,321,tilted,no_rain
2023-11-18 00:00:00+09:00,4.7299385683192074,3.941263375472027,0.78867519284718,0.0,3.249534225206767,2.0185129235538732,0.8329723769408788,0.884134344672779,2.27467395764467,1.4129590464877142,83.32588930161438,129.1240646190616,322,tilted,no_rain
2023-11-19 00:00:00+09:00,4.456156297585355,3.7107865552818526,0.7453697423035017,0.0,3.2593153873968554,2.0244710382232953,0.8326037835186902,0.8838625852687388,2.2815207711777328,1.4171297267563097,83.27325855452168,129.8694343613651,323,tilted,no_rain
2023-11-20 00:00:00+09:00,4.726454123037668,3.934862661955414,0.7915914610822545,0.0,3.2690965495869437,2.0304291528927174,0.8322357597270387,0.8835910773043526,2.2883675847107954,1.4213004070249051,83.25189580865957,130.66102582244736,324,tilted,no_rain
2023-11-21 00:00:00+09:00,4.105045712638335,3.4142475452191507,0.6907981674191837,0.0,3.278877711777032,2.0363872675621395,0.8318683050150453,0.8833198204532343,2.295214398243858,1.4254710872935006,83.1719738152391,131.35182398986655,325,tilted,no_rain
2023-11-22 00:00:00+09:00,4.577318093556909,3.8068668314885477,0.7704512620683608,0.0,3.2886588739671203,2.0423453822315616,0.8315014188339043,0.8830488143913284,2.3020612117769206,1.429641767562096,83.16806378056054,132.1222752519349,326,tilted,no_rain
2023-11-23 00:00:00+09:00,3.8666261888723974,3.212346094572448,0.6542800942999498,0.0,3.2984400361572086,2.0483034969009837,0.8311351006368479,0.882778058796885,2.308908025309983,1.4338124478306915,83.07878594049575,132.77655534623486,327,tilted,no_rain
2023-11-24 00:00:00+09:00,4.409949086449262,3.6639153268689904,0.7460337595802714,0.0,3.308221198347297,2.0542616115704058,0.8307693498791104,0.8825075533504346,2.315754838843046,1.437983128099287,83.08293939554409,133.52258910581514,328,tilted,no_rain
2023-11-25 00:00:00+09:00,4.169839645576955,3.462063608548708,0.7077760370282477,0.0,3.318002360537385,2.060219726239828,0.8304041660178938,0.8822372977347643,2.3226016523761084,1.4421538083678824,83.02630083679593,134.2303651428434,329,tilted,no_rain
2023-11-26 00:00:00+09:00,3.355131012474168,2.7819227331790293,0.5732082792951385,0.0,3.3277835227274735,2.06617784090925,0.8300395485123323,0.8819672916348934,2.329448465909171,1.446324488636478,82.91547253552883,134.80357342213853,330,tilted,no_rain
2023-11-27 00:00:00+09:00,2.9983193001659467,2.4836729876375263,0.5146463125284203,0.0,3.3375646849175604,2.072135955578672,0.8296754968234596,0.8816975347380492,2.3362952794422336,1.4504951689050734,82.8355067954258,135.31821973466694,331,tilted,no_rain
2023-11-28 00:00:00+09:00,1.32089648753801,1.0885945717491332,0.23230191578887685,0.0,3.347345847107646,2.078094070248094,0.829312010414175,0.8814280267336442,2.343142092975296,1.4546658491736688,82.41331414077274,135.5505216504558,332,tilted,no_rain
2023-11-29 00:00:00+09:00,3.8144145274828385,3.1608619996712535,0.6535525278115848,0.0,3.3571270092977317,2.084052184917516,0.82894908874921,0.8811587673132525,2.349988906508359,1.4588365294422643,82.86624269326938,136.2040741782674,333,tilted,no_rain
2023-11-30 00:00:00+09:00,4.429754254520154,3.6707562258265596,0.7589980286935948,0.0,3.3669081714878173,2.0900102995869383,0.8285867312950963,0.8808897561705868,2.3568357200414214,1.4630072097108597,82.86591117511524,136.963072206961,334,tilted,no_rain
2023-12-01 00:00:00+09:00,4.428519724946476,3.6685667615760655,0.75995296337041,0.0,3.376689333677903,2.0959684142563604,0.8282249375201338,0.8806209930014761,2.363682533574484,1.4671778899794552,82.83957144665094,137.7230251703314,335,tilted,no_rain
2023-12-02 00:00:00+09:00,2.8794946989572257,2.3795719866021954,0.49992271235503016,0.0,3.3864704958679885,2.1019265289257825,0.8278637068943586,0.8803524775038426,2.3705293471075466,1.4713485702480507,82.6385263867278,138.22294788268644,336,tilted,no_rain
2023-12-03 00:00:00+09:00,4.563832665884983,3.7773940055087283,0.7864386603762551,0.0,3.396251658058074,2.1078846435952046,0.8275030388895125,0.8800842093776805,2.377376160640609,1.4755192505166461,82.7680215741706,139.0093865430627,337,tilted,no_rain
2023-12-04 00:00:00+09:00,3.6604498679633704,3.0255021087106173,0.6349477592527533,0.0,3.40603282024816,2.1138427582646266,0.8271429329790115,0.8798161883250334,2.384222974173672,1.4796899307852416,82.6538326665834,139.64433430231546,338,tilted,no_rain
2023-12-05 00:00:00+09:00,3.4560900725585464,2.854843439520326,0.6012466330382203,0.0,3.4158139824382454,2.1198008729340487,0.8267833886379161,0.879548414049973,2.3910697877067344,1.483860611053837,82.60327073613806,140.24558093535367,339,tilted,no_rain
2023-12-06 00:00:00+09:00,0.8621565156662555,0.7050101705778791,0.1571463450883764,0.0,3.425595144628331,2.125758987603471,0.8264244053429014,0.8792808862585779,2.397916601239797,1.4880312913224325,81.77287508325131,140.40272728044204,340,tilted,no_rain
2023-12-07 00:00:00+09:00,4.125310418182894,3.407052006975519,0.7182584112073754,0.0,3.4353763068184167,2.131717102272893,0.8260659825722274,0.8790136046589122,2.4047634147728596,1.492201971591028,82.58898510905873,141.12098569164942,341,tilted,no_rain
2023-12-08 00:00:00+09:00,3.585871300795024,2.9583964052299674,0.6274748955650569,0.0,3.4451574690085023,2.137675216942315,0.8257081198057103,0.8787465689610052,2.411610228305922,1.4963726518596234,82.50146636813376,141.74846058721448,342,tilted,no_rain
2023-12-09 00:00:00+09:00,2.8184363616685038,2.321680904473892,0.4967554571946119,0.0,3.454938631198588,2.143633331611737,0.8253508165246939,0.8784797788768302,2.418457041838985,1.5005433321282189,82.3747853969449,142.2452160444091,343,tilted,no_rain
2023-12-10 00:00:00+09:00,2.3892361522704704,1.9656330290649326,0.4236031232055377,0.0,3.4647197933886735,2.149591446281159,0.8249940722120207,0.8782132341202844,2.4253038553720474,1.5047140123968143,82.27035352687966,142.66881916761463,344,tilted,no_rain
2023-12-11 00:00:00+09:00,0.19478180117301566,0.15353028897001586,0.04125151220299982,0.0,3.474500955578759,2.1555495609505813,0.8246378863520053,0.8779469344071693,2.43215066890511,1.5088846926654098,78.82168048833371,142.71007067981762,345,tilted,no_rain
2023-12-12 00:00:00+09:00,1.1778614826670042,0.9636670672154225,0.21419441545158163,0.0,3.4842821177688448,2.1615076756200033,0.8242822584304059,0.87768087945517,2.4389974824381726,1.5130553729340053,81.81497412016681,142.9242650952692,346,tilted,no_rain
2023-12-13 00:00:00+09:00,3.413989177514515,2.810432694555752,0.6035564829587626,0.0,3.4940632799589304,2.1674657902894254,0.8239271879343982,0.8774150689838364,2.445844295971235,1.5172260532026007,82.32107802409116,143.52782157822796,347,tilted,no_rain
2023-12-14 00:00:00+09:00,0.1526533380518608,0.11879601002790739,0.033857328023953415,0.0,3.503844442149016,2.1734239049588475,0.8235726743525479,0.8771495027145629,2.452691109504298,1.5213967334711962,77.82077453658361,143.5616789062519,348,tilted,no_rain
2023-12-15 00:00:00+09:00,0.11845777960547156,0.09033595231760191,0.028121827287869647,0.0,3.5136256043391016,2.1793820196282696,0.8232187171747846,0.8768841803705706,2.4595379230373604,1.5255674137397917,76.26004186341284,143.58980073353976,349,tilted,no_rain
2023-12-16 00:00:00+09:00,2.903294033118207,2.3855285318679114,0.5177655012502957,0.0,3.5234067665291873,2.1853401342976917,0.8228653158923767,0.8766191016768867,2.466384736570423,1.5297380940083871,82.16627405477759,144.10756623479006,350,tilted,no_rain
2023-12-17 00:00:00+09:00,4.74927740851838,3.9077704476577044,0.841506960860676,0.0,3.533187928719273,2.191298248967114,0.8225124699979047,0.8763542663603272,2.4732315501034856,1.5339087742769826,82.2813685435318,144.94907319565073,351,tilted,no_rain
2023-12-18 00:00:00+09:00,3.4812245799532255,2.859721406267153,0.6215031736860726,0.0,3.5429690909093585,2.197256363636536,0.8221601789852366,0.8760896741494776,2.480078363636548,1.538079454545578,82.14699570763048,145.5705763693368,352,tilted,no_rain
2023-12-19 00:00:00+09:00,2.730182294706608,2.239966842547557,0.49021545215905127,0.0,3.552750253099444,2.203214478305958,0.8218084423495036,0.875825324774675,2.486925177169611,1.5422501348141735,82.04458899651128,146.06079182149585,353,tilted,no_rain
2023-12-20 00:00:00+09:00,4.393265175123027,3.609850044825565,0.7834151302974623,0.0,3.5625314152895298,2.20917259297538,0.8214572595870739,0.87556121796799,2.4937719907026734,1.546420815082769,82.16781598494055,146.84420695179332,354,tilted,no_rain
2023-12-21 00:00:00+09:00,4.648316129041681,3.8186161995700707,0.8296999294716098,0.0,3.5723125774796154,2.215130707644802,0.8211066301955308,0.8752973534632085,2.500618804235736,1.5505914953513644,82.15052706316975,147.67390688126494,355,tilted,no_rain
2023-12-22 00:00:00+09:00,4.596018017015087,3.773853967618336,0.8221640493967517,0.0,3.582093739669701,2.221088822314224,0.8207565536736469,0.8750337309958143,2.5074656177687986,1.5547621756199599,82.11138323755505,148.4960709306617,356,tilted,no_rain
2023-12-23 00:00:00+09:00,4.235777103378802,3.4752004609290834,0.7605766424497183,0.0,3.5918749018597866,2.2270469369836463,0.8204070295213618,0.874770350302972,2.514312431301861,1.5589328558885553,82.04398805964033,149.2566475731114,357,tilted,no_rain
2023-12-24 00:00:00+09:00,3.7661937819527163,3.0873685553620636,0.6788252265906526,0.0,3.6016560640498723,2.2330050516530684,0.8200580572397589,0.8745072111235093,2.521159244834924,1.5631035361571508,81.9758284917912,149.93547279970204,358,tilted,no_rain
2023-12-25 00:00:00+09:00,3.8296514471539673,3.1382901584969822,0.6913612886569851,0.0,3.611437226239958,2.2389631663224905,0.8197096363310417,0.8742443131978996,2.5280060583679864,1.5672742164257463,81.94714850170568,150.62683408835903,359,tilted,no_rain
2023-12-26 00:00:00+09:00,3.5675519588462676,2.920949991681866,0.646601967164401,0.0,3.6212183884300435,2.2449212809919126,0.8193617662985122,0.8739816562682465,2.534852871901049,1.5714448966943417,81.87547162246489,151.27343605552343,360,tilted,no_rain
2023-12-27 00:00:00+09:00,4.070892394420492,3.333577378660886,0.7373150157596065,0.0,3.630999550620129,2.2508793956613347,0.8190144466465483,0.8737192400782654,2.5416996854341116,1.5756155769629372,81.88812318473072,152.01075107128304,361,tilted,no_rain
2023-12-28 00:00:00+09:00,3.6504258137031123,2.986403691485399,0.6640221222177132,0.0,3.6407807128102148,2.2568375103307567,0.8186676768805821,0.8734570643732684,2.5485464989671742,1.5797862572315327,81.80973518965703,152.67477319350076,362,tilted,no_rain
2023-12-29 00:00:00+09:00,2.2181090108193966,1.8091922287406355,0.40891678207876114,0.0,3.6505618750003004,2.262795625000179,0.8183214565070779,0.8731951289001474,2.555393312500237,1.5839569375001281,81.56462193317981,153.08368997557952,363,tilted,no_rain
2023-12-30 00:00:00+09:00,0.31964691384958427,0.2532101956803485,0.06643671816923573,0.0,3.660343037190386,2.268753739669601,0.8179757850335114,0.872933433407358,2.5622401260332994,1.5881276177687236,79.2155921766544,153.15012669374875,364,tilted,no_rain
2023-12-31 00:00:00+09:00,1.9807633747834639,1.6136987154271576,0.3670646593563062,0.0,3.6701241993804716,2.274711854339023,0.8176306619683488,0.8726719776449038,2.569086939566362,1.592298298037319,81.46852551752005,153.51719135310506,365,tilted,no_rain
2023-01-01 00:00:00+09:00,4.60175243971683,4.556915046766346,0.04483739295048385,0.0,0.10978116219008233,0.1059581146694216,0.989860331742996,0.9901601944126457,0.0768468135330576,0.07417068026859512,99.02564526149862,0.04483739295048385,1,tilted,periodic_rain
2023-01-02 00:00:00+09:00,4.0722987509981206,4.029332832975836,0.04296591802228373,0.0,0.11956232438016462,0.11191622933884318,0.9891002933354431,0.9896935681813809,0.0836936270661152,0.07834136053719025,98.94492225031983,0.08780331097276758,2,tilted,periodic_rain
2023-01-03 00:00:00+09:00,3.729604814078696,3.6873614866930744,0.04224332738562164,0.0,0.1293434865702469,0.11787434400826477,0.9883497838525552,0.98923075134896,0.09054044059917281,0.08251204080578538,98.86735111381883,0.13004663835838923,3,tilted,periodic_rain
2023-01-04 00:00:00+09:00,3.378271952946019,3.3374093281572343,0.040862624788784434,0.0,0.1391246487603292,0.12383245867768636,0.987607985613861,0.9887715249551918,0.09738725413223041,0.0866827210743805,98.79042820240834,0.17090926314717367,4,tilted,periodic_rain
2023-01-05 00:00:00+09:00,2.5747830975651036,2.541517584701878,0.03326551286322574,0.0,0.1489058109504115,0.12979057334710795,0.9868742047293185,0.9883156927239207,0.10423406766528802,0.09085340134297563,98.70802659475729,0.2041747760103994,5,tilted,periodic_rain
2023-01-06 00:00:00+09:00,4.812232242081883,4.753250889695714,0.05898135238616932,0.0,0.1586869731404938,0.13574868801652953,0.9861478455006943,0.9878630777854225,0.11108088119834562,0.09502408161157076,98.77434526392157,0.2631561283965687,6,tilted,periodic_rain
2023-01-07 00:00:00+09:00,4.740305574091864,4.673042320440851,0.06726325365101207,0.0,0.16846813533057609,0.14170680268595112,0.9854283913683278,0.9874135199952851,0.11792769473140323,0.09919476188016589,98.58103549233957,0.3304193820475808,7,tilted,periodic_rain
2023-01-08 00:00:00+09:00,4.652026008896283,4.582663658567086,0.06936235032919728,0.0,0.17824929752065838,0.1476649173553727,0.9847153904462398,0.9869668737207095,0.12477450826446083,0.10336544214876102,98.5089861880275,0.3997817323767781,8,tilted,periodic_rain
2023-01-09 00:00:00+09:00,3.9397358554995923,3.8779468837619953,0.06178897173759729,0.0,0.188030459710741,0.1536230320247943,0.9840084443492187,0.9865230059971744,0.13162132179751876,0.10753612241735615,98.43164684121287,0.4615707041143754,9,tilted,periodic_rain
2023-01-10 00:00:00+09:00,4.401469768791086,4.329478917257578,0.0719908515335087,0.0,0.19781162190082363,0.1595811466942159,0.9833071994302889,0.9860817949815481,0.1384681353305767,0.11170680268595128,98.36439063960034,0.5335615556478841,10,tilted,periodic_rain
2023-01-11 00:00:00+09:00,4.624396688093148,4.54559876106691,0.07879792702623785,0.0,0.20759278409090626,0.16553926136363747,0.982611339815039,0.9856431286446892,0.14531494886363464,0.1158774829545464,98.29603876265361,0.612359482674122,11,tilted,periodic_rain
2023-01-12 00:00:00+09:00,4.698113776151695,4.614830550098545,0.08328322605315067,0.0,0.21737394628098888,0.17149737603305906,0.981920581797036,0.9852069036591774,0.15216176239669257,0.12004816322314153,98.22730504152734,0.6956427087272726,12,tilted,periodic_rain
2023-01-13 00:00:00+09:00,3.375745359072871,3.3131120532309444,0.06263330584192688,0.0,0.2271551084710715,0.17745549070248065,0.9812346692790961,0.9847730244472928,0.1590085759297505,0.12421884349173666,98.14460810340479,0.7582760145691995,13,tilted,periodic_rain
2023-01-14 00:00:00+09:00,1.2283249465114792,1.2112222425141903,0.017102703997288887,10.0,0.1571168199664228,0.18341360537190196,0.986263968815514,0.9843414023615509,0.1464611568366476,0.12838952376033153,98.60764009997015,0.7753787185664883,14,tilted,periodic_rain
2023-01-15 00:00:00+09:00,3.3558375117570094,3.3081210780125923,0.04771643374441696,0.0,0.1668979821565055,0.18937172004132322,0.9855434382050258,0.9839119549756373,0.15330797036970553,0.13256020402892632,98.57810655083135,0.8230951523109052,15,tilted,periodic_rain
2023-01-16 00:00:00+09:00,1.5104986214072502,1.4874310272040305,0.023067594203219584,0.0,0.1766791443465882,0.19532983471074447,0.9848294294818942,0.983484605467865,0.16015478390276347,0.13673088429752112,98.47284903962846,0.8461627465141248,16,tilted,periodic_rain
2023-01-17 00:00:00+09:00,4.992028757851069,4.91635195987886,0.07567679797220957,0.0,0.18646030653667092,0.20128794938016573,0.984121536317289,0.9830592820826314,0.1670015974358214,0.1409015645661159,98.48404723524095,0.9218395444863344,17,tilted,periodic_rain
2023-01-18 00:00:00+09:00,2.950900508806983,2.9026968087983116,0.04820370000867136,0.0,0.19624146872675363,0.20724606404958698,0.9834193983926853,0.9826359176579922,0.17384841096887935,0.1450722448347107,98.36647491622278,0.9700432444950058,18,tilted,periodic_rain
2023-01-19 00:00:00+09:00,4.747689522100306,4.667347296783729,0.08034222531657777,0.0,0.20602263091683634,0.2132041787190081,0.9827226941789236,0.9822144492095706,0.18069522450193728,0.1492429251033055,98.30776159766582,1.0503854698115835,19,tilted,periodic_rain
2023-01-20 00:00:00+09:00,3.7092593206112907,3.6435532100294186,0.06570611058187226,0.0,0.21580379310691905,0.21916229338842919,0.9820311351369861,0.9817948175626985,0.18754203803499522,0.1534136053719003,98.22859215539981,1.116091580393456,20,tilted,periodic_rain
2023-01-21 00:00:00+09:00,1.879326305772799,1.8441155600986687,0.035210745674130184,0.0,0.22558495529700176,0.22512040805785027,0.9813444610088257,0.9813769670260415,0.19438885156805316,0.1575842856404951,98.12641660120588,1.151302326067586,21,tilted,periodic_rain
2023-01-22 00:00:00+09:00,3.9618610120104454,3.886343181103924,0.07551783090652142,0.0,0.23536611748708441,0.23107852272727136,0.9806624359549881,0.9809608451010573,0.2012356651011111,0.1617549659090899,98.09387985399822,1.2268201569741075,22,tilted,periodic_rain
2023-01-23 00:00:00+09:00,3.9352956848088354,3.857649280979102,0.07764640382973313,0.0,0.24514727967716704,0.23703663739669245,0.9799848453579182,0.9805464022225309,0.20808247863416904,0.16592564617768468,98.02692325942706,1.3044665608038406,23,tilted,periodic_rain
2023-01-24 00:00:00+09:00,3.4835781279865907,3.4121589310055676,0.07141919698102317,0.0,0.25492844186724967,0.24299475206611354,0.9793114931542501,0.9801335915261675,0.21492929216722698,0.17009632644627948,97.94983220249172,1.3758857577848638,24,tilted,periodic_rain
2023-01-25 00:00:00+09:00,0.6442768714944886,0.6297799993035849,0.014496872190903728,0.0,0.2647096040573323,0.24895286673553463,0.9786421995916289,0.9797223686398273,0.22177610570028491,0.17426700671487427,97.7499002630226,1.3903826299757676,25,tilted,periodic_rain
2023-01-26 00:00:00+09:00,1.198227378682996,1.1711478665896862,0.027079512093309763,0.0,0.2744907662474149,0.2549109814049557,0.9779767993293267,0.9793126914954889,0.22862291923334285,0.17843768698346907,97.74003560801009,1.4174621420690774,26,tilted,periodic_rain
2023-01-27 00:00:00+09:00,5.633490947236927,5.540740738655041,0.09275020858188647,0.0,0.28427192843749755,0.2608690960743768,0.977315139819606,0.9789045201594502,0.2354697327664008,0.18260836725206386,98.3535926577218,1.510212350650964,27,tilted,periodic_rain
2023-01-28 00:00:00+09:00,5.395625135951153,5.298394531907313,0.09723060404384001,10.0,0.2220462114758155,0.2668272107437979,0.9815923454396096,0.9784978166786186,0.213613069336032,0.18677904752065866,98.19797332850293,1.607442954694804,28,tilted,periodic_rain
2023-01-29 00:00:00+09:00,1.5458984306423529,1.5160032618759183,0.02989516876643452,0.0,0.2318273736658982,0.272785325413219,0.9809086642165123,0.9780925449410455,0.22045988286908993,0.19094972778925345,98.0661621634474,1.6373381234612385,29,tilted,periodic_rain
2023-01-30 00:00:00+09:00,5.193084106352308,5.092303257308426,0.10078084904388154,0.0,0.2416085358559809,0.27874344008264007,0.9802294928252232,0.9776886705490997,0.22730669640214787,0.19512040805784825,98.05932569201788,1.73811897250512,30,tilted,periodic_rain
2023-01-31 00:00:00+09:00,5.688145629279356,5.598199651235849,0.08994597804350729,0.0,0.2513896980460636,0.28470155475206116,0.9795546287689026,0.9772861607038913,0.2341535099352058,0.19929108832644304,98.41871175765058,1.8280649505486273,31,tilted,periodic_rain
2023-02-01 00:00:00+09:00,5.789139203984775,5.7207863760224384,0.06835282796233651,0.0,0.26117086023614633,0.29065966942148225,0.9788838866297956,0.9768849840997328,0.24100032346826375,0.20346176859503784,98.8192920302333,1.8964177785109637,32,tilted,periodic_rain
2023-02-02 00:00:00+09:00,4.986091404840286,4.909214461874352,0.07687694296593447,0.0,0.270952022426229,0.29661778409090334,0.9782170960535638,0.9764851108275792,0.2478471370013217,0.20763244886363263,98.45817220897104,1.973294721476898,33,tilted,periodic_rain
2023-02-03 00:00:00+09:00,5.735512197444652,5.640077967891511,0.09543422955314132,0.0,0.28073318461631125,0.3025758987603244,0.9775541000354369,0.9760865122865173,0.25469395053437915,0.21180312913222743,98.3360818307446,2.0687289510300393,34,tilted,periodic_rain
2023-02-04 00:00:00+09:00,4.916807411053181,4.804875512682621,0.11193189837055985,0.0,0.2905143468063933,0.3085340134297455,0.9768947534540613,0.9756891611024894,0.2615407640674364,0.21597380940082223,97.72348418368121,2.1806608494005992,35,tilted,periodic_rain
2023-02-05 00:00:00+09:00,5.784050464550157,5.687685662153408,0.09636480239674974,0.0,0.30029550899647534,0.3144921280991666,0.9762389218101228,0.9752930310535307,0.2683875776004937,0.22014448966941702,98.33395640326171,2.277025651797349,36,tilted,periodic_rain
2023-02-06 00:00:00+09:00,4.337951329881335,4.233206027753139,0.1047453021281957,0.0,0.3100766711865573,0.3204502427685877,0.9755864801354154,0.974898097000887,0.27523439113355097,0.22431516993801182,97.5853739665848,2.3817709539255447,37,tilted,periodic_rain
2023-02-07 00:00:00+09:00,0.7723437626107147,0.751992372294266,0.02035139031644875,0.0,0.31985783337663926,0.3264083574380088,0.9749373120446803,0.9745043348254475,0.28208120466660824,0.2284858502066066,97.36498288693937,2.4021223442419934,38,tilted,periodic_rain
2023-02-08 00:00:00+09:00,5.639891604679424,5.5267985862576445,0.1130930184217793,0.0,0.3296389955667212,0.33236647210742987,0.9742913089077455,0.9741117213689948,0.2889280181996655,0.2326565304752014,97.99476609926427,2.5152153626637728,39,tilted,periodic_rain
2023-02-09 00:00:00+09:00,2.7115006310583123,2.639981248515256,0.07151938254305609,0.0,0.3394201577568032,0.33832458677685096,0.9736483691235908,0.9737202343798272,0.2957748317327228,0.2368272107437962,97.36236895083657,2.586734745206829,40,tilted,periodic_rain
2023-02-10 00:00:00+09:00,6.090481791744659,5.994858749095263,0.095623042649396,0.0,0.34920131994688514,0.34428270144627204,0.9730083974812178,0.9733298524623559,0.30262164526578006,0.240997891012391,98.42995930504203,2.682357787856225,41,tilted,periodic_rain
2023-02-11 00:00:00+09:00,6.047278780869381,5.96889856861449,0.07838021225489089,10.0,0.2807669409318102,0.35024081611569313,0.9775518183322222,0.9729405550303234,0.2725891499877845,0.2451685712809858,98.70387632032366,2.7607380001111155,42,tilted,periodic_rain
2023-02-12 00:00:00+09:00,3.816832225800565,3.7294010635042265,0.0874311622963386,0.0,0.2905481031218922,0.3561989307851142,0.9768924841069541,0.9725523222633271,0.27943596352084177,0.2493392515495806,97.70932655343529,2.848169162407454,43,tilted,periodic_rain
2023-02-13 00:00:00+09:00,5.874750627908045,5.7678725090848255,0.10687811882321993,0.0,0.3003292653119743,0.36215704545453586,0.9762366643720322,0.972165135066361,0.28628277705389904,0.25350993181817594,98.18072075577993,2.955047281230674,44,tilted,periodic_rain
2023-02-14 00:00:00+09:00,2.867241573422424,2.7973597034482207,0.06988186997420348,0.0,0.3101104275020563,0.3681151601239576,0.9755842341904264,0.9717789750321219,0.2931295905869563,0.2576806120867714,97.56274913763927,3.0249291512048773,45,tilted,periodic_rain
2023-02-15 00:00:00+09:00,2.1497330821129292,2.0955871433578417,0.05414593875508738,0.0,0.3198915896921384,0.3740732747933794,0.9749350772050025,0.9713938244058479,0.2999764041200136,0.26185129235536686,97.4812715492163,3.079075089959965,46,tilted,periodic_rain
2023-02-16 00:00:00+09:00,0.6933731072334838,0.6744771244629676,0.018895982770516184,0.0,0.3296727518822204,0.38003138946280113,0.9742890848110414,0.9710096660524841,0.30682321765307086,0.2660219726239623,97.2747742054909,3.097971072730481,47,tilted,periodic_rain
2023-02-17 00:00:00+09:00,5.420756515151868,5.279941608955511,0.14081490619635628,0.0,0.33945391407230247,0.3859895041322229,0.9736461554306287,0.970626483425984,0.31367003118612813,0.2701926528925578,97.40230158276327,3.2387859789268374,48,tilted,periodic_rain
2023-02-18 00:00:00+09:00,1.8267578792762478,1.776798810518568,0.04995906875767994,0.0,0.3492350762623845,0.39194761880164464,0.9730061938738019,0.97024426054058,0.3205168447191854,0.27436333316115324,97.26515104577113,3.2887450476845173,49,tilted,periodic_rain
2023-02-19 00:00:00+09:00,4.726379989791604,4.6425047440942295,0.08387524569737423,0.0,0.3590162384524665,0.3979057334710664,0.9723691107739484,0.9698629819438672,0.3273636582522427,0.2785340134297487,98.22538082256325,3.3726202933818916,50,tilted,periodic_rain
2023-02-20 00:00:00+09:00,6.015962521702884,5.894650707955362,0.12131181374752129,0.0,0.36879740064254846,0.40386384814048815,0.971734822087041,0.9694826326915611,0.33421047178529995,0.28270469369834417,97.98350117192581,3.493932107129413,51,tilted,periodic_rain
2023-02-21 00:00:00+09:00,5.565221170530699,5.43491151532908,0.13030965520161808,0.0,0.3785785628326304,0.4098219628099099,0.9711032486459942,0.9691031983238012,0.3410572853183572,0.28687537396693963,97.65849997316113,3.624241762331031,52,tilted,periodic_rain
2023-02-22 00:00:00+09:00,1.4088545222814723,1.3663691536336546,0.04248536864781767,0.0,0.3883597250227124,0.41578007747933166,0.9704743157628097,0.9687246648428873,0.3479040988514145,0.2910460542355351,96.98440343016979,3.6667271309788485,53,tilted,periodic_rain
2023-02-23 00:00:00+09:00,6.028007840252543,5.873525231011509,0.15448260924103335,0.0,0.39814088721279434,0.42173819214875374,0.9698479528723152,0.9683470186923386,0.35475091238447176,0.29521673450413055,97.43725268223007,3.821209740219882,54,tilted,periodic_rain
2023-02-24 00:00:00+09:00,5.613771961038004,5.45897099956695,0.1548009614710545,0.0,0.4079220494028763,0.42769630681817583,0.9692240932122339,0.9679702467371836,0.36159772591752903,0.299387414772726,97.24247863031418,3.9760107016909365,55,tilted,periodic_rain
2023-02-25 00:00:00+09:00,6.290962166892288,6.198583059783446,0.09237910710884112,10.0,0.332533269834397,0.4336544214875979,0.9741007464459116,0.9675943362453892,0.3243848168509434,0.3035580950413215,98.53155837440877,4.068389808799777,56,tilted,periodic_rain
2023-02-26 00:00:00+09:00,6.369884406453911,6.278901663882944,0.0909827425709682,0.0,0.3423144320244791,0.43961253615702,0.9734586945895028,0.9672192748703505,0.33123163038400066,0.30772877530991694,98.57167356947977,4.159372551370746,57,tilted,periodic_rain
2023-02-27 00:00:00+09:00,5.92447610804544,5.810299162157368,0.11417694588807215,0.0,0.3520955942145611,0.4455706508264421,0.9728195838422169,0.9668450506343667,0.33807844391705794,0.3118994555785124,98.07279253379014,4.273549497258818,58,tilted,periodic_rain
2023-02-28 00:00:00+09:00,6.159131326497763,6.058632562052357,0.10049876444540694,0.0,0.3618767564046432,0.4515287654958642,0.9721833264432409,0.9664716519130334,0.3449252574501152,0.31607013584710786,98.36829645094525,4.374048261704225,59,tilted,periodic_rain
2023-03-01 00:00:00+09:00,6.087137976618648,5.986335156538344,0.10080282008030454,0.0,0.3716579185947252,0.45748688016528627,0.9715498398186659,0.9660990674204923,0.3517720709831725,0.3202408161157033,98.34400303611484,4.4748510817845295,60,tilted,periodic_rain
2023-03-02 00:00:00+09:00,5.500527063423224,5.3426352270931305,0.15789183633009363,0.0,0.38143908078480726,0.46344499483470836,0.9709190461505234,0.9657272861954785,0.35861888451622975,0.3244114963842988,97.12951441726331,4.632742918114623,61,tilted,periodic_rain
2023-03-03 00:00:00+09:00,5.083151086823113,4.933806305099175,0.14934478172393795,0.0,0.3912202429748893,0.46940310950413044,0.9702908719916898,0.9653562975881121,0.365465698049287,0.32858217665289424,97.06196453394668,4.782087699838561,62,tilted,periodic_rain
2023-03-04 00:00:00+09:00,1.7453000630860556,1.6914970268178953,0.053803036268160465,0.0,0.40100140516497135,0.47536122417355253,0.969665247920758,0.9649860912473882,0.3723125115823443,0.3327528569214897,96.91726154108852,4.835890736106721,63,tilted,periodic_rain
2023-03-05 00:00:00+09:00,1.4828759768352793,1.4362612855832926,0.04661469125198667,0.0,0.41078256735505336,0.4813193388429746,0.9690421082318538,0.9646166571093163,0.37915932511540157,0.33692353719008516,96.8564672986698,4.882505427358708,64,tilted,periodic_rain
2023-03-06 00:00:00+09:00,5.394142276712723,5.261988137673106,0.1321541390396173,0.0,0.4205637295451353,0.4872774535123967,0.9684213906551149,0.964247985385672,0.38600613864845884,0.3410942174586806,97.55004350533828,5.014659566398325,65,tilted,periodic_rain
2023-03-07 00:00:00+09:00,3.976345213838533,3.849024308469253,0.12732090536927976,0.0,0.4303448917352173,0.4932355681818188,0.967803036104159,0.9638800665533186,0.3928529521815161,0.3452648977272761,96.79804195757008,5.141980471767605,66,tilted,periodic_rain
2023-03-08 00:00:00+09:00,3.1811314840599247,3.076403527902479,0.10472795615744579,0.0,0.44012605392529924,0.4991936828512409,0.9671869884473847,0.9635128913440649,0.3996997657145734,0.34943557799587155,96.70783943756433,5.246708427925051,67,tilted,periodic_rain
2023-03-09 00:00:00+09:00,6.166152254102409,6.0445565391956775,0.12159571490673166,0.0,0.4499072161153812,0.505151797520663,0.9665731943003747,0.9631464507350276,0.40654657924763066,0.353606258264467,98.02801309640331,5.368304142831782,68,tilted,periodic_rain
2023-03-10 00:00:00+09:00,6.396967710317937,6.27845922726597,0.11850848305196715,0.0,0.45968837830546316,0.5111099121900851,0.9659616028370418,0.9627807359394638,0.41339339278068793,0.35777693853306247,98.14742721210207,5.486812625883749,69,tilted,periodic_rain
2023-03-11 00:00:00+09:00,6.319534175878531,6.210453095288429,0.10908108059010213,10.0,0.37801937682276593,0.5170680268595071,0.9711392836493697,0.9624157383980496,0.36987429455362586,0.36194761880165793,98.27390631090402,5.595893706473851,70,tilted,periodic_rain
2023-03-12 00:00:00+09:00,5.476035620556404,5.32517796664177,0.15085765391463363,0.0,0.38780053901284794,0.5230261415289292,0.9705102017457036,0.9620514497705753,0.37672110808668313,0.3661182990702534,97.24513015678109,5.746751360388485,71,tilted,periodic_rain
2023-03-13 00:00:00+09:00,3.3565552871522932,3.2552925445125,0.1012627426397936,0.0,0.39758170120293,0.5289842561983513,0.9698836937635421,0.9616878619280345,0.3835679216197404,0.37028897933884886,96.98313497092118,5.848014103028278,72,tilted,periodic_rain
2023-03-14 00:00:00+09:00,5.466116094747272,5.29978666320908,0.16632943153819216,0.0,0.40736286339301203,0.5349423708677734,0.9692596927312461,0.9613249669450827,0.3904147351527977,0.3744596596074443,96.9570819818842,6.01434353456647,73,tilted,periodic_rain
2023-03-15 00:00:00+09:00,6.187545966296962,6.0471585524538,0.1403874138431623,0.0,0.4171440255830941,0.5409004855371955,0.9686381352076698,0.9609627570928464,0.39726154868585495,0.3786303398760398,97.73112935874997,6.154730948409632,74,tilted,periodic_rain
2023-03-16 00:00:00+09:00,5.834369881774096,5.698354194530491,0.13601568724360488,0.0,0.4269251877731761,0.5468586002066176,0.9680189610205774,0.9606012248320598,0.4041083622189122,0.38280102014463524,97.66871675948242,6.290746635653237,75,tilted,periodic_rain
2023-03-17 00:00:00+09:00,3.8227200811883297,3.698224317741368,0.12449576344696148,0.0,0.4367063499632582,0.5528167148760397,0.967402113029941,0.9602403628065138,0.4109551757519695,0.3869717004132307,96.74326759995827,6.415242399100198,76,tilted,periodic_rain
2023-03-18 00:00:00+09:00,4.754965414290109,4.597910158234496,0.15705525605561263,0.0,0.4464875121533402,0.5587748295454618,0.9667875369132527,0.9598801638367982,0.41780198928502676,0.39114238068182616,96.69702632150353,6.572297655155811,77,tilted,periodic_rain
2023-03-19 00:00:00+09:00,5.545932009163715,5.3600729582032125,0.18585905096050223,0.0,0.4562686743434223,0.5647329442148838,0.9661751809703658,0.9595206209143201,0.42464880281808404,0.3953130609504216,96.64873188756368,6.7581567061163135,78,tilted,periodic_rain
2023-03-20 00:00:00+09:00,5.803390440135589,5.6054765775865025,0.19791386254908586,0.0,0.46604983653350424,0.5706910588843059,0.96556499594571,0.9591617271955869,0.4314956163511413,0.3994837412190171,96.58968555380426,6.9560705686654,79,tilted,periodic_rain
2023-03-21 00:00:00+09:00,6.379532467077226,6.215875263960019,0.1636572031172071,0.0,0.4758309987235862,0.576649173553728,0.964956934866002,0.9588034759967352,0.4383424298841986,0.40365442148761255,97.43465208521485,7.119727771782607,80,tilted,periodic_rain
2023-03-22 00:00:00+09:00,6.050167927191247,5.83666627413827,0.21350165305297725,0.0,0.48561216091366816,0.5826072882231501,0.9643509528918124,0.9584458607882966,0.44518924341725585,0.407825101756208,96.47114500585286,7.333229424835584,81,tilted,periodic_rain
2023-03-23 00:00:00+09:00,5.916497007656861,5.704071860028638,0.2124251476282221,0.0,0.4953933231037501,0.5885654028925722,0.9637470071815497,0.9580888751901846,0.4520360569503131,0.41199578202480347,96.4096128612368,7.545654572463806,82,tilted,periodic_rain
2023-03-24 00:00:00+09:00,6.035085264578414,5.8148722571280835,0.22021300745033057,0.0,0.505174485293832,0.5945235175619943,0.9631450567666009,0.9577325129668938,0.4588828704833704,0.41616646229339893,96.35112019472498,7.765867579914136,83,tilted,periodic_rain
2023-03-25 00:00:00+09:00,6.001126463692614,5.814762048813194,0.18636441487941974,10.0,0.4179700647483901,0.6004816322314164,0.9685857533588816,0.9573767680228981,0.4098253697493521,0.4203371425619944,96.89450945573398,7.952231994793556,84,tilted,periodic_rain
2023-03-26 00:00:00+09:00,5.9267475162297885,5.765165282588984,0.1615822336408048,0.0,0.4277512269384722,0.6064397469008385,0.9679667777921175,0.9570216343982396,0.41667218328240935,0.42450782283058985,97.27367779379283,8.11381422843436,85,tilted,periodic_rain
2023-03-27 00:00:00+09:00,6.48880096029802,6.347730525654379,0.14107043464364125,0.0,0.4375323891285542,0.6123978615702605,0.9673501237280888,0.9566671062642974,0.4235189968154666,0.4286785030991853,97.82593986921796,8.254884663078002,86,tilted,periodic_rain
2023-03-28 00:00:00+09:00,6.4473542827329835,6.289909170735401,0.15744511199758304,0.0,0.44731355131863626,0.6183559762396826,0.96673573707304,0.9563131779197274,0.4303658103485239,0.4328491833677808,97.55798882621906,8.412329775075586,87,tilted,periodic_rain
2023-03-29 00:00:00+09:00,5.063437270858549,4.893142834426533,0.17029443643201517,0.0,0.4570947135087183,0.6243140909091047,0.9661235663399184,0.9559598437865652,0.43721262388158116,0.43701986363637624,96.63678194628564,8.582624211507602,88,tilted,periodic_rain
2023-03-30 00:00:00+09:00,5.277507911897266,5.125250192353827,0.15225771954343922,0.0,0.46687587569880035,0.6302722055785268,0.9655135624719676,0.9556070984064836,0.44405943741463844,0.4411905439049717,97.11496937408282,8.73488193105104,89,tilted,periodic_rain
2023-03-31 00:00:00+09:00,5.106879249962495,4.928801817445901,0.17807743251659405,0.0,0.47665703788888236,0.6362303202479489,0.9649056786816687,0.9552549364371972,0.4509062509476957,0.44536122417356716,96.51298917009048,8.912959363567634,90,tilted,periodic_rain
2023-04-01 00:00:00+09:00,5.725690226218025,5.529943266557354,0.19574695966067063,0.0,0.48643820007896443,0.642188434917371,0.9642998703034078,0.9549033526490067,0.457753064480753,0.4495319044421626,96.58125130898031,9.108706323228304,91,tilted,periodic_rain
2023-04-02 00:00:00+09:00,6.285023191962363,6.09201184553136,0.19301134643100337,0.0,0.49621936226904645,0.6481465495867931,0.9636960946584505,0.9545523419214779,0.46459987801381025,0.4537025847107581,96.9290272997268,9.301717669659308,92,tilted,periodic_rain
2023-04-03 00:00:00+09:00,6.462978710532662,6.2962005422555265,0.16677816827713518,0.0,0.5060005244591285,0.6541046642562152,0.9630943109309695,0.9542018992402455,0.4714466915468675,0.45787326497935354,97.41948448622709,9.468495837936443,93,tilted,periodic_rain
2023-04-04 00:00:00+09:00,6.746502869771925,6.617879926413768,0.12862294335815683,0.0,0.5157816866492104,0.6600627789256373,0.9624944800540298,0.9538520196939403,0.4782935050799248,0.462043945247949,98.09348716155655,9.597118781294599,94,tilted,periodic_rain
2023-04-05 00:00:00+09:00,6.6975031300287595,6.541342961142545,0.15616016888621412,0.0,0.5255628488392924,0.6660208935950593,0.961896564604555,0.9535026984712301,0.48514031861298207,0.46621462551654447,97.66838229330482,9.753278950180812,95,tilted,periodic_rain
2023-04-06 00:00:00+09:00,6.374456054698597,6.201441523323383,0.17301453137521455,0.0,0.5353440110293743,0.6719790082644814,0.9613005287064154,0.9531539308579721,0.49198713214603934,0.47038530578513993,97.2858149794964,9.926293481556026,96,tilted,periodic_rain
2023-04-07 00:00:00+09:00,6.009169369560943,5.792405192123412,0.21676417743753085,0.0,0.5451251732194563,0.6779371229339035,0.9607063379408739,0.9528057122344689,0.4988339456790966,0.4745559860537354,96.39277637046585,10.143057658993557,97,tilted,periodic_rain
2023-04-08 00:00:00+09:00,6.637875240188996,6.500030682310337,0.1378445578786587,10.0,0.4530570005821346,0.6838952376033256,0.9663760081284652,0.952458038072826,0.44491235007756214,0.47872666632233085,97.92336323159435,10.280902216872216,98,tilted,periodic_rain
2023-04-09 00:00:00+09:00,6.27514812456514,6.118763137965706,0.15638498659943426,0.0,0.4628381627722167,0.6898533522727477,0.9657651155642969,0.9521109039344051,0.4517591636106194,0.4828973465909263,97.50786780654246,10.43728720347165,99,tilted,periodic_rain
2023-04-10 00:00:00+09:00,5.713154808222512,5.515918583656565,0.1972362245659472,0.0,0.4726193249622987,0.6958114669421698,0.9651563621266157,0.951764305467368,0.4586059771436767,0.4870680268595218,96.54768282697188,10.634523428037596,100,tilted,periodic_rain
2023-04-11 00:00:00+09:00,4.520888796444955,4.361212300297707,0.1596764961472475,0.0,0.48240048715238076,0.7017695816115919,0.9645497022909123,0.9514182384043086,0.46545279067673395,0.49123870712811724,96.46802867009666,10.794199924184843,101,tilted,periodic_rain
2023-04-12 00:00:00+09:00,5.4913279463292834,5.319100416941101,0.17222752938818264,0.0,0.4921816493424628,0.707727696281014,0.9639450925738878,0.9510726985599691,0.4722996042097912,0.4954093873967127,96.86364516795415,10.966427453573026,102,tilted,periodic_rain
2023-04-13 00:00:00+09:00,6.285997100494066,6.1184359539541715,0.16756114653989396,0.0,0.5019628115325449,0.713685810950436,0.9633424914050611,0.950727681829035,0.4791464177428485,0.49958006766530816,97.33437442205113,11.13398860011292,103,tilted,periodic_rain
2023-04-14 00:00:00+09:00,6.51947660270346,6.339461357780126,0.1800152449233334,0.0,0.5117439737226269,0.7196439256198581,0.9627418590087676,0.9503831841840078,0.48599323127590577,0.5037507479339036,97.23880832935751,11.314003845036254,104,tilted,periodic_rain
2023-04-15 00:00:00+09:00,5.709281981594806,5.494941889697911,0.21434009189689596,0.0,0.5215251359127089,0.7256020402892802,0.9621431572955286,0.9500392016731507,0.49284004480896304,0.5079214282024991,96.24576098031467,11.52834393693315,105,tilted,periodic_rain
2023-04-16 00:00:00+09:00,6.224037027946858,5.988892131017365,0.23514489692949395,0.0,0.531306298102791,0.7315601549587023,0.9615463497618844,0.9496957304185039,0.4996868583420203,0.5120921084710945,96.22198749985488,11.763488833862644,106,tilted,periodic_rain
2023-04-17 00:00:00+09:00,2.159012007291915,2.073109393540154,0.08590261375176092,0.0,0.5410874602928729,0.7375182696281244,0.9609514013978904,0.9493527666139685,0.5065336718750776,0.51626278873969,96.02120722526644,11.849391447614405,107,tilted,periodic_rain
2023-04-18 00:00:00+09:00,4.370661354908956,4.197587518131894,0.17307383677706126,0.0,0.5508686224829549,0.7434763842975465,0.9603582786015601,0.9490103065234534,0.5133804854081349,0.5204334690082855,96.04009959310456,12.022465284391465,108,tilted,periodic_rain
2023-04-19 00:00:00+09:00,1.6401991048689326,1.5723180814921076,0.06788102337682504,0.0,0.5606497846730368,0.7494344989669686,0.9597669490996218,0.9486683464790847,0.5202272989411921,0.5246041492768809,95.86141565525062,12.090346307768291,109,tilted,periodic_rain
2023-04-20 00:00:00+09:00,2.9673633614747854,2.845179268695799,0.12218409277898676,0.0,0.5704309468631188,0.7553926136363907,0.9591773818740202,0.9483268828794751,0.5270741124742494,0.5287748295454764,95.88240205546445,12.212530400547278,110,tilted,periodic_rain
2023-04-21 00:00:00+09:00,6.341954314521252,6.115532067577751,0.2264222469434999,0.0,0.5802121090532008,0.7613507283058127,0.9585895470936565,0.9479859121880483,0.5339209260073067,0.5329455098140718,96.42977171208788,12.438952647490778,111,tilted,periodic_rain
2023-04-22 00:00:00+09:00,4.531135982962193,4.370524682894286,0.16061130006790786,10.0,0.48387209074648213,0.7673088429752348,0.9644586070642107,0.94764543093142,0.4757274453539941,0.5371161900826673,96.45538556618402,12.599563947558686,112,tilted,periodic_rain
2023-04-23 00:00:00+09:00,5.617490806835755,5.415886378030732,0.20160442880502388,0.0,0.49365325293656415,0.7732669576446569,0.9638543021503857,0.9473054356978298,0.48257425888705135,0.5412868703512628,96.41113024057472,12.801168376363709,113,tilted,periodic_rain
2023-04-24 00:00:00+09:00,6.482971672194718,6.314456849255927,0.16851482293879042,0.0,0.5034344151266462,0.779225072314079,0.9632519996884568,0.946965923135624,0.4894210724201086,0.5454575506198582,97.40065464636308,12.9696831993025,114,tilted,periodic_rain
2023-04-25 00:00:00+09:00,5.691278628054638,5.4802536675570535,0.2110249604975853,0.0,0.5132155773167283,0.7851831869835011,0.9626516601631762,0.946626889951787,0.4962678859531659,0.5496282308884537,96.2921344343017,13.180708159800085,115,tilted,periodic_rain
2023-04-26 00:00:00+09:00,6.486791320432237,6.305272402254997,0.18151891817724047,0.0,0.5229967395068104,0.7911413016529232,0.9620532457298913,0.9462883329105184,0.5031146994862232,0.5537989111570492,97.20171485083098,13.362227077977325,116,tilted,periodic_rain
2023-04-27 00:00:00+09:00,6.214035163585406,5.976683235834578,0.23735192775082758,0.0,0.5327779016968924,0.7970994163223453,0.9614567201155799,0.9459502488318552,0.5099615130192805,0.5579695914256446,96.18038969039436,13.599579005728152,117,tilted,periodic_rain
2023-04-28 00:00:00+09:00,6.442110607206467,6.22164372971729,0.22046687748917634,0.0,0.5425590638869744,0.8030575309917674,0.960862048527435,0.945612634590337,0.5168083265523378,0.5621402716942401,96.57772287792527,13.820045883217329,118,tilted,periodic_rain
2023-04-29 00:00:00+09:00,6.345158610174701,6.100255737352282,0.24490287282241877,0.0,0.5523402260770565,0.8090156456611894,0.9602691975682963,0.9452754871137118,0.523655140085395,0.5663109519628355,96.14031913355629,14.064948756039747,119,tilted,periodic_rain
2023-04-30 00:00:00+09:00,5.821954631902387,5.588876325910845,0.23307830599154195,0.0,0.5621213882671385,0.8149737603306115,0.9596781351583062,0.9449388033816822,0.5305019536184523,0.570481632231431,95.99656265415828,14.29802706203129,120,tilted,periodic_rain
2023-05-01 00:00:00+09:00,5.896613958249014,5.676041086219811,0.22057287202920192,0.0,0.5719025504572205,0.8209318750000336,0.9590888304622309,0.9446025804246899,0.5373487671515096,0.5746523125000265,96.2593299545982,14.518599934060491,121,tilted,periodic_rain
2023-05-02 00:00:00+09:00,6.298696289776453,6.039526695630464,0.25916959414598895,0.0,0.5816837126473025,0.8268899896694557,0.9585012538219468,0.9442668153227357,0.5441955806845669,0.5788229927686219,95.8853454393943,14.77776952820648,122,tilted,periodic_rain
2023-05-03 00:00:00+09:00,3.649579173640881,3.4953527920005127,0.15422638164036825,0.0,0.5914648748373844,0.8328481043388778,0.9579153766936465,0.9439315052042365,0.5510423942176241,0.5829936730372174,95.77413246014035,14.931995909846849,123,tilted,periodic_rain
2023-05-04 00:00:00+09:00,3.2171783577452135,3.078868717556256,0.13830964018895717,0.0,0.6012460370274664,0.8388062190082999,0.9573311715893607,0.9435966472449158,0.5578892077506814,0.5871643533058128,95.70090231845607,15.070305550035807,124,tilted,periodic_rain
2023-05-05 00:00:00+09:00,3.6899024145510677,3.5296510135493095,0.1602514010017581,0.0,0.6110271992175483,0.844764333677722,0.9567486120224354,0.9432622386667258,0.5647360212837387,0.5913350335744083,95.6570287504133,15.230556951037565,125,tilted,periodic_rain
2023-05-06 00:00:00+09:00,3.2694016366239005,3.147347626230418,0.1220540103934824,10.0,0.5109354078916203,0.8507224483471441,0.9627914369435229,0.9429282767368037,0.5027907630864729,0.5955057138430038,96.26677832951965,15.352610961431047,126,tilted,periodic_rain
2023-05-07 00:00:00+09:00,6.433117530621341,6.202897875140308,0.23021965548103313,0.0,0.5207165700817024,0.8566805630165661,0.9621925770343143,0.942594758766456,0.5096375766195301,0.5996763941115992,96.42133608805999,15.58283061691208,127,tilted,periodic_rain
2023-05-08 00:00:00+09:00,5.872229377585704,5.648367242033683,0.22386213555202097,0.0,0.5304977322717843,0.8626386776859882,0.9615956142644351,0.9422616821101739,0.5164843901525874,0.6038470743801947,96.18778284774599,15.806692752464102,128,tilted,periodic_rain
2023-05-09 00:00:00+09:00,4.857904972692284,4.6690114799485425,0.1888934927437414,0.0,0.5402788944618664,0.8685967923554103,0.961000513503813,0.941929044164676,0.5233312036856447,0.6080177546487902,96.11162643556086,15.995586245207843,129,tilted,periodic_rain
2023-05-10 00:00:00+09:00,5.765436666721336,5.538890401398745,0.22654626532259106,0.0,0.5500600566519485,0.8745549070248324,0.9604072410371589,0.9415968423679789,0.530178017218702,0.6121884349173856,96.07061392885922,16.222132510530432,130,tilted,periodic_rain
2023-05-11 00:00:00+09:00,4.73343795131993,4.543585624338978,0.18985232698095214,0.0,0.5598412188420305,0.8805130216942545,0.959815764484224,0.9412650741984941,0.5370248307517592,0.6163591151859811,95.98912399542469,16.411984837511383,131,tilted,periodic_rain
2023-05-12 00:00:00+09:00,5.1181815982463,4.910364901243402,0.20781669700289807,0.0,0.5696223810321125,0.8864711363636766,0.9592260527258466,0.9409337371741504,0.5438716442848165,0.6205297954545765,95.93963807235552,16.61980153451428,132,tilted,periodic_rain
2023-05-13 00:00:00+09:00,5.234474576548484,5.018712042995543,0.21576253355294103,0.0,0.5794035432221946,0.8924292510330987,0.9586380758352765,0.9406028288515409,0.5507184578178738,0.624700475723172,95.878047922525,16.83556406806722,133,tilted,periodic_rain
2023-05-14 00:00:00+09:00,6.084265969822103,5.830729029371292,0.2535369404508108,0.0,0.5891847054122766,0.8983873657025208,0.9580518050143182,0.940272346825093,0.557565271350931,0.6288711559917675,95.83290832931446,17.089101008518032,134,tilted,periodic_rain
2023-05-15 00:00:00+09:00,4.851168941886682,4.645189980338656,0.20597896154802572,0.0,0.5989658676023586,0.9043454803719428,0.9574672125338806,0.9399422887262631,0.5644120848839883,0.6330418362603629,95.75403446024046,17.29507997006606,135,tilted,periodic_rain
2023-05-16 00:00:00+09:00,6.09231204861747,5.8313176526296475,0.2609943959878228,0.0,0.6087470297924406,0.9103035950413649,0.9568842716785623,0.9396126522227515,0.5712588984170456,0.6372125165289584,95.71600413923234,17.55607436605388,136,tilted,periodic_rain
2023-05-17 00:00:00+09:00,5.273676556012307,5.043871627798398,0.22980492821390974,0.0,0.6185281919825225,0.916261709710787,0.9563029566949384,0.9392834350177397,0.5781057119501029,0.6413831967975538,95.64241519605677,17.78587929426779,137,tilted,periodic_rain
2023-05-18 00:00:00+09:00,0.43204390609525234,0.4101347411212118,0.021909164974040583,0.0,0.6283093541726045,0.9222198243802091,0.955723242743247,0.9389546348491487,0.5849525254831601,0.6455538770661493,94.92894942737364,17.80778845924183,138,tilted,periodic_rain
2023-05-19 00:00:00+09:00,5.093792664626366,4.866025053251346,0.2277676113750207,0.0,0.6380905163626864,0.9281779390496312,0.9551451058522041,0.9386262494889158,0.5917993390162174,0.6497245573347448,95.52852606356079,18.035556070616853,139,tilted,periodic_rain
2023-05-20 00:00:00+09:00,5.897845022745155,5.671369111639376,0.2264759111057786,10.0,0.5347037317614423,0.9341360537190533,0.9613394886790309,0.9382982767422933,0.526559087023776,0.6538952376033402,96.16002268231243,18.262031981722632,140,tilted,periodic_rain
2023-05-21 00:00:00+09:00,5.9242718640262675,5.69324497461405,0.23102688941221702,0.0,0.5444848939515243,0.9400941683884754,0.9607451781555433,0.9379707144471625,0.5334059005568332,0.6580659178719357,96.10033275456054,18.49305887113485,141,tilted,periodic_rain
2023-05-22 00:00:00+09:00,1.9567620799899486,1.8770720035416228,0.07969007644832571,0.0,0.5542660561416064,0.9460522830578975,0.9601526818430233,0.9376435604733692,0.5402527140898905,0.6622365981405312,95.92745192360151,18.572748947583175,142,tilted,periodic_rain
2023-05-23 00:00:00+09:00,0.48873059598797125,0.46666477959188807,0.022065816396083144,0.0,0.5640472183316885,0.9520103977273195,0.9595619679122458,0.9373168127220741,0.5470995276229478,0.6664072784091266,95.4850757089441,18.594814763979258,143,tilted,periodic_rain
2023-05-24 00:00:00+09:00,0.4750999355140098,0.4530522338479796,0.02204770166603023,0.0,0.5738283805217704,0.9579685123967416,0.9589730057649232,0.936990469125122,0.553946341156005,0.6705779586777221,95.35935494451776,18.616862465645287,144,tilted,periodic_rain
2023-05-25 00:00:00+09:00,2.3409054394694233,2.241796915839812,0.09910852362961137,0.0,0.5836095427118525,0.9639266270661637,0.9583857659671544,0.9366645276444253,0.5607931546890623,0.6747486389463175,95.76623122153644,18.715970989274897,145,tilted,periodic_rain
2023-05-26 00:00:00+09:00,3.2456991477590256,3.10739764602523,0.1383015017337959,0.0,0.5933907049019346,0.9698847417355858,0.9578002201875119,0.9363389862713661,0.5676399682221196,0.678919319214913,95.73893033711134,18.854272491008693,146,tilted,periodic_rain
2023-05-27 00:00:00+09:00,4.619598293469874,4.42188482959461,0.1977134638752635,0.0,0.6031718670920166,0.9758428564050079,0.9572163411393688,0.9360138430262112,0.5744867817551769,0.6830899994835085,95.7201156612525,19.051985954883957,147,tilted,periodic_rain
2023-05-28 00:00:00+09:00,2.9424693209359254,2.813277296616485,0.12919202431944052,0.0,0.6129530292820986,0.98180097107443,0.9566341025271158,0.9356890959575428,0.5813335952882341,0.6872606797521039,95.60940114480624,19.181177979203397,148,tilted,periodic_rain
2023-05-29 00:00:00+09:00,5.160545966840378,4.934365968328978,0.22617999851140047,0.0,0.6227341914721806,0.9877590857438521,0.9560534789959447,0.9353647431417045,0.5881804088212914,0.6914313600206994,95.6171304361061,19.4073579777148,149,tilted,periodic_rain
2023-05-30 00:00:00+09:00,5.311930213359993,5.076120996966107,0.23580921639388525,0.0,0.6325153536622625,0.9937172004132742,0.9554744460849117,0.9350407826822598,0.5950272223543487,0.6956020402892948,95.56076215382492,19.643167194108685,150,tilted,periodic_rain
2023-05-31 00:00:00+09:00,3.978963063266861,3.7988011996982065,0.18016186356865432,0.0,0.6422965158523445,0.9996753150826962,0.9548969801830194,0.9347172127094654,0.601874035887406,0.6997727205578903,95.47214033646405,19.823329057677338,151,tilted,periodic_rain
2023-06-01 00:00:00+09:00,4.326391716455466,4.128371342485535,0.19802037396993105,0.0,0.6520776780424264,1.0056334297521183,0.9543210584880782,0.9343940313797566,0.6087208494204632,0.7039434008264858,95.42296706013099,20.02134943164727,152,tilted,periodic_rain
2023-06-02 00:00:00+09:00,5.720903874679255,5.45748261864109,0.2634212560381645,0.0,0.6618588402325084,1.0115915444215404,0.9537466589681363,0.934071236875246,0.6155676629535205,0.7081140810950812,95.39546089554015,20.284770687685434,153,tilted,periodic_rain
2023-06-03 00:00:00+09:00,1.108378502605334,1.0622415304917605,0.04613697211357363,10.0,0.5555782316347812,1.0175496590909625,0.9600733327680588,0.9337488274032345,0.5474335869048679,0.7122847613636767,95.83743531608337,20.330907659799006,154,tilted,periodic_rain
2023-06-04 00:00:00+09:00,5.953194336265543,5.713552759547585,0.23964157671795852,0.0,0.5653593938248632,1.0235077737603846,0.9594828555957321,0.933426801195734,0.5542804004379251,0.7164554416322721,95.97457157986402,20.570549236516964,155,tilted,periodic_rain
2023-06-05 00:00:00+09:00,5.683254607634015,5.450843417075461,0.23241119055855375,0.0,0.5751405560149452,1.0294658884298067,0.958894126191984,0.9331051565090018,0.5611272139709824,0.7206261219008676,95.91059689202788,20.80296042707552,156,tilted,periodic_rain
2023-06-06 00:00:00+09:00,4.600568145516173,4.408742990007863,0.1918251555083097,0.0,0.5849217182050273,1.0354240030992288,0.958307115274313,0.9327838916230864,0.5679740275040397,0.7247968021694631,95.83040291023039,20.994785582583827,157,tilted,periodic_rain
2023-06-07 00:00:00+09:00,4.7828758161209,4.580860210023438,0.20201560609746172,0.0,0.5947028803951093,1.0413821177686509,0.9577217946547154,0.932463004841384,0.574820841037097,0.7289674824380585,95.77627323259033,21.196801188681288,158,tilted,periodic_rain
2023-06-08 00:00:00+09:00,4.629126789339792,4.43086142021519,0.19826536912460246,0.0,0.6044840425851914,1.047340232438073,0.9571381371825552,0.9321424944902058,0.5816676545701542,0.733138162706654,95.71700283558492,21.39506655780589,159,tilted,periodic_rain
2023-06-09 00:00:00+09:00,5.556865615346353,5.316401516694136,0.24046409865221652,0.0,0.6142652047752734,1.053298347107495,0.956556116691276,0.9318223589183552,0.5885144681032115,0.7373088429752495,95.67266665603485,21.63553065645811,160,tilted,periodic_rain
2023-06-10 00:00:00+09:00,2.656599274836857,2.538092667791999,0.11850660704485846,0.0,0.6240463669653554,1.0592564617769171,0.9559757079486418,0.9315025964967154,0.5953612816362688,0.7414795232438449,95.5391613568766,21.754037263502966,161,tilted,periodic_rain
2023-06-11 00:00:00+09:00,3.1857522905097437,3.0421340893914763,0.1436182011182674,0.0,0.6338275291554375,1.0652145764463392,0.9553968866102193,0.9311832056178466,0.602208095169326,0.7456502035124404,95.49185912708589,21.897655464621234,162,tilted,periodic_rain
2023-06-12 00:00:00+09:00,5.191451314241988,4.9575042955887065,0.23394701865328094,0.0,0.6436086913455195,1.0711726911157613,0.9548196291758458,0.9308641846955925,0.6090549087023833,0.7498208837810358,95.49361046666311,22.131602483274516,163,tilted,periodic_rain
2023-06-13 00:00:00+09:00,4.9798639723514135,4.752241946853247,0.2276220254981671,0.0,0.6533898535356014,1.0771308057851834,0.9542439129488484,0.9305455321646956,0.6159017222354406,0.7539915640496313,95.4291517446673,22.359224508772684,164,tilted,periodic_rain
2023-06-14 00:00:00+09:00,3.724598025541088,3.550973616989358,0.17362440855172973,0.0,0.6631710157256834,1.0830889204546055,0.9536697159978005,0.9302272464804223,0.6227485357684979,0.7581622443182268,95.33843901110626,22.532848917324415,165,tilted,periodic_rain
2023-06-15 00:00:00+09:00,1.234726804264754,1.1739078931205953,0.06081891114415861,0.0,0.6729521779157653,1.0890470351240276,0.9530970171206266,0.9299093261181959,0.6295953493015551,0.7623329245868222,95.07430219105233,22.593667828468575,166,tilted,periodic_rain
2023-06-16 00:00:00+09:00,4.760924658431845,4.53483521352351,0.22608944490833438,0.0,0.6827333401058473,1.0950051497934497,0.9525257958108743,0.9295917695732377,0.6364421628346124,0.7665036048554177,95.25114423922003,22.81975727337691,167,tilted,periodic_rain
2023-06-17 00:00:00+09:00,1.663780974537743,1.593488272946206,0.07029270159153678,10.0,0.5739112342652549,1.1009632644628717,0.9589680242133283,0.9292745753602177,0.5657665895362325,0.7706742851240131,95.77512288773066,22.89004997496845,168,tilted,periodic_rain
2023-06-18 00:00:00+09:00,1.6968604627837522,1.6241618521643248,0.07269861061942745,0.0,0.583692396455337,1.1069213791322938,0.9583807988826207,0.928957742012911,0.5726134030692898,0.7748449653926086,95.71569895027415,22.962748585587875,169,tilted,periodic_rain
2023-06-19 00:00:00+09:00,5.682168314016265,5.443544011984824,0.2386243020314407,0.0,0.5934735586454191,1.112879493801716,0.9577952673345922,0.928641268083864,0.579460216602347,0.7790156456612041,95.8004710729384,23.201372887619314,170,tilted,periodic_rain
2023-06-20 00:00:00+09:00,5.490391867686468,5.256363284178887,0.2340285835075808,0.0,0.6032547208355011,1.118837608471138,0.9572114022912313,0.928325152144067,0.5863070301354043,0.7831863259297995,95.73748852272368,23.435401471126895,171,tilted,periodic_rain
2023-06-21 00:00:00+09:00,5.419722551735831,5.185485005796293,0.23423754593953838,0.0,0.6130358830255831,1.12479572314056,0.9566291774651039,0.9280093927826337,0.5931538436684616,0.787357006198395,95.6780528209047,23.669639017066434,172,tilted,periodic_rain
2023-06-22 00:00:00+09:00,4.8792957908024155,4.66501266564675,0.21428312515566506,0.0,0.6228170452156652,1.1307538378099822,0.9560485675091661,0.9276939886064898,0.6000006572015188,0.7915276864669905,95.6083186110669,23.883922142222097,173,tilted,periodic_rain
2023-06-23 00:00:00+09:00,4.718404956868962,4.508307529186584,0.2100974276823784,0.0,0.6325982074057472,1.1367119524794043,0.9554695479698544,0.927378938240065,0.6068474707345761,0.7956983667355859,95.54727859090342,24.094019569904475,174,tilted,periodic_rain
2023-06-24 00:00:00+09:00,4.801923452865233,4.585350709522669,0.21657274334256424,0.0,0.6423793695958293,1.1426700671488264,0.9548920952431913,0.9270642403249958,0.6136942842676334,0.7998690470041814,95.48987514131784,24.31059231324704,175,tilted,periodic_rain
2023-06-25 00:00:00+09:00,4.88145989494862,4.6585594937550034,0.22290040119361654,0.0,0.6521605317859113,1.1486281818182484,0.9543161865336706,0.9267498935198313,0.6205410978006907,0.8040397272727768,95.43373486640185,24.533492714440655,176,tilted,periodic_rain
2023-06-26 00:00:00+09:00,2.9050006218050948,2.768811624422066,0.13618899738302898,0.0,0.6619416939759932,1.1545862964876705,0.9537417998157065,0.9264358964997476,0.6273879113337479,0.8082104075413723,95.31191159269342,24.669681711823685,177,tilted,periodic_rain
2023-06-27 00:00:00+09:00,4.643720127413322,4.426054619214543,0.21766550819877842,0.0,0.6717228561660752,1.1605444111570926,0.9531689137974529,0.9261222479562671,0.6342347248668052,0.8123810878099678,95.3126910703806,24.887347220022463,178,tilted,periodic_rain
2023-06-28 00:00:00+09:00,4.390338895329723,4.181805182676126,0.2085337126535964,0.0,0.6815040183561571,1.1665025258265147,0.9525975078868125,0.9258089465969848,0.6410815383998625,0.8165517680785632,95.25016820739222,25.09588093267606,179,tilted,periodic_rain
2023-06-29 00:00:00+09:00,3.86304515628122,3.6766785496725736,0.1863666066086462,0.0,0.6912851805462391,1.1724606404959368,0.9520275621594761,0.9254959911452995,0.6479283519329198,0.8207224483471587,95.17565549795299,25.282247539284707,180,tilted,periodic_rain
2023-06-30 00:00:00+09:00,4.252839962969233,4.04572361218639,0.20711635078284235,0.0,0.7010663427363211,1.1784187551653589,0.9514590573288433,0.9251833803401516,0.654775165465977,0.8248931286157541,95.12992841051468,25.48936389006755,181,tilted,periodic_rain
2023-07-01 00:00:00+09:00,3.7403469898050212,3.5823482994860916,0.15799869031892974,10.0,0.5900121702107396,1.184376869834781,0.9580022851712644,0.9248711129357656,0.5818675254818194,0.8290638088843496,95.77582799805518,25.64736258038648,182,tilted,periodic_rain
2023-07-02 00:00:00+09:00,4.4205527778252405,4.232136723847287,0.18841605397795366,0.0,0.5997933324008216,1.190334984504203,0.9574178334353083,0.9245591877013989,0.5887143390148767,0.8332344891529451,95.73772640102607,25.835778634364434,183,tilted,periodic_rain
2023-07-03 00:00:00+09:00,3.3066040870946964,3.1626461419333993,0.14395794516129712,0.0,0.6095744945909036,1.1962930991736251,0.9568350311092385,0.9242476034210946,0.595561152547934,0.8374051694215405,95.64635071603676,25.97973657952573,184,tilted,periodic_rain
2023-07-04 00:00:00+09:00,3.3976722969827713,3.2478540799642936,0.14981821701847786,0.0,0.6193556567809857,1.2022512138430472,0.9562538525187492,0.9239363588934411,0.6024079660809912,0.841575849690136,95.59056307014893,26.12955479654421,185,tilted,periodic_rain
2023-07-05 00:00:00+09:00,0.5578281541533407,0.5303472268918279,0.02748092726151282,0.0,0.6291368189710678,1.2082093285124693,0.9556742728992575,0.9236254529313352,0.6092547796140485,0.8457465299587315,95.07358546589984,26.157035723805723,186,tilted,periodic_rain
2023-07-06 00:00:00+09:00,0.5608230782385445,0.5330776943434116,0.027745383895132904,0.0,0.6389179811611497,1.2141674431818914,0.9550962683509711,0.9233148843617514,0.6161015931471058,0.8499172102273269,95.05273856021105,26.184781107700857,187,tilted,periodic_rain
2023-07-07 00:00:00+09:00,5.1614951883135705,4.927177924686117,0.23431726362745256,0.0,0.6486991433512318,1.2201255578513135,0.9545198157968144,0.923004652025514,0.622948406680163,0.8540878904959224,95.460283210997,26.41909837132831,188,tilted,periodic_rain
2023-07-08 00:00:00+09:00,5.287279315810272,5.044352701738585,0.24292661407168678,0.0,0.6584803055413139,1.2260836725207356,0.9539448929429948,0.9226947547770764,0.6297952202132203,0.8582585707645178,95.40545147018665,26.6620249854,189,tilted,periodic_rain
2023-07-09 00:00:00+09:00,4.348449083321615,4.1452430393805,0.20320604394111497,0.0,0.6682614677313958,1.2320417871901577,0.9533714782420033,0.922385191484303,0.6366420337462776,0.8624292510331133,95.32693058956336,26.865231029341114,190,tilted,periodic_rain
2023-07-10 00:00:00+09:00,2.717472458535033,2.5875510241199606,0.12992143441507206,0.0,0.6780426299214779,1.2379999018595798,0.9527995508578687,0.922075961028256,0.6434888472793349,0.8665999313017088,95.21903399583627,26.995152463756185,191,tilted,periodic_rain
2023-07-11 00:00:00+09:00,3.1417309218794243,2.9900904389404848,0.1516404829389396,0.0,0.6878237921115598,1.2439580165290018,0.9522290906334958,0.9217670623029864,0.6503356608123921,0.8707706115703042,95.17334594497271,27.146792946695125,192,tilted,periodic_rain
2023-07-12 00:00:00+09:00,3.193521910313027,3.0374176651079368,0.1561042452050902,0.0,0.6976049543016418,1.249916131198424,0.9516600780599362,0.9214584942153302,0.6571824743454494,0.8749412918388997,95.11184674509438,27.302897191900215,193,tilted,periodic_rain
2023-07-13 00:00:00+09:00,1.34451013160325,1.2758145117259336,0.06869561987731634,0.0,0.7073861164917237,1.255874245867846,0.9510924942474513,0.921150255684707,0.6640292878785067,0.8791119721074951,94.89065807221543,27.371592811777532,194,tilted,periodic_rain
2023-07-14 00:00:00+09:00,1.214029025036053,1.1511695593535138,0.06285946568253918,0.0,0.7171672786818057,1.261832360537268,0.9505263208982401,0.9208423456429236,0.670876101411564,0.8832826523760906,94.82224358839588,27.43445227746007,195,tilted,periodic_rain
2023-07-15 00:00:00+09:00,1.2394368086970138,1.1842020644906897,0.0552347442063242,10.0,0.604152796464737,1.2677904752066902,0.9571578762393712,0.9205347630339815,0.5960081517358286,0.8874533326446861,95.54356109010584,27.489687021666395,196,tilted,periodic_rain
2023-07-16 00:00:00+09:00,3.32750540421332,3.181748883327349,0.14575652088597138,0.0,0.6139339586548189,1.2737485898761123,0.9565758007284723,0.9202275068138883,0.6028549652688858,0.8916240129132815,95.61964585537824,27.635443542552366,197,tilted,periodic_rain
2023-07-17 00:00:00+09:00,2.8949574686045203,2.7661377780786767,0.12881969052584366,0.0,0.623715120844901,1.2797067045455344,0.9559953378059485,0.9199205759504715,0.6097017788019431,0.895794693181877,95.55020438390275,27.76426323307821,198,tilted,periodic_rain
2023-07-18 00:00:00+09:00,1.8710526059161132,1.7852459707093602,0.0858066352067531,0.0,0.6334962830349831,1.2856648192149565,0.9554164630980289,0.919613969423198,0.6165485923350004,0.8999653734504725,95.41399130438987,27.850069868284965,199,tilted,periodic_rain
2023-07-19 00:00:00+09:00,2.5405216259982373,2.423891594293285,0.116630031704952,0.0,0.6432774452250651,1.2916229338843785,0.9548391530766411,0.9193076862229953,0.6233954058680576,0.9041360537190679,95.40920925405918,27.966699899989916,200,tilted,periodic_rain
2023-07-20 00:00:00+09:00,3.9320788206660886,3.75139878083387,0.18068003983221848,0.0,0.6530586074151471,1.2975810485538006,0.9542633850185406,0.9190017253520772,0.6302422194011149,0.9083067339876634,95.40497410981168,28.147379939822134,201,tilted,periodic_rain
2023-07-21 00:00:00+09:00,4.5478821295054255,4.33698826440532,0.21089386510010644,0.0,0.6628397696052292,1.3035391632232227,0.9536891369669854,0.9186960858237727,0.6370890329341722,0.9124774142562588,95.36281154403973,28.35827380492224,202,tilted,periodic_rain
2023-07-22 00:00:00+09:00,2.6200252514669993,2.4951671783321907,0.12485807313480879,0.0,0.6726209317953112,1.3094972778926448,0.9531163876957632,0.9183907666623573,0.6439358464672295,0.9166480945248543,95.23447061951413,28.48313187805705,203,tilted,periodic_rain
2023-07-23 00:00:00+09:00,3.074240319752125,2.9266909680293525,0.14754935172277264,0.0,0.6824020939853933,1.315455392562067,0.952545116675394,0.918085766902889,0.6507826600002867,0.9208187747934498,95.20046137008998,28.630681229779825,204,tilted,periodic_rain
2023-07-24 00:00:00+09:00,4.417207624337439,4.204630133864544,0.21257749047289462,0.0,0.6921832561754753,1.321413507231489,0.9519753040413477,0.9177810855910462,0.657629473533344,0.9249894550620452,95.18751418199908,28.84325872025272,205,tilted,periodic_rain
2023-07-25 00:00:00+09:00,4.468130015067158,4.2505694282998645,0.21756058676729312,0.0,0.7019644183655572,1.327371621900911,0.9514069305641304,0.9174767217829694,0.6644762870664013,0.9291601353306407,95.1308358075157,29.06081930702001,206,tilted,periodic_rain
2023-07-26 00:00:00+09:00,5.156913111133665,4.903820610217881,0.2530925009157837,0.0,0.7117455805556392,1.3333297365703332,0.950839977621104,0.9171726745451046,0.6713231005994585,0.9333308155992361,95.0921705395935,29.313911807935796,207,tilted,periodic_rain
2023-07-27 00:00:00+09:00,5.01097984280791,4.7619870138355145,0.2489928289723959,0.0,0.7215267427457212,1.3392878512397552,0.9502744271699178,0.9168689429540524,0.6781699141325158,0.9375014958678316,95.03105506740829,29.56290463690819,208,tilted,periodic_rain
2023-07-28 00:00:00+09:00,4.397319525370545,4.175606720909905,0.22171280446063954,0.0,0.7313079049358031,1.3452459659091773,0.9497102617234386,0.9165655260964164,0.6850167276655731,0.9416721761364271,94.95800104628611,29.78461744136883,209,tilted,periodic_rain
2023-07-29 00:00:00+09:00,4.828679102486528,4.618460258299773,0.21021884418675435,10.0,0.6165717832572629,1.3512040805785994,0.9564191012954192,0.9162624230686568,0.6084271385283558,0.9458428564050225,95.64645237910918,29.994836285555586,210,tilted,periodic_rain
2023-07-30 00:00:00+09:00,3.2948350866077893,3.1479801894687207,0.14685489713906857,0.0,0.6263529454473449,1.3571621952480215,0.9558390690534848,0.915959632976946,0.6152739520614131,0.950013536673618,95.54287564388349,30.141691182694654,211,tilted,periodic_rain
2023-07-31 00:00:00+09:00,4.3005265227491485,4.107686399056171,0.19284012369297657,0.0,0.636134107637427,1.3631203099174436,0.9552606185994752,0.9156571549370274,0.6221207655944704,0.9541842169422134,95.51589502650707,30.334531306387632,212,tilted,periodic_rain
2023-08-01 00:00:00+09:00,4.089569149673562,3.903492824032399,0.18607632564116364,0.0,0.645915269827509,1.3690784245868657,0.9546837266262824,0.9153549880740748,0.6289675791275277,0.9583548972108089,95.44997727557642,30.520607632028796,213,tilted,periodic_rain
2023-08-02 00:00:00+09:00,2.2101234909587784,2.1064171794214896,0.10370631153728843,0.0,0.6556964320175911,1.3750365392562878,0.9541083706210483,0.9150531315225574,0.6358143926605849,0.9625255774794044,95.30766891707488,30.624313943566083,214,tilted,periodic_rain
2023-08-03 00:00:00+09:00,4.344344321524593,4.142343963796697,0.2020003577278956,0.0,0.665477594207673,1.3809946539257099,0.9535345288274918,0.9147515844261053,0.6426612061936422,0.9666962577479998,95.35026823893631,30.82631430129398,215,tilted,periodic_rain
2023-08-04 00:00:00+09:00,2.7581880495327424,2.626566311163366,0.1316217383693765,0.0,0.6752587563977551,1.386952768595132,0.95296218021054,0.9144503459373767,0.6495080197266995,0.9708669380165953,95.22796357588186,30.957936039663355,216,tilted,periodic_rain
2023-08-05 00:00:00+09:00,2.058160825459058,1.9581315995581623,0.10002922590089552,0.0,0.6850399185878372,1.392910883264554,0.9523913044230887,0.9141494152179305,0.6563548332597567,0.9750376182851908,95.13987319826744,31.057965265564253,217,tilted,periodic_rain
2023-08-06 00:00:00+09:00,1.9978975052012211,1.8993331156719515,0.09856438952926946,0.0,0.6948210807779192,1.3988689979339761,0.9518218817747384,0.9138487914380974,0.663201646792814,0.9792082985537862,95.06659429361756,31.15652965509352,218,tilted,periodic_rain
2023-08-07 00:00:00+09:00,3.765421247700279,3.580829522460325,0.18459172523995426,0.0,0.7046022429680011,1.4048271126033982,0.9512538932023601,0.9135484737768567,0.6700484603258713,0.9833789788223817,95.09771382544004,31.341121380333476,219,tilted,periodic_rain
2023-08-08 00:00:00+09:00,4.473564339976829,4.252760782882163,0.2208035570946657,0.0,0.7143834051580831,1.4107852272728203,0.9506873202423624,0.9132484614217129,0.6768952738589286,0.9875496590909771,95.0642588255295,31.56192493742814,220,tilted,periodic_rain
2023-08-09 00:00:00+09:00,3.9508511618258675,3.7532002145611076,0.1976509472647596,0.0,0.724164567348165,1.4167433419422424,0.9501221450045366,0.9129487535685756,0.6837420873919858,0.9917203393595726,94.99725656145912,31.7595758846929,221,tilted,periodic_rain
2023-08-10 00:00:00+09:00,3.5254188349739515,3.346430100186932,0.17898873478701935,0.0,0.733945729538247,1.4227014566116645,0.9495583501473737,0.9126493494216414,0.6905889009250431,0.9958910196281681,94.92290864814812,31.93856461947992,222,tilted,periodic_rain
2023-08-11 00:00:00+09:00,4.8549238802703805,4.607601337662703,0.2473225426076781,0.0,0.743726891728329,1.4286595712810866,0.9489959188547483,0.9123502481932779,0.6974357144581004,1.0000616998967635,94.90573799493013,32.185887162087596,223,tilted,periodic_rain
2023-08-12 00:00:00+09:00,5.005028922338757,4.784305080724117,0.22072384161463932,10.0,0.6274787424104501,1.4346176859505086,0.9557724101770464,0.912051449103909,0.6193340976815432,1.004232380165359,95.58995871873005,32.40661100370224,224,tilted,periodic_rain
2023-08-13 00:00:00+09:00,4.526754543015605,4.3239859583365305,0.20276858467907488,0.0,0.6372599046005322,1.4405758006199307,0.9551941402733611,0.9117529513819034,0.6261809112146005,1.0084030604339544,95.52066314282648,32.609379588381316,225,tilted,periodic_rain
2023-08-14 00:00:00+09:00,4.254235577847621,4.0609283285145565,0.1933072493330642,0.0,0.6470410667906142,1.4465339152893528,0.9546174262195838,0.9114547542634642,0.6330277247476578,1.01257374070255,95.45612259133836,32.80268683771438,226,tilted,periodic_rain
2023-08-15 00:00:00+09:00,4.176479611590085,3.984302711739571,0.19217689985051373,0.0,0.6568222289806962,1.452492029958775,0.9540422455918105,0.9111568569925208,0.639874538280715,1.0167444209711454,95.39859121262782,32.9948637375649,227,tilted,periodic_rain
2023-08-16 00:00:00+09:00,3.6566717526000945,3.4857011222374137,0.17097063036268081,0.0,0.6666033911707783,1.458450144628197,0.9534685767185297,0.9108592588206219,0.6467213518137723,1.0209151012397408,95.32441952873918,33.16583436792758,228,tilted,periodic_rain
2023-08-17 00:00:00+09:00,4.2938684487986665,4.091374024614159,0.20249442418450692,0.0,0.6763845533608603,1.464408259297619,0.9528963986455063,0.9105619590068319,0.6535681653468296,1.0250857815083363,95.28410274792742,33.36832879211209,229,tilted,periodic_rain
2023-08-18 00:00:00+09:00,4.465815924957566,4.2528820040496536,0.21293392090791224,0.0,0.6861657155509424,1.4703663739670412,0.9523256911027782,0.9102649568176274,0.6604149788798869,1.0292564617769318,95.23191451492853,33.58126271302,230,tilted,periodic_rain
2023-08-19 00:00:00+09:00,4.9479642720570896,4.709780114347749,0.23818415770933965,0.0,0.6959468777410244,1.4763244886364633,0.9517564344736095,0.9099682515267962,0.6672617924129441,1.0334271420455272,95.18621912744094,33.819446870729344,231,tilted,periodic_rain
2023-08-20 00:00:00+09:00,5.000251655848137,4.7567360817349424,0.24351557411319497,0.0,0.7057280399311064,1.4822826033058853,0.9511886097652584,0.9096718424153383,0.6741086059460014,1.0375978223141227,95.12993363387248,34.06296244484254,232,tilted,periodic_rain
2023-08-21 00:00:00+09:00,5.015744855334823,4.768584340917977,0.24716051441684636,0.0,0.7155092021211884,1.4882407179753074,0.9506221985814322,0.9093757287713681,0.6809554194790587,1.0417685025827181,95.0723068747414,34.31012295925939,233,tilted,periodic_rain
2023-08-22 00:00:00+09:00,3.912181234865801,3.716061087891337,0.19612014697446364,0.0,0.7252903643112704,1.4941988326447295,0.9500571830963069,0.9090799098900182,0.687802233012116,1.0459391828513136,94.98693605432645,34.50624310623385,234,tilted,periodic_rain
2023-08-23 00:00:00+09:00,1.5171102060181783,1.4383146623482725,0.07879554366990571,0.0,0.7350715265013523,1.5001569473141516,0.9494935460300067,0.9087843850733451,0.6946490465451732,1.050109863119909,94.80620831912316,34.58503864990376,235,tilted,periodic_rain
2023-08-24 00:00:00+09:00,5.264058571983775,4.9960799086753385,0.2679786633084368,0.0,0.7448526886914343,1.5061150619835737,0.9489312706254396,0.908489153630237,0.7014958600782305,1.0542805433885045,94.90927656590553,34.85301731321219,236,tilted,periodic_rain
2023-08-25 00:00:00+09:00,5.093946250043299,4.8316738383838,0.26227241165949905,0.0,0.7546338508815162,1.5120731766529958,0.9483703406264002,0.9081942148763211,0.7083426736112878,1.0584512236571,94.85129212627108,35.115289724871694,237,tilted,periodic_rain
2023-08-26 00:00:00+09:00,4.704412778322696,4.4942800530876355,0.21013272523506013,10.0,0.6370577652370852,1.5180312913224179,0.9552060750864374,0.9078995681338754,0.6289131205081784,1.0626219039256954,95.53328470232621,35.32542245010676,238,tilted,periodic_rain
2023-08-27 00:00:00+09:00,4.271532656200123,4.077824952275098,0.1937077039250252,0.0,0.6468389274271673,1.52398940599184,0.9546293291087428,0.9076052127317392,0.6357599340412357,1.066792584194291,95.46514753565422,35.519130154031785,239,tilted,periodic_rain
2023-08-28 00:00:00+09:00,4.552582209329801,4.343802650636458,0.20877955869334303,0.0,0.6566200896172493,1.529947520661262,0.9540541170127302,0.9073111480052272,0.6426067475742929,1.0709632644628864,95.41404088726873,35.72790971272513,240,tilted,periodic_rain
2023-08-29 00:00:00+09:00,0.5069605304915417,0.4806968823081599,0.026263648183381755,0.0,0.6664012518073313,1.5359056353306841,0.953480417111702,0.907017373296043,0.6494535611073502,1.0751339447314818,94.8193899517351,35.75417336090851,241,tilted,periodic_rain
2023-08-30 00:00:00+09:00,5.009425420461124,4.774396489931678,0.23502893052944682,0.0,0.6761824139974134,1.5418637500001062,0.9529082084369407,0.9067238879521963,0.6563003746404075,1.0793046250000773,95.30826570309911,35.989202291437955,242,tilted,periodic_rain
2023-08-31 00:00:00+09:00,3.6237446937154685,3.4503932569889963,0.1733514367264722,0.0,0.6859635761874955,1.5478218646695283,0.9523374707046636,0.9064306913279194,0.6631471881734647,1.0834753052686728,95.21623482396237,36.162553728164426,243,tilted,periodic_rain
2023-09-01 00:00:00+09:00,5.679390396919766,5.407236012828464,0.27215438409130266,0.0,0.6957447383775774,1.5537799793389504,0.9517681842849368,0.9061377827835859,0.669994001706522,1.0876459855372682,95.20803528070714,36.43470811225573,244,tilted,periodic_rain
2023-09-02 00:00:00+09:00,5.051506604835181,4.805989815900634,0.24551678893454687,0.0,0.7055259005676595,1.5597380940083725,0.9512003301724075,0.9058451616856313,0.6768408152395793,1.0918166658058637,95.13973140806063,36.68022490119027,245,tilted,periodic_rain
2023-09-03 00:00:00+09:00,5.103917027569532,4.852914753837797,0.25100227373173517,0.0,0.7153070627577416,1.5656962086777946,0.9506338899587243,0.9055528274064735,0.6836876287726366,1.0959873460744591,95.08216390713426,36.93122717492201,246,tilted,periodic_rain
2023-09-04 00:00:00+09:00,5.103504429700738,4.849720990270389,0.2537834394303492,0.0,0.7250882249478235,1.5716543233472167,0.9500688458065273,0.9052607793244358,0.6905344423056938,1.1001580263430546,95.02727110505847,37.18501061435236,247,tilted,periodic_rain
2023-09-05 00:00:00+09:00,1.0168812790955493,0.9628350138990326,0.054046265196516646,0.0,0.7348693871379055,1.5776124380166388,0.9495051804248967,0.9049690168236708,0.6973812558387511,1.10432870661165,94.68509586049343,37.239056879548876,248,tilted,periodic_rain
2023-09-06 00:00:00+09:00,0.8409179381531564,0.7954386467807162,0.04547929137244032,0.0,0.7446505493279875,1.5835705526860608,0.9489428770461624,0.9046775392940847,0.7042280693718084,1.1084993868802455,94.59170873767744,37.284536170921314,249,tilted,periodic_rain
2023-09-07 00:00:00+09:00,3.7842351645930994,3.588297590160189,0.1959375744329104,0.0,0.7544317115180694,1.589528667355483,0.9483819194039812,0.9043863461312642,0.7110748829048656,1.112670067148841,94.82226748839012,37.480473745354224,250,tilted,periodic_rain
2023-09-08 00:00:00+09:00,4.368117544632617,4.140388161646186,0.22772938298643122,0.0,0.7642128737081514,1.595486782024905,0.9478222917125962,0.9040954367364036,0.7179216964379229,1.1168407474174364,94.78655552055241,37.70820312834066,251,tilted,periodic_rain
2023-09-09 00:00:00+09:00,3.7486713948473556,3.5784881158098187,0.1701832790375368,10.0,0.645470529695489,1.601444896694327,0.954709923855891,0.9038048105162327,0.6373258849665822,1.121011427686032,95.46017078820357,37.878386407378194,252,tilted,periodic_rain
2023-09-10 00:00:00+09:00,1.960090564242436,1.8686167128539601,0.09147385138847582,0.0,0.6552516918855711,1.6074030113637492,0.9541344984893726,0.9035144668829477,0.6441726984996394,1.1251821079546274,95.33318240201672,37.96986025876667,253,tilted,periodic_rain
2023-09-11 00:00:00+09:00,2.848256618763234,2.7148021092543586,0.13345450950887536,0.0,0.665032854075653,1.6133611260331713,0.9535605883078592,0.9032244052541403,0.6510195120326967,1.1293527882232228,95.31451946324893,38.103314768275546,254,tilted,periodic_rain
2023-09-12 00:00:00+09:00,5.441189309989738,5.18677452248635,0.2544147875033884,0.0,0.6748140162657351,1.6193192407025934,0.9529881722442218,0.9029346250527306,0.657866325565754,1.1335234684918183,95.3242798033824,38.35772955577893,255,tilted,periodic_rain
2023-09-13 00:00:00+09:00,6.040391957362852,5.755247546163624,0.28514441119922707,0.0,0.6845951784558172,1.6252773553720155,0.9524172299207679,0.9026451257068996,0.6647131390988112,1.1376941487604137,95.27937237828326,38.64287396697816,256,tilted,periodic_rain
2023-09-14 00:00:00+09:00,5.7568845225139516,5.481518216180172,0.2753663063337791,0.0,0.6943763406458993,1.6312354700414375,0.9518477416178902,0.902355906650023,0.6715599526318685,1.1418648290290092,95.2167477868128,38.91824027331194,257,tilted,periodic_rain
2023-09-15 00:00:00+09:00,5.319475959300893,5.061674611967432,0.2578013473334602,0.0,0.7041575028359812,1.6371935847108596,0.9512796882445528,0.9020669673206061,0.6784067661649258,1.1460355092976047,95.15363262648636,39.1760416206454,258,tilted,periodic_rain
2023-09-16 00:00:00+09:00,5.449164763081887,5.182059797617253,0.26710496546463436,0.0,0.7139386650260633,1.6431516993802817,0.9507130513104827,0.9017783071622196,0.6852535796979831,1.1502061895662001,95.09824024271992,39.44314658611003,259,tilted,periodic_rain
2023-09-17 00:00:00+09:00,5.550707946299001,5.275685025966062,0.2750229203329386,0.0,0.7237198272161454,1.6491098140497038,0.9501478128999467,0.9014899256234367,0.6921003932310403,1.1543768698347956,95.0452640817409,39.71816950644297,260,tilted,periodic_rain
2023-09-18 00:00:00+09:00,4.975633589163234,4.725761694877523,0.24987189428571077,0.0,0.7335009894062273,1.655067928719126,0.9495839556470027,0.9012018221577706,0.6989472067640976,1.158547550103391,94.97808892459598,39.96804140072868,261,tilted,periodic_rain
2023-09-19 00:00:00+09:00,3.8543958045893834,3.6574365123217123,0.19695929226767106,0.0,0.7432821515963093,1.661026043388548,0.9490214627121243,0.9009139962236136,0.7057940202971549,1.1627182303719865,94.8900086484851,40.16500069299635,262,tilted,periodic_rain
2023-09-20 00:00:00+09:00,6.09451032400806,5.782813351976022,0.3116969720320382,0.0,0.7530633137863912,1.66698415805797,0.948460317760106,0.9006264472841763,0.7126408338302122,1.166888910640582,94.88561089470679,40.47669766502839,263,tilted,periodic_rain
2023-09-21 00:00:00+09:00,5.614694013195838,5.323896625140606,0.2907973880552318,0.0,0.7628444759764732,1.6729422727273922,0.947900504939162,0.9003391748074289,0.7194876473632694,1.1710595909091774,94.82077941608588,40.76749505308362,264,tilted,periodic_rain
2023-09-22 00:00:00+09:00,5.375978114379632,5.094477556324803,0.2815005580548291,0.0,0.7726256381665552,1.6789003873968142,0.9473420088611411,0.9000521782660419,0.7263344608963267,1.175230271177773,94.76373318369966,41.04899561113845,265,tilted,periodic_rain
2023-09-23 00:00:00+09:00,3.321175486061612,3.168774173793947,0.1524013122676648,10.0,0.6528590292442935,1.6848585020662363,0.954275117922128,0.8997654571373291,0.6447143845153867,1.1794009514463684,95.41122373968896,41.201396923406115,266,tilted,periodic_rain
2023-09-24 00:00:00+09:00,2.6810828524915564,2.5558210749924895,0.12526177749906703,0.0,0.6626401914343756,1.6908166167356584,0.9537008390704005,0.8994790109031906,0.6515611980484439,1.1835716317149638,95.32794082127451,41.326658700905185,267,tilted,periodic_rain
2023-09-25 00:00:00+09:00,5.097587588641525,4.860011632785352,0.2375759558561722,0.0,0.6724213536244575,1.6967747314050805,0.9531280594250382,0.8991928390500565,0.6584080115815012,1.1877423119835593,95.33944337934398,41.56423465676136,268,tilted,periodic_rain
2023-09-26 00:00:00+09:00,5.136099858542989,4.893840461374653,0.24225939716833644,0.0,0.6822025158145396,1.7027328460745026,0.9525567584426692,0.8989069410688325,0.6652548251145585,1.1919129922521547,95.28320313388416,41.8064940539297,269,tilted,periodic_rain
2023-09-27 00:00:00+09:00,2.394887415514394,2.2784897170482887,0.11639769846610531,0.0,0.6919836780046217,1.7086909607439247,0.9519869162455005,0.8986213164548451,0.6721016386476157,1.1960836725207502,95.13974236483661,41.9228917523958,270,tilted,periodic_rain
2023-09-28 00:00:00+09:00,5.6633953630534855,5.390310141067239,0.2730852219862463,0.0,0.7017648401947038,1.7146490754133468,0.951418513591368,0.898335964707788,0.678948452180673,1.2002543527893457,95.17806537456694,42.19597697438205,271,tilted,periodic_rain
2023-09-29 00:00:00+09:00,5.6864916029560355,5.409215581692923,0.2772760212631127,0.0,0.7115460023847857,1.7206071900827689,0.9508515318455218,0.89805088533167,0.6857952657137303,1.2044250330579411,95.12395268254727,42.47325299564516,272,tilted,periodic_rain
2023-09-30 00:00:00+09:00,3.9003331579753007,3.7062063794239952,0.1941267785513055,0.0,0.7213271645748678,1.726565304752191,0.9502859529540267,0.8977660778347624,0.6926420792467876,1.2085957133265366,95.02281547015131,42.66737977419647,273,tilted,periodic_rain
2023-10-01 00:00:00+09:00,3.750118327685038,3.561470631958683,0.18864769572635492,0.0,0.7311083267649499,1.732523419421613,0.9497217594186614,0.8974815417295482,0.6994888927798448,1.212766393595132,94.96955351158725,42.85602746992282,274,tilted,periodic_rain
2023-10-02 00:00:00+09:00,0.9092113796708888,0.8605192004560175,0.04869217921487126,0.0,0.7408894889550318,1.7384815340910351,0.9491589342732172,0.8971972765326717,0.7063357063129021,1.2169370738637275,94.64456997530138,42.90471964913769,275,tilted,periodic_rain
2023-10-03 00:00:00+09:00,4.0580820013363965,3.849587042987759,0.20849495834863763,0.0,0.7506706511451138,1.7444396487604572,0.948597461061097,0.8969132817648883,0.7131825198459594,1.221107754132323,94.86222904613616,43.11321460748633,276,tilted,periodic_rain
2023-10-04 00:00:00+09:00,5.337790182771977,5.062130787733099,0.2756593950388778,0.0,0.7604518133351957,1.7503977634298793,0.9480373238141306,0.8966295569510161,0.7200293333790166,1.2252784344009184,94.83570193656948,43.388874002525206,277,tilted,periodic_rain
2023-10-05 00:00:00+09:00,5.677156058368816,5.381102768838485,0.29605328953033155,0.0,0.7702329755252777,1.7563558780993014,0.9474785070325236,0.8963461016198874,0.7268761469120739,1.229449114669514,94.78518317117754,43.68492729205554,278,tilted,periodic_rain
2023-10-06 00:00:00+09:00,4.969609497712822,4.707197661109217,0.2624118366036044,0.0,0.7800141377153597,1.7623139927687235,0.9469209956658651,0.8960629153043008,0.7337229604451312,1.2336197949381094,94.71966888496218,43.947339128659145,279,tilted,periodic_rain
2023-10-07 00:00:00+09:00,5.2275010731141025,4.988024167947957,0.2394769051661456,10.0,0.6593479694556355,1.7682721074381456,0.9538939660242994,0.8957799975409748,0.6512033247267286,1.2377904752067048,95.41890280237695,44.18681603382529,280,tilted,periodic_rain
2023-10-08 00:00:00+09:00,4.956595455310883,4.726482875796046,0.2301125795148368,0.0,0.6691291316457175,1.7742302221075676,0.9533206840916859,0.8954973478705013,0.6580501382597859,1.2419611554753003,95.35744682838143,44.416928613340126,281,tilted,periodic_rain
2023-10-09 00:00:00+09:00,5.381556073157573,5.128972742177763,0.2525833309798105,0.0,0.6789102938357995,1.7801883367769897,0.9527488876608647,0.8952149658372995,0.6648969517928431,1.2461318357438957,95.30650006157774,44.669511944319936,282,tilted,periodic_rain
2023-10-10 00:00:00+09:00,5.623365313911886,5.356514282547935,0.26685103136395194,0.0,0.6886914560258816,1.7861464514464118,0.9521785566334514,0.8949328509895722,0.6717437653259004,1.2503025160124912,95.25460260062107,44.936362975683885,283,tilted,periodic_rain
2023-10-11 00:00:00+09:00,5.7175538803622326,5.443090625991807,0.2744632543704265,0.0,0.6984726182159636,1.792104566115834,0.9516096715565704,0.8946510028792602,0.6785905788589577,1.2544731962810867,95.19963851476572,45.21082623005431,284,tilted,periodic_rain
2023-10-12 00:00:00+09:00,5.4794462426456345,5.213106465983374,0.2663397766622606,0.0,0.7082537804060457,1.798062680785256,0.9510422135940713,0.8943694210619993,0.685437392392015,1.2586438765496821,95.13929392007935,45.47716600671657,285,tilted,periodic_rain
2023-10-13 00:00:00+09:00,5.35906116337387,5.095465714957321,0.2635954484165485,0.0,0.7180349425961277,1.804020795454678,0.9504761644993983,0.894088105097077,0.6922842059250722,1.2628145568182776,95.08131293186065,45.74076145513312,286,tilted,periodic_rain
2023-10-14 00:00:00+09:00,5.663771265731056,5.382209756501229,0.2815615092298266,0.0,0.7278161047862097,1.8099789101241002,0.9499115065899972,0.8938070545473903,0.6991310194581295,1.266985237086873,95.02872739700084,46.02232296436294,287,tilted,periodic_rain
2023-10-15 00:00:00+09:00,4.911864155500274,4.664188244075756,0.24767591142451803,0.0,0.7375972669762918,1.8159370247935223,0.9493482227231541,0.8935262689794031,0.7059778329911868,1.2711559173554685,94.95759850876226,46.26999887578746,288,tilted,periodic_rain
2023-10-16 00:00:00+09:00,5.070876709820207,4.812663701283059,0.2582130085371485,0.0,0.7473784291663738,1.8218951394629443,0.9487862962731668,0.8932457479631059,0.712824646524244,1.275326597624064,94.9079217793425,46.528211884324605,289,tilted,periodic_rain
2023-10-17 00:00:00+09:00,5.62406440799996,5.335000196539382,0.28906421146057765,0.0,0.7571595913564557,1.8278532541323664,0.9482257111097601,0.8929654910719741,0.7196714600573013,1.2794972778926594,94.86022579952325,46.81727609578518,290,tilted,periodic_rain
2023-10-18 00:00:00+09:00,5.409742076195429,5.128416329112626,0.28132574708280295,0.0,0.7669407535465377,1.8338113688017885,0.9476664515776612,0.8926854978829287,0.7265182735903586,1.283667958161255,94.79964584040475,47.098601842867986,291,tilted,periodic_rain
2023-10-19 00:00:00+09:00,4.430756962674902,4.197129384772883,0.23362757790201893,0.0,0.7767219157366196,1.8397694834712106,0.9471085024772599,0.892405767976296,0.7333650871234159,1.2878386384298504,94.72714076014283,47.332229420770005,292,tilted,periodic_rain
2023-10-20 00:00:00+09:00,0.3935523886162531,0.3702036570068178,0.02334873160943532,0.0,0.7865030779267016,1.8457275981406327,0.9465518490462818,0.8921263009357688,0.7402119006564731,1.2920093186984458,94.06718589829161,47.355578152379444,293,tilted,periodic_rain
2023-10-21 00:00:00+09:00,0.18560104940549063,0.17475733306174077,0.010843716343749869,10.0,0.6650468728376061,1.8516857128100548,0.9535597668334977,0.8918470963483678,0.6569022281086992,1.2961799989670413,94.15751345238402,47.366421868723194,294,tilted,periodic_rain
2023-10-22 00:00:00+09:00,4.996191498187088,4.762751394241337,0.2334401039457505,0.0,0.6748280350276882,1.8576438274794769,0.9529873528965064,0.8915681538044037,0.6637490416417565,1.3003506792356367,95.32763898200346,47.59986197266895,295,tilted,periodic_rain
2023-10-23 00:00:00+09:00,5.052271359493021,4.813391107514419,0.2388802519786022,0.0,0.6846091972177701,1.863601942148899,0.9524164126709719,0.8912894728974395,0.6705958551748138,1.3045213595042322,95.27182459173031,47.83874222464755,296,tilted,periodic_rain
2023-10-24 00:00:00+09:00,3.999270413346057,3.8068398021347924,0.19243061121126445,0.0,0.6943903594078522,1.869560056818321,0.9518469264382087,0.8910110532242538,0.6774426687078711,1.3086920397728277,95.1883570921061,48.03117283585881,297,tilted,periodic_rain
2023-10-25 00:00:00+09:00,3.6987770706462424,3.5183545635247473,0.18042250712149518,0.0,0.7041715215979343,1.8755181714877431,0.9512788751080612,0.8907328943848039,0.6842894822409283,1.3128627200414231,95.12210377442477,48.21159534298031,298,tilted,periodic_rain
2023-10-26 00:00:00+09:00,1.929256736166741,1.83266029210774,0.09659644405900097,0.0,0.7139526837880164,1.8814762861571652,0.9507122401910985,0.89045499598219,0.6911362957739856,1.3170334003100186,94.99307467750874,48.30819178703931,299,tilted,periodic_rain
2023-10-27 00:00:00+09:00,5.2859812932236965,5.024340506893227,0.26164078633046944,0.0,0.7237338459780983,1.8874344008265873,0.9501470037723925,0.8901773576226201,0.6979831093070429,1.321204080578614,95.0502892118465,48.56983257336978,300,tilted,periodic_rain
2023-10-28 00:00:00+09:00,5.210340257550942,4.949441172592644,0.26089908495829767,0.0,0.7335150081681804,1.8933925154960094,0.9495831484867722,0.889899978915374,0.7048299228401002,1.3253747608472095,94.9926670416544,48.83073165832808,301,tilted,periodic_rain
2023-10-29 00:00:00+09:00,4.548553649755873,4.317524532435938,0.2310291173199351,0.0,0.7432961703582625,1.8993506301654315,0.9490206574954494,0.8896228594727696,0.7116767363731574,1.329545441115805,94.92082241720212,49.06176077564801,302,tilted,periodic_rain
2023-10-30 00:00:00+09:00,4.21004761466841,3.9934202564647245,0.21662735820368484,0.0,0.7530773325483444,1.9053087448348536,0.9484595144639263,0.8893459989101286,0.7185235499062147,1.3337161213844004,94.85451524469879,49.2783881338517,303,tilted,periodic_rain
2023-10-31 00:00:00+09:00,1.2532122316106566,1.1855266647582838,0.06768556685237265,0.0,0.7628584947384264,1.9112668595042757,0.9478997035410952,0.8890693968457423,0.725370363439272,1.337886801652996,94.59903397484544,49.346073700704075,304,tilted,periodic_rain
2023-11-01 00:00:00+09:00,3.271770724377216,3.098849663283386,0.17292106109382993,0.0,0.7726396569285083,1.9172249741736977,0.9473412093394562,0.8887930529008389,0.7322171769723292,1.3420574819215914,94.71475614701743,49.518994761797906,305,tilted,periodic_rain
2023-11-02 00:00:00+09:00,3.155521598831911,2.9870294731729574,0.1684921256589538,0.0,0.7824208191185903,1.9231830888431198,0.9467840169163743,0.8885169666995507,0.7390639905053865,1.3462281621901868,94.66040334753771,49.687486887456856,306,tilted,periodic_rain
2023-11-03 00:00:00+09:00,3.221164232752876,3.047555559467598,0.17360867328527796,0.0,0.7922019813086723,1.929141203512542,0.9462281117563149,0.8882411378688818,0.7459108040384438,1.3503988424587823,94.6103749842985,49.861095560742136,307,tilted,periodic_rain
2023-11-04 00:00:00+09:00,2.0734675670400966,1.9755271388415838,0.0979404281985131,10.0,0.6700519273918566,1.935099318181964,0.9532666752801378,0.8879655660386756,0.6619072826629497,1.3545695227273777,95.27649094900848,49.95903598894065,308,tilted,periodic_rain
2023-11-05 00:00:00+09:00,2.8556645582878994,2.72018753463486,0.1354770236530392,0.0,0.6798330895819387,1.941057432851386,0.9526950179499584,0.8876902508415839,0.668754096196007,1.3587402029959732,95.25584952686937,50.09451301259369,309,tilted,periodic_rain
2023-11-06 00:00:00+09:00,2.942543474786919,2.801392556752866,0.14115091803405294,0.0,0.6896142517720206,1.9470155475208082,0.9521248241608052,0.8874151919130358,0.6756009097290643,1.3629108832645687,95.20309829766325,50.23566393062774,310,tilted,periodic_rain
2023-11-07 00:00:00+09:00,4.954696761688826,4.716683495829471,0.2380132658593543,0.0,0.6993954139621027,1.9529736621902303,0.9515560745191904,0.8871403888912065,0.6824477232621216,1.3670815635331641,95.19620922717726,50.47367719648709,311,tilted,periodic_rain
2023-11-08 00:00:00+09:00,4.851469449501679,4.615629795604709,0.2358396538969701,0.0,0.7091765761521848,1.9589317768596524,0.9509887502457226,0.8868658414169875,0.6892945367951788,1.3712522438017596,95.13879956677468,50.709516850384055,312,tilted,periodic_rain
2023-11-09 00:00:00+09:00,4.745817122347087,4.512255814672913,0.2335613076741737,0.0,0.7189577383422668,1.9648898915290745,0.9504228331481266,0.8865915491339565,0.6961413503282361,1.375422924070355,95.07858601263034,50.94307815805823,313,tilted,periodic_rain
2023-11-10 00:00:00+09:00,2.2659245792671348,2.1513114840243635,0.11461309524277145,0.0,0.7287389005323488,1.9708480061984965,0.9498583055957895,0.8863175116883479,0.7029881638612934,1.3795936043389505,94.94188393155432,51.057691253301,314,tilted,periodic_rain
2023-11-11 00:00:00+09:00,2.8583525303921067,2.7128967492303913,0.14545578116171543,0.0,0.7385200627224309,1.9768061208679186,0.94929515049573,0.8860437287290236,0.7098349773943506,1.383764284607546,94.91120218324637,51.20314703446272,315,tilted,periodic_rain
2023-11-12 00:00:00+09:00,4.770834890766906,4.528039879920401,0.24279501084650468,0.0,0.7483012249125129,1.9827642355373407,0.9487333512698898,0.8857701999074442,0.7166817909274079,1.3879349648761414,94.9108485955699,51.44594204530922,316,tilted,periodic_rain
2023-11-13 00:00:00+09:00,2.0704755463633226,1.9620450768383348,0.10843046952498797,0.0,0.7580823871025949,1.9887223502067628,0.9481728918336626,0.885496924877641,0.7235286044604652,1.392105645144737,94.76301617203642,51.55437251483421,317,tilted,periodic_rain
2023-11-14 00:00:00+09:00,3.9768739663488946,3.7692329271796523,0.2076410391692419,0.0,0.7678635492926769,1.9946804648761849,0.9476137565755747,0.8852239032961873,0.7303754179935225,1.3962763254133324,94.77878753698916,51.76201355400345,318,tilted,periodic_rain
2023-11-15 00:00:00+09:00,5.020962446931846,4.757336973073955,0.26362547385789026,0.0,0.7776447114827588,2.000638579545607,0.9470559303380437,0.8849511348221712,0.7372222315265797,1.4004470056819278,94.74950317505393,52.025639027861345,319,tilted,periodic_rain
2023-11-16 00:00:00+09:00,4.861783330221529,4.603626072516752,0.25815725770477704,0.0,0.7874258736728408,2.006596694215029,0.9464993983991438,0.8846786191171683,0.744069045059637,1.4046176859505233,94.69007069689766,52.28379628556612,320,tilted,periodic_rain
2023-11-17 00:00:00+09:00,4.785262591790985,4.528441017155812,0.2568215746351723,0.0,0.7972070358629227,2.012554808884451,0.9459441464553154,0.8844063558452144,0.7509158585926943,1.4087883662191187,94.63307248643483,52.540617860201294,321,tilted,periodic_rain
2023-11-18 00:00:00+09:00,4.7299385683192074,4.509448708729686,0.2204898595895204,10.0,0.6744476101069338,2.0185129235538732,0.9530095884793033,0.884134344672779,0.6663029653780269,1.4129590464877142,95.33842022671612,52.761107719790814,322,tilted,periodic_rain
2023-11-19 00:00:00+09:00,4.456156297585355,4.2456859741598825,0.21047032342547212,0.0,0.6842287722970158,2.0244710382232953,0.9524385913084925,0.8838625852687388,0.6731497789110842,1.4171297267563097,95.2768639749122,52.97157804321628,323,tilted,periodic_rain
2023-11-20 00:00:00+09:00,4.726454123037668,4.500732625604493,0.2257214974331752,0.0,0.6940099344870978,2.0304291528927174,0.9518690488854513,0.8835910773043526,0.6799965924441415,1.4213004070249051,95.22429517864217,53.19729954064946,324,tilted,periodic_rain
2023-11-21 00:00:00+09:00,4.105045712638335,3.906115298840897,0.1989304137974376,0.0,0.7037910966771799,2.0363872675621395,0.9513009420961087,0.8833198204532343,0.6868434059771987,1.4254710872935006,95.15400247103256,53.396229954446895,325,tilted,periodic_rain
2023-11-22 00:00:00+09:00,4.577318093556909,4.35338151119802,0.22393658235888902,0.0,0.7135722588672619,2.0423453822315616,0.9507342524281694,0.8830488143913284,0.693690219510256,1.429641767562096,95.10769018491187,53.62016653680578,326,tilted,periodic_rain
2023-11-23 00:00:00+09:00,3.8666261888723974,3.674654674817005,0.19197151405539295,0.0,0.723353421057344,2.0483034969009837,0.9501689619448327,0.882778058796885,0.7005370330433133,1.4338124478306915,95.03516749025651,53.81213805086118,327,tilted,periodic_rain
2023-11-24 00:00:00+09:00,4.409949086449262,4.189052493942163,0.22089659250709884,0.0,0.733134583247426,2.0542616115704058,0.9496050532599906,0.8825075533504346,0.7073838465763705,1.437983128099287,94.99094914302158,54.033034643368275,328,tilted,periodic_rain
2023-11-25 00:00:00+09:00,4.169839645576955,3.958358877359333,0.2114807682176226,0.0,0.742915745437508,2.060219726239828,0.9490425095148033,0.8822372977347643,0.7142306601094278,1.4421538083678824,94.92832372002734,54.244515411585894,329,tilted,periodic_rain
2023-11-26 00:00:00+09:00,3.355131012474168,3.1822996453056405,0.17283136716852743,0.0,0.7526969076275901,2.06617784090925,0.9484813143555569,0.8819672916348934,0.7210774736424851,1.446324488636478,94.84874460860243,54.41734677875442,330,tilted,periodic_rain
2023-11-27 00:00:00+09:00,2.9983193001659467,2.841731214991022,0.15658808517492429,0.0,0.7624780698176721,2.072135955578672,0.9479214519127204,0.8816975347380492,0.7279242871755424,1.4504951689050734,94.77747132647754,54.573934863929345,331,tilted,periodic_rain
2023-11-28 00:00:00+09:00,1.32089648753801,1.249579832958755,0.07131665457925482,0.0,0.772259232007754,2.078094070248094,0.9473629067811185,0.8814280267336442,0.7347711007085996,1.4546658491736688,94.6008899825163,54.6452515185086,332,tilted,periodic_rain
2023-11-29 00:00:00+09:00,3.8144145274828385,3.612277861027999,0.20213666645483958,0.0,0.782040394197836,2.084052184917516,0.9468056640011525,0.8811587673132525,0.7416179142416569,1.4588365294422643,94.70071579796989,54.84738818496344,333,tilted,periodic_rain
2023-11-30 00:00:00+09:00,4.429754254520154,4.1930185296370786,0.23673572488307587,0.0,0.791821556387918,2.0900102995869383,0.9462497090409969,0.8808897561705868,0.7484647277747142,1.4630072097108597,94.65578198516297,55.08412390984652,334,tilted,periodic_rain
2023-12-01 00:00:00+09:00,4.428519724946476,4.189537465708767,0.23898225923770838,0.0,0.8016027185779999,2.0959684142563604,0.9456950277797121,0.8806209930014761,0.7553115413077715,1.4671778899794552,94.60356340084729,55.32310616908423,335,tilted,periodic_rain
2023-12-02 00:00:00+09:00,2.8794946989572257,2.7431448148803734,0.1363498840768524,10.0,0.6783081127892112,2.1019265289257825,0.952784047995964,0.8803524775038426,0.6701634680603044,1.4713485702480507,95.26479822566682,55.45945605316108,336,tilted,periodic_rain
2023-12-03 00:00:00+09:00,4.563832665884983,4.347322563617896,0.21651010226708775,0.0,0.6880892749792933,2.1078846435952046,0.9522136273188192,0.8800842093776805,0.6770102815933616,1.4755192505166461,95.25595879346064,55.67596615542816,337,tilted,periodic_rain
2023-12-04 00:00:00+09:00,3.6604498679633704,3.483879532685862,0.17657033527750846,0.0,0.6978704371693752,2.1138427582646266,0.951644653771729,0.8798161883250334,0.6838570951264189,1.4796899307852416,95.17626680745255,55.852536490705674,338,tilted,periodic_rain
2023-12-05 00:00:00+09:00,3.4560900725585464,3.287251027509726,0.16883904504882077,0.0,0.7076515993594573,2.1198008729340487,0.9510771084813744,0.879548414049973,0.6907039086594762,1.483860611053837,95.11473828794547,56.021375535754494,339,tilted,periodic_rain
2023-12-06 00:00:00+09:00,0.8621565156662555,0.8175685104505713,0.044588005215684214,0.0,0.7174327615495394,2.125758987603471,0.9505109731656551,0.8792808862585779,0.6975507221925334,1.4880312913224325,94.82831662169514,56.06596354097018,340,tilted,periodic_rain
2023-12-07 00:00:00+09:00,4.125310418182894,3.9198073489797816,0.20550306920311284,0.0,0.7272139237396215,2.131717102272893,0.9499462301080063,0.8790136046589122,0.7043975357255907,1.492201971591028,95.01848228687643,56.27146661017329,341,tilted,periodic_rain
2023-12-08 00:00:00+09:00,3.585871300795024,3.404650539626826,0.1812207611681983,0.0,0.7369950859297034,2.137675216942315,0.949382862133151,0.8787465689610052,0.711244349258648,1.4963726518596234,94.94625584783203,56.45268737134149,342,tilted,periodic_rain
2023-12-09 00:00:00+09:00,2.8184363616685038,2.673615276372502,0.14482108529600152,0.0,0.7467762481197855,2.143633331611737,0.948820852584193,0.8784797788768302,0.7180911627917053,1.5005433321282189,94.86165140126604,56.59750845663749,343,tilted,periodic_rain
2023-12-10 00:00:00+09:00,2.3892361522704704,2.2646270752019824,0.12460907706848792,0.0,0.7565574103098676,2.149591446281159,0.9482601853009573,0.8782132341202844,0.7249379763247625,1.5047140123968143,94.78456422358782,56.722117533705976,344,tilted,periodic_rain
2023-12-11 00:00:00+09:00,0.19478180117301566,0.18253126109057902,0.012250540082436666,0.0,0.7663385724999495,2.1555495609505813,0.9477008445994969,0.8779469344071693,0.7317847898578198,1.5088846926654098,93.71063415131115,56.73436807378841,345,tilted,periodic_rain
2023-12-12 00:00:00+09:00,1.1778614826670042,1.1136875827599382,0.06417389990706598,0.0,0.7761197346900315,2.1615076756200033,0.9471428152526878,0.87768087945517,0.7386316033908771,1.5130553729340053,94.55165986396308,56.79854197369548,346,tilted,periodic_rain
2023-12-13 00:00:00+09:00,3.413989177514515,3.2318758123396236,0.18211336517489124,0.0,0.7859008968801134,2.1674657902894254,0.9465860824718425,0.8774150689838364,0.7454784169239344,1.5172260532026007,94.66567245220516,56.98065533887037,347,tilted,periodic_rain
2023-12-14 00:00:00+09:00,0.1526533380518608,0.14226711502197578,0.010386223029885042,0.0,0.7956820590701954,2.1734239049588475,0.9460306318892754,0.8771495027145629,0.7523252304569916,1.5213967334711962,93.1962031342174,56.99104156190025,348,tilted,periodic_rain
2023-12-15 00:00:00+09:00,0.11845777960547156,0.1098147910905331,0.008642988514938464,0.0,0.8054632212602774,2.1793820196282696,0.9454764495417609,0.8768841803705706,0.7591720439900489,1.5255674137397917,92.70373921938746,56.99968455041519,349,tilted,periodic_rain
2023-12-16 00:00:00+09:00,2.903294033118207,2.7654826963507695,0.1378113367674376,10.0,0.6816985942970671,2.1853401342976917,0.9525861558285322,0.8766191016768867,0.6735539495681603,1.5297380940083871,95.2532766163052,57.137495887182624,350,tilted,periodic_rain
2023-12-17 00:00:00+09:00,4.74927740851838,4.523220844343172,0.22605656417520886,0.0,0.6914797564871492,2.191298248967114,0.9520162389508005,0.8763542663603272,0.6804007631012176,1.5339087742769826,95.24019035464742,57.36355245135783,351,tilted,periodic_rain
2023-12-18 00:00:00+09:00,3.4812245799532255,3.3125540710595236,0.16867050889370208,0.0,0.7012609186772312,2.197256363636536,0.9514477625923781,0.8760896741494776,0.6872475766342748,1.538079454545578,95.1548512593816,57.53222296025154,352,tilted,periodic_rain
2023-12-19 00:00:00+09:00,2.730182294706608,2.595863444086922,0.13431885061968604,0.0,0.7110420808673132,2.203214478305958,0.9508807080878847,0.875825324774675,0.6940943901673321,1.5422501348141735,95.08022409785202,57.66654181087122,353,tilted,periodic_rain
2023-12-20 00:00:00+09:00,4.393265175123027,4.176576779890984,0.21668839523204325,0.0,0.7208232430573953,2.20917259297538,0.9503150573540872,0.87556121796799,0.7009412037003894,1.546420815082769,95.06771418080915,57.88323020610326,354,tilted,periodic_rain
2023-12-21 00:00:00+09:00,4.648316129041681,4.416673984700815,0.23164214434086486,0.0,0.7306044052474774,2.215130707644802,0.9497507928647249,0.8752973534632085,0.7077880172334466,1.5505914953513644,95.01664392200834,58.11487235044413,355,tilted,periodic_rain
2023-12-22 00:00:00+09:00,4.596018017015087,4.3643420752146405,0.23167594180044723,0.0,0.7403855674375593,2.221088822314224,0.9491878976267379,0.8750337309958143,0.7146348307665039,1.5547621756199599,94.95920292429771,58.34654829224458,356,tilted,periodic_rain
2023-12-23 00:00:00+09:00,4.235777103378802,4.01945935973884,0.21631774363996129,0.0,0.7501667296276414,2.2270469369836463,0.9486263551578022,0.874770350302972,0.7214816442995612,1.5589328558885553,94.8930801040638,58.56286603588454,357,tilted,periodic_rain
2023-12-24 00:00:00+09:00,3.7661937819527163,3.5713875338838257,0.19480624806889063,0.0,0.7599478918177235,2.2330050516530684,0.9480661494650833,0.8745072111235093,0.7283284578326185,1.5631035361571508,94.82750332703576,58.75767228395343,358,tilted,periodic_rain
2023-12-25 00:00:00+09:00,3.8296514471539673,3.6294862771225307,0.20016517003143655,0.0,0.7697290540078054,2.2389631663224905,0.9475072650251286,0.8742443131978996,0.7351752713656757,1.5672742164257463,94.77327968893381,58.95783745398487,359,tilted,periodic_rain
2023-12-26 00:00:00+09:00,3.5675519588462676,3.378664762498097,0.18888719634817047,0.0,0.7795102161978874,2.2449212809919126,0.9469496867648235,0.8739816562682465,0.742022084898733,1.5714448966943417,94.70541148308165,59.14672465033304,360,tilted,periodic_rain
2023-12-27 00:00:00+09:00,4.070892394420492,3.853686587936598,0.21720580648389481,0.0,0.7892913783879694,2.2508793956613347,0.9463934000433415,0.8737192400782654,0.7488688984317903,1.5756155769629372,94.66441788582783,59.36393045681694,361,tilted,periodic_rain
2023-12-28 00:00:00+09:00,3.6504258137031123,3.453116710422811,0.1973091032803014,0.0,0.7990725405780513,2.2568375103307567,0.9458383906350263,0.8734570643732684,0.7557157119648475,1.5797862572315327,94.5949017087367,59.56123956009724,362,tilted,periodic_rain
2023-12-29 00:00:00+09:00,2.2181090108193966,2.0955198419469085,0.12258916887248805,0.0,0.8088537027681333,2.262795625000179,0.9452846447131453,0.8731951289001474,0.7625625254979048,1.5839569375001281,94.47325770399345,59.68382872896973,363,tilted,periodic_rain
2023-12-30 00:00:00+09:00,0.31964691384958427,0.3023604127072144,0.017286501142369872,10.0,0.6846762803139387,2.268753739669601,0.9524125019784795,0.872933433407358,0.6765316355850318,1.5881276177687236,94.59200123843388,59.7011152301121,364,tilted,periodic_rain
2023-12-31 00:00:00+09:00,1.9807633747834639,1.8843696786754545,0.09639369610800941,0.0,0.6944574425040207,2.274711854339023,0.9518430256511613,0.8726719776449038,0.6833784491180891,1.592298298037319,95.1335077508414,59.79750892622011,365,tilted,periodic_rain
2023-01-01 00:00:00+09:00,2.094138910153362,2.0737023483598187,0.020436561793543473,0.0,0.10632504132231416,0.10632550177095626,0.9901313430197564,0.9901313068243723,0.07442752892561992,0.07442785123966937,99.0241066772382,0.020436561793543473,1,vertical,no_rain
2023-01-02 00:00:00+09:00,1.752578017383498,1.7344321441082733,0.018145873275224777,0.0,0.11265008264462836,0.11265100354191251,0.9896363625866911,0.9896362908366819,0.07885505785123985,0.07885570247933875,98.96461823124339,0.03858243506876825,2,vertical,no_rain
2023-01-03 00:00:00+09:00,1.8193391665648782,1.7996274379792074,0.019711728585670656,0.0,0.11897512396694257,0.11897650531286877,0.9891456435918877,0.9891455368683393,0.08328258677685978,0.08328355371900813,98.91654459223848,0.05829416365443891,3,vertical,no_rain
2023-01-04 00:00:00+09:00,1.6047153245800847,1.5864566730362595,0.018258651543825232,0.0,0.12530016528925678,0.12530200708382502,0.9886589284729137,0.988658787306103,0.0877101157024797,0.0877114049586775,98.86218750053982,0.07655281519826414,4,vertical,no_rain
2023-01-05 00:00:00+09:00,1.346129212420365,1.3300397642279111,0.01608944819245383,0.0,0.13162520661157098,0.13162750885478128,0.9881759876613344,0.9881758125378776,0.09213764462809963,0.09213925619834688,98.80476197648778,0.09264226339071796,5,vertical,no_rain
2023-01-06 00:00:00+09:00,2.200479994639602,2.173525440967524,0.026954553672077854,0.0,0.1379502479338852,0.13795301062573753,0.987696615348682,0.9876964067173676,0.09656517355371956,0.09656710743801626,98.77506027149806,0.11959681706279582,6,vertical,no_rain
2023-01-07 00:00:00+09:00,2.188122712862083,2.1602564855710873,0.02786622729099568,0.0,0.1442752892561994,0.1442785123966938,0.9872206260573779,0.987220384333977,0.10099270247933949,0.10099495867768564,98.72647785578047,0.14746304435379148,7,vertical,no_rain
2023-01-08 00:00:00+09:00,2.159280338313746,2.1307309299571635,0.02854940835658274,0.0,0.1506003305785136,0.15060401416765004,0.9867478518349951,0.9867475774062662,0.10542023140495942,0.10542280991735502,98.67782761459877,0.17601245271037422,8,vertical,no_rain
2023-01-09 00:00:00+09:00,1.864593696982031,1.8389325397258418,0.025661157256189077,0.0,0.1569253719008278,0.1569295159386063,0.9862781399371342,0.9862778331641865,0.10984776033057934,0.1098506611570244,98.62376681323532,0.2016736099665633,9,vertical,no_rain
2023-01-10 00:00:00+09:00,2.0360429425015534,2.007137889953319,0.028905052548234108,0.0,0.16325041322314202,0.16325501770956255,0.9858113508975621,0.9858110121187027,0.11427528925619927,0.11427851239669377,98.58033188078437,0.23057866251479742,10,vertical,no_rain
2023-01-11 00:00:00+09:00,2.103574702691777,2.072731446129634,0.03084325656214306,0.0,0.16957545454545622,0.1695805194805188,0.9853473569084021,0.9853469864415635,0.1187028181818192,0.11870636363636315,98.53376937255067,0.26142191907694046,11,vertical,no_rain
2023-01-12 00:00:00+09:00,2.209272072969854,2.1758920848414274,0.03337998812842703,0.0,0.17590049586777043,0.17590602125147506,0.9848860404508616,0.9848856385956852,0.12313034710743913,0.12313421487603253,98.48909563757103,0.2948019072053675,12,vertical,no_rain
2023-01-13 00:00:00+09:00,1.7437240976006296,1.7162943033721123,0.027429794228517372,0.0,0.1822255371900846,0.1822315230224313,0.9844272931301372,0.9844268601697728,0.12755787603305904,0.12756206611570192,98.42694183866239,0.32223170143388485,13,vertical,no_rain
2023-01-14 00:00:00+09:00,0.8512989957754408,0.8370919673264737,0.014207028448967082,0.0,0.18855057851239881,0.18855702479338757,0.9839710146780273,0.9839705508806957,0.13198540495867897,0.1319899173553713,98.33113529800114,0.33643872988285195,14,vertical,no_rain
2023-01-15 00:00:00+09:00,1.5116452421762498,1.4863008324875433,0.02534440968870634,0.0,0.19487561983471302,0.19488252656434382,0.9835171120942998,0.9835166177146581,0.1364129338842989,0.13641776859504068,98.32338904780202,0.3617831395715583,15,vertical,no_rain
2023-01-16 00:00:00+09:00,0.8841133933769919,0.8685984001491631,0.015514993227828767,0.0,0.20120066115702723,0.20120802833530008,0.9830654989036403,0.9830649741839785,0.14084046280991883,0.14084561983471006,98.24513537018514,0.37729813279938706,16,vertical,no_rain
2023-01-17 00:00:00+09:00,2.326665732937716,2.2861058850185434,0.04055984791917257,0.0,0.20752570247934143,0.20753353010625633,0.9826160945094794,0.9826155396807763,0.14526799173553875,0.14527347107437943,98.25673936118187,0.4178579807185596,17,vertical,no_rain
2023-01-18 00:00:00+09:00,1.3823397096023817,1.3572962363322438,0.025043473270138013,0.0,0.2138507438016555,0.2138590318772126,0.9821688236295064,0.9821682389123633,0.14969552066115868,0.1497013223140488,98.18832714591254,0.4429014539886976,18,vertical,no_rain
2023-01-19 00:00:00+09:00,2.18475111293713,2.1445940137046127,0.04015709923251788,0.0,0.22017578512396954,0.22018453364816887,0.9817236158004325,0.9817230014059036,0.1541230495867786,0.1541291735537182,98.16193711976047,0.4830585532212155,19,vertical,no_rain
2023-01-20 00:00:00+09:00,1.9130768749540656,1.8769086016821965,0.03616827327186891,0.0,0.22650082644628358,0.22651003541912512,0.9812804049417665,0.9812797610721,0.15855057851239854,0.15855702479338757,98.10941871989658,0.5192268264930844,20,vertical,no_rain
2023-01-21 00:00:00+09:00,1.2729778044206885,1.2479700626785541,0.025007741742134285,0.0,0.23282586776859762,0.23283553719008138,0.9808391289701218,0.9808384558194224,0.16297810743801847,0.16298487603305695,98.03549271202611,0.5442345682352187,21,vertical,no_rain
2023-01-22 00:00:00+09:00,1.956461941885737,1.9177517424327069,0.03871019945303024,0.0,0.23915090909091166,0.23916103896103763,0.980399729456989,0.9803990272118137,0.1674056363636384,0.16741272727272632,98.02141822315647,0.5829447676882489,22,vertical,no_rain
2023-01-23 00:00:00+09:00,1.9202743298400577,1.8814104920702592,0.03886383776979861,0.0,0.2454759504132257,0.24548654073199389,0.9799621513240566,0.9799614201639513,0.17183316528925832,0.1718405785123957,97.97613095348541,0.6218086054580475,23,vertical,no_rain
2023-01-24 00:00:00+09:00,1.8794219019678355,1.8404689322235117,0.03895296974432384,0.0,0.2518009917355397,0.25181204250295014,0.979526342571101,0.9795255826690856,0.17626069421487825,0.17626842975206508,97.92739620073925,0.6607615752023713,24,vertical,no_rain
2023-01-25 00:00:00+09:00,0.46914256914770774,0.45849347981694916,0.010649089330758569,0.0,0.25812603305785375,0.2581375442739064,0.9790922540322354,0.979091465555243,0.18068822314049818,0.18069628099173446,97.73009527783744,0.6714106645331299,25,vertical,no_rain
2023-01-26 00:00:00+09:00,0.7567553867901875,0.7396959562602174,0.017059430529970086,0.0,0.2644510743801678,0.26446304604486265,0.9786598391569385,0.978659022266215,0.1851157520661181,0.18512413223140384,97.74571402757655,0.6884700950631,26,vertical,no_rain
2023-01-27 00:00:00+09:00,2.8044907930290806,2.743347729251663,0.06114306377741773,0.0,0.27077611570248183,0.2707885478158189,0.9782290538128147,0.9782282086642824,0.18954328099173803,0.18955198347107322,97.81981584930153,0.7496131588405177,27,vertical,no_rain
2023-01-28 00:00:00+09:00,2.7393355660325462,2.6783908280905324,0.06094473794201399,0.0,0.2771011570247959,0.27711404958677516,0.9777998561074707,0.9777989828520608,0.19397080991735796,0.1939798347107426,97.77519999018295,0.8105578967825318,28,vertical,no_rain
2023-01-29 00:00:00+09:00,1.0365438557734536,1.0121995992823283,0.02434425649112534,0.0,0.2834261983471099,0.2834395513577314,0.9773722062272645,0.9773713050112206,0.1983983388429779,0.19840768595041197,97.65140120646801,0.8349021532736571,29,vertical,no_rain
2023-01-30 00:00:00+09:00,2.706031071158406,2.643452237117805,0.06257883404060141,0.0,0.28975123966942395,0.28976505312868767,0.9769460662909863,0.9769451372561436,0.20282586776859782,0.20283553719008135,97.68743106065621,0.8974809873142585,30,vertical,no_rain
2023-01-31 00:00:00+09:00,2.8702789110983016,2.8027656512727677,0.06751325982553391,0.0,0.296076280991738,0.2960905548996439,0.9765214002167942,0.9765204435008354,0.20725339669421775,0.20726338842975073,97.64785019447116,0.9649942471397924,31,vertical,no_rain
2023-02-01 00:00:00+09:00,2.930266188694394,2.8601242830523925,0.0701419056420013,0.0,0.30240132231405203,0.3024160566706002,0.9760981736009476,0.9760971893376394,0.21168092561983767,0.2116912396694201,97.60629577228771,1.0351361527817937,32,vertical,no_rain
2023-02-02 00:00:00+09:00,2.5728018200762297,2.5099383606974963,0.0628634593787338,0.0,0.3087263636363661,0.30874155844155643,0.9756763536070667,0.9756753419264772,0.2161084545454576,0.21611909090908948,97.55661478127877,1.0979996121605275,33,vertical,no_rain
2023-02-03 00:00:00+09:00,2.896776816947238,2.8249387557438803,0.0718380612033575,0.0,0.3150514049586801,0.3150670602125127,0.9752559088648093,0.9752548698935092,0.22053598347107753,0.22054694214875886,97.52006917539944,1.1698376733638851,34,vertical,no_rain
2023-02-04 00:00:00+09:00,2.651454636491181,2.5844329657432557,0.06702167074792507,0.0,0.32137644628099415,0.32139256198346894,0.974836809376989,0.9748357432382382,0.22496351239669746,0.22497479338842824,97.47226787041626,1.23685934411181,35,vertical,no_rain
2023-02-05 00:00:00+09:00,2.9438540229304007,2.8683764419702844,0.0754775809601162,0.0,0.3277014876033082,0.3277180637544252,0.9744190264342832,0.9744179332482035,0.22939104132231738,0.22940264462809762,97.43609634267858,1.3123369250719263,36,vertical,no_rain
2023-02-06 00:00:00+09:00,2.13087546824115,2.0748365033243017,0.056038964916848316,0.0,0.33402652892562223,0.33404356552538145,0.9740025325367728,0.9740014124205083,0.2338185702479373,0.233830495867767,97.3701435981567,1.3683758899887746,37,vertical,no_rain
2023-02-07 00:00:00+09:00,0.5530849913001082,0.5372657071365395,0.015819284163568766,0.0,0.3403515702479363,0.3403690672963377,0.9735873013216498,0.9735861543895165,0.23824609917355724,0.23825834710743637,97.1398095387866,1.3841951741523433,38,vertical,no_rain
2023-02-08 00:00:00+09:00,2.845921527762405,2.769301425175361,0.07662010258704346,0.0,0.3466766115702503,0.34669456906729396,0.9731733074965021,0.9731721338601268,0.24267362809917717,0.24268619834710575,97.30772258336701,1.4608152767393867,39,vertical,no_rain
2023-02-09 00:00:00+09:00,1.5094864381480397,1.467407853518497,0.0420785846295427,0.0,0.35300165289256435,0.3530200708382502,0.9727605267776512,0.9727593265461015,0.2471011570247971,0.24711404958677513,97.21239068029202,1.5028938613689293,40,vertical,no_rain
2023-02-10 00:00:00+09:00,3.204698484791993,3.1160006110365877,0.08869787375540503,0.0,0.3593266942148784,0.3593455726092067,0.9723489358330775,0.9723477091129828,0.251528685950417,0.25154190082644473,97.23225525969686,1.5915917351243343,41,vertical,no_rain
2023-02-11 00:00:00+09:00,3.1798942416837965,3.0905434681694484,0.08935077351434811,0.0,0.36565173553719243,0.3656710743801636,0.9719385122295151,0.9719372591251807,0.2559562148760369,0.2559697520661148,97.19013379932296,1.6809425086386824,42,vertical,no_rain
2023-02-12 00:00:00+09:00,2.1685506903942944,2.106076249326667,0.062474441067627555,0.0,0.3719767768595065,0.37199657615112053,0.9715292343833486,0.9715279549968612,0.26038374380165685,0.2603976033057848,97.11906936995473,1.74341694970631,43,vertical,no_rain
2023-02-13 00:00:00+09:00,3.078833488919507,2.9897070836229096,0.08912640529659724,0.0,0.3783018181818205,0.37832207792207745,0.9711210815149748,0.9711197759463025,0.2648112727272768,0.26482545454545486,97.10518916929556,1.832543355002907,44,vertical,no_rain
2023-02-14 00:00:00+09:00,1.8052295390431037,1.7514482571061165,0.053781281936987044,0.0,0.38462685950413456,0.38464757969303437,0.9707140336063335,0.9707127019534194,0.2692388016528967,0.2692533057851249,97.02080645292925,1.886324636939894,45,vertical,no_rain
2023-02-15 00:00:00+09:00,1.4626672267067038,1.4182036995860288,0.04446352712067492,0.0,0.3909519008264486,0.3909730814639913,0.9703080713613386,0.9703067137201887,0.27366633057851664,0.27368115702479495,96.960106420051,1.9307881640605689,46,vertical,no_rain
2023-02-16 00:00:00+09:00,0.49464738336498537,0.47834189263755844,0.01630549072742689,0.0,0.39727694214876264,0.3972985832349482,0.9699031761689672,0.969901792633733,0.27809385950413656,0.278109008264465,96.70361326557436,1.9470936547879958,47,vertical,no_rain
2023-02-17 00:00:00+09:00,2.88641569602801,2.7979843335218133,0.08843136250619646,0.0,0.4036019834710767,0.40362408500590513,0.9694993300687891,0.9694979207318457,0.2825213884297565,0.28253685950413504,96.93629151795818,2.035525017294192,48,vertical,no_rain
2023-02-18 00:00:00+09:00,1.24679839791812,1.2070280081350429,0.03977038978307733,0.0,0.4099270247933907,0.40994958677686205,0.9690965157187402,0.9690950806707598,0.2869489173553764,0.2869647107438051,96.8101988381213,2.0752954070772693,49,vertical,no_rain
2023-02-19 00:00:00+09:00,2.1791114118714443,2.110065394268242,0.06904601760320224,0.0,0.41625206611570476,0.41627508854781897,0.9686947163649609,0.9686932556949819,0.29137644628099635,0.29139256198347513,96.83145995991528,2.1443414246804715,50,vertical,no_rain
2023-02-20 00:00:00+09:00,3.362088813675883,3.255373472179482,0.10671534149640124,0.0,0.42257710743801913,0.4226005903187759,0.9682939158135374,0.9682924296090302,0.2958039752066163,0.2958204132231452,96.82592140153116,2.251056766176873,51,vertical,no_rain
2023-02-21 00:00:00+09:00,3.170015123115345,3.0680326291978814,0.10198249391746303,0.0,0.4289021487603335,0.4289260920897328,0.9678940984040008,0.9678925867509295,0.3002315041322362,0.3002482644628152,96.78290197501519,2.3530392600943357,52,vertical,no_rain
2023-02-22 00:00:00+09:00,0.9805982261551401,0.9473572541346643,0.03324097202047589,0.0,0.4352271900826479,0.43525159386068973,0.9674952489844488,0.96749371196733,0.30465903305785613,0.30467611570248526,96.61013337227709,2.3862802321148116,53,vertical,no_rain
2023-02-23 00:00:00+09:00,3.3009121985193546,3.19209306096672,0.10881913755263423,0.0,0.44155223140496225,0.44157709563164665,0.9670973528881696,0.9670957905901278,0.30908656198347606,0.3091039669421553,96.70336164647317,2.4950993696674457,54,vertical,no_rain
2023-02-24 00:00:00+09:00,2.94588942512976,2.8473121289585546,0.09857729617120531,0.0,0.4478772727272766,0.4479025974026036,0.9667003959116562,0.9666988084144769,0.313514090909096,0.31353181818182535,96.65373400202,2.593676665838651,55,vertical,no_rain
2023-02-25 00:00:00+09:00,3.537466846338252,3.4182204677718673,0.11924637856638473,0.0,0.454202314049591,0.4542280991735605,0.9663043642939121,0.9663027516780907,0.3179416198347159,0.3179596694214954,96.62904604491712,2.712923044405036,56,vertical,no_rain
2023-02-26 00:00:00+09:00,3.6021092309157616,3.4792939389599096,0.1228152919558524,0.0,0.46052735537190537,0.4605536009445174,0.9659092446969515,0.9659076070417417,0.32236914876033584,0.32238752066116544,96.5904617521932,2.8357383363608886,57,vertical,no_rain
2023-02-27 00:00:00+09:00,3.2996747615363935,3.185639168258752,0.11403559327764158,0.0,0.46685239669421974,0.46687910271547434,0.9655150241874151,0.9655133615708738,0.32679667768595577,0.3268153719008355,96.54403535139492,2.94977392963853,58,vertical,no_rain
2023-02-28 00:00:00+09:00,3.4283907705683907,3.308633226030727,0.1197575445376636,0.0,0.4731774380165341,0.47320460448643126,0.9651216902192187,0.9651200027182483,0.3312242066115757,0.3312432231405055,96.50688755885872,3.069531474176194,59,vertical,no_rain
2023-03-01 00:00:00+09:00,3.4207330329293426,3.299903149196354,0.12082988373298847,0.0,0.4795024793388485,0.4795301062573882,0.9647292306171663,0.9647275183075561,0.33565173553719563,0.33567107438017557,96.4677195627419,3.1903613579091825,60,vertical,no_rain
2023-03-02 00:00:00+09:00,3.115116462204967,3.0035922596214193,0.11152420258354795,0.0,0.48582752066116286,0.4858556080283451,0.9643376335614616,0.9643358965179263,0.34007926446281556,0.3400989256198456,96.4199026284684,3.3018855604927304,61,vertical,no_rain
2023-03-03 00:00:00+09:00,2.7928951206912673,2.6914955261472255,0.10139959454404178,0.0,0.49215256198347723,0.492181109799302,0.9639468875730566,0.9639451258692731,0.3445067933884355,0.34452677685951566,96.36937335051292,3.403285155036772,62,vertical,no_rain
2023-03-04 00:00:00+09:00,1.2990717255776454,1.2502347489919403,0.0488369765857051,0.0,0.4984776033057916,0.49850661157025894,0.963556981499783,0.9635551952084263,0.3489343223140554,0.3489546280991857,96.24062508450108,3.4521221316224775,63,vertical,no_rain
2023-03-05 00:00:00+09:00,1.0089658540650528,0.970442903000446,0.038522951064606674,0.0,0.504802644628106,0.5048321133412159,0.9631679045032154,0.9631660936959917,0.35336185123967534,0.35338247933885575,96.18193708841578,3.490645082687084,64,vertical,no_rain
2023-03-06 00:00:00+09:00,2.7838098902053474,2.679441918168757,0.10436797203659014,0.0,0.5111276859504204,0.5111576151121728,0.962779646046218,0.9627778107938971,0.35778938016529527,0.3578103305785258,96.25089441618114,3.5950130547236743,65,vertical,no_rain
2023-03-07 00:00:00+09:00,2.254429987854104,2.168602576629457,0.08582741122464731,0.0,0.5174527272727347,0.5174831168831298,0.9623921958811318,0.9623903362535776,0.3622169090909152,0.36223818181819584,96.19294403964426,3.6808404659483216,66,vertical,no_rain
2023-03-08 00:00:00+09:00,1.9793001105679293,1.902635462194193,0.07666464837373616,0.0,0.5237777685950491,0.5238086186540867,0.9620055440385618,0.962003660104762,0.3666444380165351,0.3666660330578659,96.12667892229145,3.7575051143220577,67,vertical,no_rain
2023-03-09 00:00:00+09:00,3.520417305202438,3.3846897863095418,0.13572751889289628,0.0,0.5301028099173635,0.5301341204250436,0.9616196808167276,0.9616177726448214,0.37107196694215505,0.3710938842975359,96.14456164920222,3.893232633214954,68,vertical,no_rain
2023-03-10 00:00:00+09:00,3.7825892753822634,3.63555332076184,0.14703595462042315,0.0,0.5364278512396778,0.5364596221960005,0.9612345967713415,0.9612326644286466,0.375499495867775,0.37552173553720597,96.11282262186491,4.040268587835377,69,vertical,no_rain
2023-03-11 00:00:00+09:00,3.7218796710229625,3.5757185414030856,0.14616112961987676,0.0,0.5427528925619922,0.5427851239669574,0.960850282705983,0.9608483262590214,0.3799270247933949,0.379949586776876,96.0729216810036,4.186429717455254,70,vertical,no_rain
2023-03-12 00:00:00+09:00,3.21238779546848,3.0844375240723907,0.12795027139608905,0.0,0.5490779338843066,0.5491106257379144,0.9604667296629397,0.9604647491774619,0.38435455371901484,0.38437743801654606,96.01697305734442,4.314379988851343,71,vertical,no_rain
2023-03-13 00:00:00+09:00,2.2034899085471564,2.1138750977965652,0.08961481075059088,0.0,0.555402975206621,0.5554361275088713,0.9600839289144858,0.9600819244554955,0.38878208264463476,0.3888052892562161,95.93305100227677,4.403994799601934,72,vertical,no_rain
2023-03-14 00:00:00+09:00,3.1037608101279464,2.977595027662374,0.1261657824655725,0.0,0.5617280165289353,0.5617616292798282,0.9597018719545758,0.959699843586351,0.3932096115702547,0.39323314049588615,95.93506748155728,4.530160582067507,73,vertical,no_rain
2023-03-15 00:00:00+09:00,3.7630620315266405,3.6094521990043105,0.15360983252232982,0.0,0.5680530578512497,0.5680871310507851,0.9593205504909241,0.9593184982770401,0.3976371404958746,0.3976609917355562,95.91795640796248,4.683770414589836,74,vertical,no_rain
2023-03-16 00:00:00+09:00,3.2583714657823335,3.1235453526039056,0.13482611317842755,0.0,0.5743780991735641,0.574412632821742,0.9589399564374538,0.9589378804408034,0.40206466942149455,0.40208884297522623,95.86216259888415,4.818596527768264,75,vertical,no_rain
2023-03-17 00:00:00+09:00,2.8706077690934,2.750375288115366,0.12023248097803436,0.0,0.5807031404958785,0.580738134592699,0.9585600819070894,0.9585579821899033,0.4064921983471145,0.4065166942148963,95.81160190979325,4.938829008746298,76,vertical,no_rain
2023-03-18 00:00:00+09:00,2.9446138236551387,2.8201680904073743,0.12444573324776417,0.0,0.5870281818181928,0.5870636363636559,0.9581809192048771,0.958178795828743,0.4109197272727344,0.4109445454545663,95.77378424810591,5.0632747419940625,77,vertical,no_rain
2023-03-19 00:00:00+09:00,3.2070806398502194,3.0706144449895514,0.13646619486066836,0.0,0.5933532231405072,0.5933891381346128,0.9578024608214131,0.9578003138472938,0.41534725619835433,0.41537239669423637,95.74484678791733,5.199740936854731,78,vertical,no_rain
2023-03-20 00:00:00+09:00,3.728876800769282,3.569468047901943,0.15940875286733874,0.0,0.5996782644628216,0.5997146399055697,0.9574246994265625,0.9574225289148144,0.41977478512397426,0.4198002479339064,95.72501958674385,5.35914968972207,79,vertical,no_rain
2023-03-21 00:00:00+09:00,3.932181726917539,3.7627484507903644,0.16943327612717482,0.0,0.606003305785136,0.6060401416765266,0.9570476278634544,0.9570454338738443,0.4242023140495942,0.42422809917357646,95.69111277418008,5.528582965849245,80,vertical,no_rain
2023-03-22 00:00:00+09:00,3.781056184789105,3.616511294206458,0.16454489058264712,0.0,0.6123283471074503,0.6123656434474836,0.9566712391427381,0.9566690217344594,0.4286298429752141,0.4286559504132465,95.64817652684987,5.693127856431892,81,vertical,no_rain
2023-03-23 00:00:00+09:00,3.632872715078756,3.4732725880828443,0.15960012699591164,0.0,0.6186533884297647,0.6186911452184405,0.9562955264370842,0.9562932856687733,0.43305737190083404,0.43308380165291654,95.60677900072115,5.852727983427804,82,vertical,no_rain
2023-03-24 00:00:00+09:00,3.861398203059882,3.690592387832794,0.1708058152270882,0.0,0.6249784297520791,0.6250166469893974,0.9559204830759218,0.9559182190056728,0.43748490082645397,0.4375116528925866,95.57658116969814,6.023533798654892,83,vertical,no_rain
2023-03-25 00:00:00+09:00,3.8088296685245226,3.6388408955151834,0.16998877300933893,0.0,0.6313034710743934,0.6313421487603543,0.955546102540396,0.9555438152257757,0.4419124297520739,0.44193950413225663,95.53698149292168,6.193522571664231,84,vertical,no_rain
2023-03-26 00:00:00+09:00,3.7233203382575537,3.5556261516208707,0.1676941866366829,0.0,0.6376285123967078,0.6376676505313112,0.9551723784585351,0.9551700679565975,0.4463399586776938,0.4463673553719267,95.49611176579126,6.361216758300914,85,vertical,no_rain
2023-03-27 00:00:00+09:00,4.075062175033713,3.890370969959236,0.18469120507447653,0.0,0.6439535537190222,0.6439931523022682,0.9547993046006187,0.9547969709679182,0.45076748760331375,0.4507952066115967,95.46776964027674,6.545907963375391,86,vertical,no_rain
2023-03-28 00:00:00+09:00,4.059339266871673,3.8738207676609573,0.1855184992107151,0.0,0.6502785950413366,0.6503186540732251,0.9544268748747335,0.9544245181673382,0.4551950165289337,0.45522305785126677,95.42983507871011,6.731426462586106,87,vertical,no_rain
2023-03-29 00:00:00+09:00,2.8588268088719,2.725889606467777,0.13293720240412338,0.0,0.6566036363636509,0.656644155844182,0.9540550833225102,0.9540527035960149,0.4596225454545536,0.4596509090909368,95.34993858349256,6.86436366499023,88,vertical,no_rain
2023-03-30 00:00:00+09:00,2.8570416363111764,2.7231350278075417,0.1339066085036348,0.0,0.6629286776859653,0.6629696576151389,0.9536839241150301,0.9536815214245683,0.46405007438017354,0.46407876033060685,95.31310265829636,6.998270273493865,89,vertical,no_rain
2023-03-31 00:00:00+09:00,3.3732485491877418,3.21452327720896,0.15872527197878164,0.0,0.6692537190082797,0.6692951593860959,0.9533133915488954,0.9533109659491513,0.46847760330579347,0.4685066115702769,95.2945871119695,7.156995545472646,90,vertical,no_rain
2023-04-01 00:00:00+09:00,3.563228215751174,3.394443323497564,0.16878489225360999,0.0,0.675578760330594,0.6756206611570528,0.9529434800424528,0.9529410315876728,0.4729051322314134,0.47293446280994694,95.26314673004947,7.325780437726256,91,vertical,no_rain
2023-04-02 00:00:00+09:00,4.13360717468487,3.9370414222722583,0.1965657524126112,0.0,0.6819038016529084,0.6819461629280097,0.952574184132165,0.9525717128761689,0.4773326611570333,0.477362314049617,95.24469200613875,7.522346190138867,92,vertical,no_rain
2023-04-03 00:00:00+09:00,4.107858401899313,3.910956816330711,0.19690158556860185,0.0,0.6882288429752228,0.6882716646989666,0.9522054984691224,0.9522030044653138,0.48176019008265325,0.48179016528928703,95.20670952344506,7.719247775707469,93,vertical,no_rain
2023-04-04 00:00:00+09:00,4.441281428579694,4.22714544928355,0.21413597929614422,0.0,0.6945538842975372,0.6945971664699235,0.9518374178156872,0.9518349011170644,0.4861877190082732,0.4862180165289571,95.17850911409988,7.9333837550036135,94,vertical,no_rain
2023-04-05 00:00:00+09:00,4.399265693211073,4.185489707689017,0.21377598552205604,0.0,0.7008789256198515,0.7009226682408805,0.9514699370422659,0.9514673977014312,0.4906152479338931,0.4906458677686271,95.14064390673302,8.14715974052567,95,vertical,no_rain
2023-04-06 00:00:00+09:00,4.014154871988202,3.817217768169991,0.19693710381821097,0.0,0.7072039669421659,0.7072481700118374,0.9511030511242023,0.9511004891933721,0.49504277685951303,0.49507371900829716,95.09393359004436,8.34409684434388,96,vertical,no_rain
2023-04-07 00:00:00+09:00,3.6395780039273213,3.459169340353904,0.1804086635734171,0.0,0.7135290082644803,0.7135736717827943,0.9507367551387861,0.9507341706698004,0.49947030578513296,0.4995015702479672,95.04314337050214,8.524505507917297,97,vertical,no_rain
2023-04-08 00:00:00+09:00,4.347280240866414,4.131147745294122,0.2161324955722928,0.0,0.7198540495867934,0.71989917355375,0.9503710442623721,0.9503684373067035,0.5038978347107517,0.5039294214876361,95.02832843531574,8.74063800348959,98,vertical,no_rain
2023-04-09 00:00:00+09:00,4.117283018160086,3.9108306836669775,0.20645233449310899,0.0,0.7261790909091065,0.7262246753247056,0.9500059137676049,0.9500032843763674,0.5083253636363703,0.5083572727273048,94.98571427850575,8.947090337982699,99,vertical,no_rain
2023-04-10 00:00:00+09:00,3.7405421626362405,3.5511975148006347,0.18934464783560573,0.0,0.7325041322314195,0.7325501770956612,0.9496413590207441,0.9496387072447015,0.5127528925619889,0.5127851239669735,94.93804267929545,9.136434985818305,100,vertical,no_rain
2023-04-11 00:00:00+09:00,2.9492219075027,2.7978667336833576,0.15135517381934266,0.0,0.7388291735537326,0.7388756788666168,0.9492773754790851,0.9492747013686593,0.5171804214876075,0.5172129752066422,94.86796251464492,9.287790159637648,101,vertical,no_rain
2023-04-12 00:00:00+09:00,3.294737249899427,3.124991822151488,0.16974542774793888,0.0,0.7451542148760456,0.7452011806375723,0.948913958688473,0.9489112622937521,0.521607950413226,0.5216408264463109,94.84798286257514,9.457535587385587,102,vertical,no_rain
2023-04-13 00:00:00+09:00,3.9492321754778112,3.745147396341073,0.20408477913673823,0.0,0.7514792561983586,0.7515266824085279,0.9485511042809028,0.9485483856516491,0.5260354793388446,0.5260686776859796,94.83229220089989,9.661620366522326,103,vertical,no_rain
2023-04-14 00:00:00+09:00,4.27933420076815,4.0570666634542984,0.22226753731385182,0.0,0.7578042975206717,0.7578521841794835,0.9481888079722057,0.9481860671578627,0.5304630082644632,0.5304965289256484,94.80602526266927,9.883887903836179,104,vertical,no_rain
2023-04-15 00:00:00+09:00,3.6715930128116376,3.478842684085246,0.19275032872639164,0.0,0.7641293388429847,0.7641776859504391,0.9478270655598136,0.9478243026095133,0.5348905371900818,0.5349243801653171,94.75022618101163,10.076638232562571,105,vertical,no_rain
2023-04-16 00:00:00+09:00,4.014960000941174,3.803221487800635,0.21173851314053882,0.0,0.7704543801652978,0.7705031877213947,0.9474658729206018,0.9474630878831727,0.5393180661157004,0.5393522314049858,94.72626095674917,10.28837674570311,106,vertical,no_rain
2023-04-17 00:00:00+09:00,1.9148285260597149,1.810786271702202,0.10404225435751291,0.0,0.7767794214876108,0.7768286894923503,0.9471052260088063,0.947102418932779,0.543745595041319,0.5437800826446545,94.56649757711682,10.392419000060622,107,vertical,no_rain
2023-04-18 00:00:00+09:00,3.461154208208483,3.275225516096774,0.18592869211170884,0.0,0.7831044628099239,0.7831541912633059,0.9467451208540095,0.9467422917876243,0.5481731239669376,0.5482079338843232,94.62813035978692,10.578347692172331,108,vertical,no_rain
2023-04-19 00:00:00+09:00,1.2177550638021137,1.1493690051233825,0.06838605867873129,0.0,0.7894295041322369,0.7894796930342615,0.9463855535591958,0.9463827025504088,0.5526006528925562,0.5526357851239919,94.38425175049454,10.646733750851062,109,vertical,no_rain
2023-04-20 00:00:00+09:00,2.161595151554948,2.042248510611555,0.11934664094339248,0.0,0.7957545454545499,0.795805194805217,0.9460265202988708,0.9460236473953604,0.5570281818181748,0.5570636363636606,94.4787699557181,10.766080391794455,110,vertical,no_rain
2023-04-21 00:00:00+09:00,4.255460145524371,4.023270511066699,0.23218963445767132,0.0,0.802079586776863,0.8021306965761726,0.9456680173172433,0.9456651225664159,0.5614557107437934,0.5614914876033293,94.5437243795627,10.998270026252127,111,vertical,no_rain
2023-04-22 00:00:00+09:00,3.6598106016847294,3.4581953154328997,0.2016152862518297,0.0,0.808404628099176,0.8084561983471282,0.9453100409264666,0.945307124375463,0.565883239669412,0.565919338842998,94.49110054604958,11.199885312503957,112,vertical,no_rain
2023-04-23 00:00:00+09:00,4.027651239363615,3.804725654677187,0.22292558468642773,0.0,0.8147296694214891,0.8147817001180838,0.9449525875049379,0.9449496492006391,0.5703107685950306,0.5703471900826668,94.46512194234447,11.422810897190384,113,vertical,no_rain
2023-04-24 00:00:00+09:00,4.300631944364685,4.061381655372636,0.23925028899204914,0.0,0.8210547107438021,0.8211072018890394,0.9445956534956519,0.9445926934846839,0.5747382975206492,0.5747750413223355,94.43685737149514,11.662061186182434,114,vertical,no_rain
2023-04-25 00:00:00+09:00,3.8783307824168625,3.6607199669865724,0.21761081543029004,0.0,0.8273797520661151,0.827432703659995,0.944239235404607,0.9442362537333473,0.5791658264462678,0.5792028925620042,94.38905994256939,11.879672001612725,115,vertical,no_rain
2023-04-26 00:00:00+09:00,4.531911153342761,4.276795331956751,0.2551158213860099,0.0,0.8337047933884281,0.8337582054309507,0.9438833297992637,0.9438803265138461,0.5835933553718864,0.5836307438016729,94.37067910747025,12.134787822998735,116,vertical,no_rain
2023-04-27 00:00:00+09:00,4.334844627682096,4.088990656871818,0.24585397081027816,0.0,0.8400298347107411,0.840083707201907,0.9435279333070501,0.9435249084533698,0.588020884297505,0.5880585950413416,94.32842484733439,12.380641793809014,117,vertical,no_rain
2023-04-28 00:00:00+09:00,4.493405680932381,4.2371418835653305,0.25626379736704985,0.0,0.8463548760330541,0.8464092089728632,0.9431730426139154,0.9431699962376341,0.5924484132231236,0.5924864462810103,94.2968915881667,12.636905591176063,118,vertical,no_rain
2023-04-29 00:00:00+09:00,4.4200656734978665,4.1663031467570155,0.2537625267408516,0.0,0.8526799173553672,0.8527347107438195,0.9428186544629277,0.9428155866094785,0.5968759421487422,0.596914297520679,94.25885166678908,12.890668117916915,119,vertical,no_rain
2023-04-30 00:00:00+09:00,3.9994926853188315,3.767964046147097,0.23152863917173475,0.0,0.8590049586776802,0.8590602125147757,0.9424647656529155,0.9424616763675078,0.6013034710743608,0.6013421487603477,94.21104981585239,13.12219675708865,120,vertical,no_rain
2023-05-01 00:00:00+09:00,3.4814600552555524,3.278126266395988,0.2033337888595644,0.0,0.8653299999999933,0.865385714285732,0.942111373037151,0.9421082623647747,0.6057309999999794,0.6057700000000165,94.15952543954612,13.325530545948215,121,vertical,no_rain
2023-05-02 00:00:00+09:00,4.445139317248794,4.185221039113824,0.25991827813497004,0.0,0.8716550413223063,0.8717112160566882,0.9417584735220734,0.9417553415075041,0.610158528925598,0.6101978512396852,94.15275293788002,13.585448824083185,122,vertical,no_rain
2023-05-03 00:00:00+09:00,2.398625010655378,2.255210457795007,0.14341455286037055,0.0,0.8779800826446194,0.8780367178276445,0.9414060640660504,0.9414029107538529,0.6145860578512166,0.6146257024793539,94.02096817037751,13.728863376943556,123,vertical,no_rain
2023-05-04 00:00:00+09:00,2.0961113590740608,1.9694470453128092,0.1266643137612515,0.0,0.8843051239669324,0.8843622195986007,0.9410541416781778,0.941050967112711,0.6190135867768352,0.6190535537190226,93.95717631065152,13.855527690704807,124,vertical,no_rain
2023-05-05 00:00:00+09:00,2.5523572641897476,2.3982002494061523,0.15415701478359536,0.0,0.8906301652892454,0.890687721369557,0.9407027034171134,0.9406995076425343,0.6234411157024538,0.6234814049586913,93.96021015762726,14.009684705488404,125,vertical,no_rain
2023-05-06 00:00:00+09:00,1.8991341464364575,1.7829385751933948,0.11619557124306278,0.0,0.8969552066115585,0.8970132231405132,0.9403517463899476,0.9403485294502152,0.6278686446280723,0.62790925619836,93.88165541327913,14.125880276731467,126,vertical,no_rain
2023-05-07 00:00:00+09:00,4.56785796062939,4.292838233304885,0.27501972732450575,0.0,0.9032802479338715,0.9033387249114695,0.9400012677511047,0.9399980296899844,0.6322961735536909,0.6323371074380287,93.9792408237096,14.400900004055972,127,vertical,no_rain
2023-05-08 00:00:00+09:00,4.250074674403674,3.9922173507603325,0.257857323643341,0.0,0.9096052892561846,0.9096642266824257,0.9396512647012786,0.9396480055623453,0.6367237024793095,0.6367649586776974,93.9328754575466,14.658757327699313,128,vertical,no_rain
2023-05-09 00:00:00+09:00,3.2128742816531664,3.0154172527690566,0.19745702888410988,0.0,0.9159303305784976,0.915989728453382,0.9393017344863973,0.9392984543130398,0.6411512314049281,0.6411928099173662,93.85419373513398,14.856214356583422,129,vertical,no_rain
2023-05-10 00:00:00+09:00,3.6308598030131827,3.4072879336210673,0.22357186939211526,0.0,0.9222553719008106,0.9223152302243383,0.9389526743966191,0.9389493732320434,0.6455787603305467,0.6456206611570349,93.84245381199855,15.079786225975537,130,vertical,no_rain
2023-05-11 00:00:00+09:00,3.73670462832817,3.5053437698366787,0.2313608584914912,0.0,0.9285804132231237,0.9286407319952945,0.9386040817653556,0.9386007596525887,0.6500062892561653,0.6500485123967036,93.808425297051,15.311147084467029,131,vertical,no_rain
2023-05-12 00:00:00+09:00,3.877680976293041,3.636598130006253,0.24108284628678775,0.0,0.9349054545454367,0.9349662337662508,0.9382559539683244,0.9382526109502175,0.6544338181817839,0.6544763636363723,93.78280864875953,15.552229930753816,132,vertical,no_rain
2023-05-13 00:00:00+09:00,3.7586673184942407,3.523365880798957,0.23530143769528372,0.0,0.9412304958677498,0.941291735537207,0.9379082884226269,0.937904924541859,0.6588613471074025,0.658904214876041,93.73976418350459,15.7875313684491,133,vertical,no_rain
2023-05-14 00:00:00+09:00,4.417999249001957,4.140910228621625,0.27708902038033256,0.0,0.9475555371900628,0.9476172373081633,0.9375610825858527,0.937557697884934,0.6632888760330211,0.6633320661157097,93.72817864459964,16.064620388829432,134,vertical,no_rain
2023-05-15 00:00:00+09:00,3.0070429741180287,2.815553151888893,0.1914898222291356,0.0,0.9538805785123758,0.9539427390791195,0.9372143339552091,0.937210928476484,0.6677164049586397,0.6677599173553784,93.63195591558514,16.25611021105857,135,vertical,no_rain
2023-05-16 00:00:00+09:00,4.275293782516615,4.003644396767071,0.2716493857495437,0.0,0.9602056198346889,0.9602682408500758,0.9368680400666743,0.9368646138523243,0.6721439338842583,0.6721877685950471,93.64606505264209,16.527759596808114,136,vertical,no_rain
2023-05-17 00:00:00+09:00,4.088512988924302,3.8273158809342442,0.2611971079900582,0.0,0.9665306611570019,0.966593742621032,0.9365221984941737,0.9365187515862212,0.6765714628098769,0.6766156198347159,93.61143993677811,16.78895670479817,137,vertical,no_rain
2023-05-18 00:00:00+09:00,0.3117434420162454,0.28801692313972144,0.023726518876523894,0.0,0.972855702479315,0.9729192443919883,0.9361768068487794,0.9361733392890899,0.6809989917354955,0.6810434710743846,92.38908805167824,16.812683223674696,138,vertical,no_rain
2023-05-19 00:00:00+09:00,2.909149276718653,2.7194261477692594,0.1897231289493937,0.0,0.979180743801628,0.9792447461629445,0.9358318627779303,0.935828374608216,0.6854265206611141,0.6854713223140533,93.47839829094676,17.00240635262409,139,vertical,no_rain
2023-05-20 00:00:00+09:00,3.9564893568691972,3.6990706237587894,0.2574187331104076,0.0,0.985505785123941,0.9855702479339008,0.9354873639646747,0.9354838552264969,0.6898540495867327,0.689899173553722,93.49375898955772,17.259825085734498,140,vertical,no_rain
2023-05-21 00:00:00+09:00,4.209764478841179,3.9349174338657202,0.27484704497545853,0.0,0.9918308264462541,0.991895749704857,0.9351433081269318,0.935139778861704,0.6942815785123513,0.6943270247933907,93.47120138532985,17.534672130709957,141,vertical,no_rain
2023-05-22 00:00:00+09:00,1.5169544302256786,1.4143031735136624,0.10265125671201616,0.0,0.9981558677685671,0.9982212514758133,0.9347996930167735,0.9347961432657639,0.6987091074379699,0.6987548760330594,93.23306919003859,17.637323387421972,142,vertical,no_rain
2023-05-23 00:00:00+09:00,0.35430349582562115,0.32732745704375915,0.02697603878186198,0.0,1.0044809090908802,1.0045467532467696,0.9344565164197254,0.9344529462240594,0.7031366363635885,0.7031827272727281,92.38617764157233,17.664299426203833,143,vertical,no_rain
2023-05-24 00:00:00+09:00,0.34455754100381797,0.3179072196977706,0.026650321306047373,0.0,1.0108059504131932,1.0108722550177258,0.9341137761540851,0.9341101855547485,0.7075641652892071,0.7076105785123968,92.26534957603725,17.69094974750988,144,vertical,no_rain
2023-05-25 00:00:00+09:00,1.8549528688629426,1.7284130814271412,0.1265397874358014,0.0,1.0171309917355063,1.017197756788682,0.9337714700702602,0.933767859108101,0.7119916942148257,0.7120384297520655,93.17827479285938,17.817489534945683,145,vertical,no_rain
2023-05-26 00:00:00+09:00,2.4950722413488133,2.325317899257348,0.16975434209146523,0.0,1.0234560330578193,1.0235232585596383,0.9334295960501212,0.9334259647658528,0.7164192231404443,0.7164662809917343,93.1964157478784,17.987243877037148,146,vertical,no_rain
2023-05-27 00:00:00+09:00,3.1979495280035253,2.98081293298427,0.21713659501925509,0.0,1.0297810743801323,1.0298487603305946,0.9330881520063731,0.933084500440576,0.7208467520660629,0.720894132231403,93.21013064409391,18.204380472056403,147,vertical,no_rain
2023-05-28 00:00:00+09:00,2.140219970235725,1.9923634545785898,0.1478565156571354,0.0,1.0361061157024454,1.0361742621015508,0.9327471358819416,0.9327434640750664,0.7252742809916815,0.7253219834710717,93.09152714611618,18.35223698771354,148,vertical,no_rain
2023-05-29 00:00:00+09:00,3.385118799009054,3.1534280754898734,0.2316907235191804,0.0,1.0424311570247584,1.042499763872507,0.932406545649376,0.9324028536417454,0.7297018099173,0.7297498347107404,93.15561026729682,18.583927711232718,149,vertical,no_rain
2023-05-30 00:00:00+09:00,3.888482671470715,3.6219327785289317,0.2665498929417828,0.0,1.0487561983470715,1.0488252656434633,0.9320663793102666,0.9320626671420776,0.7341293388429186,0.7341776859504091,93.14514386556421,18.8504776041745,150,vertical,no_rain
2023-05-31 00:00:00+09:00,2.48468022797251,2.311309298642389,0.1733709293301212,0.0,1.0550812396693845,1.0551507674144196,0.9317266348946772,0.9317229026060034,0.7385568677685372,0.7386055371900778,93.02240475944097,19.023848533504623,151,vertical,no_rain
2023-06-01 00:00:00+09:00,3.529154415508977,3.2843987130713197,0.24475570243765735,0.0,1.0614062809916975,1.0614762691853759,0.9313873104605912,0.9313835580913852,0.7429843966941558,0.7430333884297465,93.0647494096016,19.26860423594228,152,vertical,no_rain
2023-06-02 00:00:00+09:00,3.9725597414673954,3.69628903492107,0.2762707065463254,0.0,1.0677313223140106,1.067801770956332,0.9310484040933721,0.9310446316834672,0.7474119256197744,0.7474612396694152,93.04552418274582,19.544874942488605,153,vertical,no_rain
2023-06-03 00:00:00+09:00,1.253596576114837,1.163146122250941,0.09045045386389616,0.0,1.0740563636363236,1.0741272727272884,0.930709913905237,0.9307061214943496,0.751839454545393,0.751889090909084,92.78472392256994,19.6353253963525,154,vertical,no_rain
2023-06-04 00:00:00+09:00,4.083962091131516,3.797239616987391,0.28672247414412505,0.0,1.0803814049586367,1.0804527744982446,0.9303718380347437,0.9303680256624748,0.7562669834710116,0.7563169421487527,92.97930617997767,19.922047870496623,155,vertical,no_rain
2023-06-05 00:00:00+09:00,3.969038347386176,3.688795705314517,0.28024264207165905,0.0,1.0867064462809497,1.0867782762692009,0.9300341746462883,0.9300303423521264,0.7606945123966302,0.7607447933884214,92.93928106650282,20.202290512568283,156,vertical,no_rain
2023-06-06 00:00:00+09:00,3.1836744720707246,2.9565090511783136,0.22716542089241076,0.0,1.0930314876032627,1.0931037780401571,0.9296969219296185,0.9296930697529407,0.7651220413222488,0.7651726446280901,92.86467812946158,20.429455933460694,157,vertical,no_rain
2023-06-07 00:00:00+09:00,3.6640635347891153,3.402469605042417,0.2615939297466982,0.0,1.0993565289255758,1.0994292798111134,0.9293600780993551,0.9293562060794293,0.7695495702478674,0.7696004958677588,92.86055148162833,20.691049863207393,158,vertical,no_rain
2023-06-08 00:00:00+09:00,3.0789289819035384,2.857101674428766,0.2218273074747724,0.0,1.1056815702478888,1.1057547815820696,0.9290236413945271,0.9290197495705139,0.773977099173486,0.7740283471074275,92.79530938262731,20.912877170682165,159,vertical,no_rain
2023-06-09 00:00:00+09:00,4.0916349530710505,3.7974415454797,0.29419340759135,0.0,1.1120066115702019,1.112080283353026,0.9286876100781175,0.9286836984890718,0.7784046280991046,0.7784561983470962,92.80988135633805,21.207070578273516,160,vertical,no_rain
2023-06-10 00:00:00+09:00,1.9371538411420746,1.79442253036373,0.14273131077834467,0.0,1.118331652892515,1.1184057851239821,0.9283519824366195,0.9283480511214929,0.7828321570247232,0.7828840495867649,92.6319062664535,21.34980188905186,161,vertical,no_rain
2023-06-11 00:00:00+09:00,2.6159844899767823,2.4237656900972353,0.19221879987954718,0.0,1.124656694214828,1.1247312868949384,0.9280167567796038,0.9280128057772452,0.7872596859503418,0.7873119008264337,92.65214298417904,21.54202068893141,162,vertical,no_rain
2023-06-12 00:00:00+09:00,3.2324739523600177,2.995446410895636,0.23702754146438174,0.0,1.130981735537141,1.1310567886658947,0.9276819314392952,0.9276779607884537,0.7916872148759604,0.7917397520661024,92.66730235238775,21.77904823039579,163,vertical,no_rain
2023-06-13 00:00:00+09:00,3.480977611634561,3.2249283347613025,0.25604927687325846,0.0,1.137306776859454,1.137382290436851,0.9273475047701601,0.9273435145094857,0.796114743801579,0.7961676033057711,92.64432853525233,22.03509750726905,164,vertical,no_rain
2023-06-14 00:00:00+09:00,2.4152381562020895,2.234840176319943,0.180397979882147,0.0,1.143631818181767,1.1437077922078072,0.9270134751485026,0.9270094653165486,0.8005422727271976,0.8005954545454398,92.5308409268501,22.2154954871512,165,vertical,no_rain
2023-06-15 00:00:00+09:00,0.9953281597566712,0.9173837275535237,0.0779444322031475,0.0,1.14995685950408,1.1500332939787634,0.926679840972071,0.9266758116072951,0.8049698016528162,0.8050233057851085,92.16897146543079,22.293439919354345,166,vertical,no_rain
2023-06-16 00:00:00+09:00,3.802149079789884,3.5193303544339467,0.28281872535593694,0.0,1.1562819008263931,1.1563587957497197,0.9263466006596723,0.9263425518004382,0.8093973305784348,0.8094511570247772,92.56160872651614,22.576258644710283,167,vertical,no_rain
2023-06-17 00:00:00+09:00,1.239143481967617,1.1429760808479756,0.09616740111964119,0.0,1.1626069421487062,1.162684297520676,0.9260137526507961,0.9260096843353753,0.8138248595040534,0.8138790082644459,92.23920373071417,22.672426045829923,168,vertical,no_rain
2023-06-18 00:00:00+09:00,1.3474083610184535,1.2428360477857652,0.10457231323268829,0.0,1.1689319834710192,1.1690097992916322,0.925681295405247,0.92567720767182,0.818252388429672,0.8183068595041146,92.23900368603574,22.77699835906261,169,vertical,no_rain
2023-06-19 00:00:00+09:00,3.866781421110654,3.5752936428001254,0.29148777831052824,0.0,1.1752570247933323,1.1753353010625884,0.9253492274027854,0.9253451202894436,0.8226799173552906,0.8227347107437833,92.46174669405532,23.06848613737314,170,vertical,no_rain
2023-06-20 00:00:00+09:00,3.991768133966471,3.6897375837262802,0.3020305502401908,0.0,1.1815820661156453,1.1816608028335447,0.9250175471427758,0.9250134206875222,0.8271074462809092,0.8271625619834521,92.43366497993274,23.37051668761333,171,vertical,no_rain
2023-06-21 00:00:00+09:00,3.909513254796325,3.6123004123624503,0.2972128424338745,0.0,1.1879071074379584,1.187986304604501,0.9246862531438439,0.9246821073845954,0.8315349752065277,0.8315904132231208,92.39770214183969,23.667729530047204,172,vertical,no_rain
2023-06-22 00:00:00+09:00,3.727242646256235,3.44227140406947,0.2849712421867652,0.0,1.1942321487602714,1.1943118063754572,0.9243553439435406,0.9243511789181285,0.8359625041321463,0.8360182644627895,92.35436838347513,23.952700772233968,173,vertical,no_rain
2023-06-23 00:00:00+09:00,3.4751788201241625,3.20788729982261,0.2672915203015529,0.0,1.2005571900825844,1.2006373081464135,0.9240248180980133,0.9240206338441853,0.8403900330577649,0.8404461157024582,92.30855348352972,24.21999229253552,174,vertical,no_rain
2023-06-24 00:00:00+09:00,3.6294010107566868,3.349334207911448,0.2800668028452388,0.0,1.2068822314048975,1.2069628099173697,0.9236946741816857,0.923690470737107,0.8448175619833835,0.8448739669421269,92.28338775420002,24.500059095380756,175,vertical,no_rain
2023-06-25 00:00:00+09:00,3.4954059700864017,3.22412700978821,0.2712789602981919,0.0,1.2132072727272105,1.213288311688326,0.923364910786943,0.9233606881891974,0.8492450909090021,0.8493018181817956,92.23898561083347,24.77133805567895,176,vertical,no_rain
2023-06-26 00:00:00+09:00,2.207547212669267,2.033118637839179,0.17442857483008856,0.0,1.2195323140495236,1.2196138134592822,0.9230355265238248,0.9230312848104163,0.8536726198346207,0.8537296694214643,92.09853479785028,24.945766630509038,177,vertical,no_rain
2023-06-27 00:00:00+09:00,3.613555557192881,3.331061852033127,0.2824937051597534,0.0,1.2258573553718366,1.2259393152302385,0.9227065200197251,0.9227022592280789,0.8581001487602393,0.858157520661133,92.18238932019621,25.228260335668793,178,vertical,no_rain
2023-06-28 00:00:00+09:00,2.8037779109246377,2.58208824073992,0.22168967018471725,0.0,1.2321823966941496,1.2322648170011947,0.9223778899190972,0.9223736100865614,0.8625276776858579,0.8625853719008018,92.09318008673489,25.44995000585351,179,vertical,no_rain
2023-06-29 00:00:00+09:00,2.8263078940404305,2.601851859072821,0.22445603496761007,0.0,1.2385074380164627,1.238590318772151,0.9220496348831672,0.9220453360470132,0.8669552066114765,0.8670132231404705,92.05833039489791,25.67440604082112,180,vertical,no_rain
2023-06-30 00:00:00+09:00,2.899186966244519,2.668201219013596,0.23098574723092263,0.0,1.2448324793387757,1.2449158205431072,0.9217217535896515,0.9217174357870757,0.8713827355370951,0.8714410743801392,92.03274056070512,25.90539178805204,181,vertical,no_rain
2023-07-01 00:00:00+09:00,3.081444867547265,2.8353566164825463,0.2460882510647185,0.0,1.2511575206610888,1.2512413223140635,0.9213942447324815,0.9213899080006065,0.8758102644627137,0.8758689256198079,92.013868115687,26.15148003911676,182,vertical,no_rain
2023-07-02 00:00:00+09:00,2.925402081999131,2.690430987244194,0.2349710947549371,0.0,1.2574825619834018,1.2575668240850197,0.921067107021534,0.9210627513974092,0.8802377933883323,0.8802967768594766,91.96790430276974,26.386451133871695,183,vertical,no_rain
2023-07-03 00:00:00+09:00,2.4819104649255985,2.2812492752818856,0.20066118964371307,0.0,1.2638076033057148,1.263892325855976,0.9207403391823668,0.9207359647029703,0.8846653223139509,0.8847246280991453,91.91505122850077,26.58711232351541,184,vertical,no_rain
2023-07-04 00:00:00+09:00,2.19529714098706,2.0158898613962575,0.17940727959080238,0.0,1.2701326446280279,1.2702178276269322,0.9204139399559601,0.9204095466581991,0.8890928512395695,0.889152479338814,91.827653931616,26.76651960310621,185,vertical,no_rain
2023-07-05 00:00:00+09:00,0.41005996504676867,0.37209226190726125,0.037967703139507404,0.0,1.276457685950341,1.2765433293978885,0.9200879080984636,0.9200834960191758,0.8935203801651881,0.8935803305784827,90.7409387953352,26.80448730624572,186,vertical,no_rain
2023-07-06 00:00:00+09:00,0.4153618754669412,0.37722139737403587,0.03814047809290528,0.0,1.282782727272654,1.2828688311688448,0.9197622423809487,0.9197578115569033,0.8979479090908067,0.8980081818181515,90.81753036432903,26.842627784338625,187,vertical,no_rain
2023-07-07 00:00:00+09:00,4.008334819028473,3.6824909237417294,0.3258438952867436,0.0,1.289107768594967,1.289194332939801,0.9194369415891652,0.9194324920570636,0.9023754380164253,0.9024360330578202,91.87084138431028,27.16847167962537,188,vertical,no_rain
2023-07-08 00:00:00+09:00,3.937919596100629,3.6163438035234754,0.3215757925771537,0.0,1.29543280991728,1.2955198347107573,0.9191120045233037,0.919107536319781,0.9068029669420439,0.9068638842974889,91.83386596070724,27.490047472202523,189,vertical,no_rain
2023-07-09 00:00:00+09:00,2.928483895926293,2.686442653978785,0.24204124194750812,0.0,1.301757851239593,1.3018453364817135,0.9187874299977625,0.9187829431593885,0.9112304958676625,0.9112917355371576,91.7349300679371,27.73208871415003,190,vertical,no_rain
2023-07-10 00:00:00+09:00,2.2198505240426214,2.034645587889971,0.18520493615265007,0.0,1.3080828925619061,1.3081708382526698,0.91846321684092,0.9184587114041995,0.9156580247932811,0.9157195867768263,91.65687355311792,27.917293650302682,191,vertical,no_rain
2023-07-11 00:00:00+09:00,1.961184063595987,1.7956845744959047,0.16549948910008233,0.0,1.3144079338842192,1.314496340023626,0.9181393638949102,0.9181348398962847,0.9200855537188997,0.920147438016495,91.56124648511441,28.082793139402764,192,vertical,no_rain
2023-07-12 00:00:00+09:00,2.459579676814928,2.2527198950559613,0.2068597817589667,0.0,1.3207329752065322,1.3208218417945823,0.9178158700154045,0.9178113274912525,0.9245130826445183,0.9245752892561637,91.58962876019358,28.289652921161732,193,vertical,no_rain
2023-07-13 00:00:00+09:00,1.149897370762326,1.0495644962622466,0.10033287450007937,0.0,1.3270580165288453,1.3271473435655385,0.9174927340713962,0.9174881730580344,0.9289406115701369,0.9290031404958324,91.27462354022398,28.38998579566181,194,vertical,no_rain
2023-07-14 00:00:00+09:00,0.8797186118353705,0.8016300518745096,0.0780885599608609,0.0,1.3333830578511583,1.3334728453364948,0.9171699549449904,0.9171653754786749,0.9333681404957554,0.9334309917355011,91.12346164895347,28.468074355622672,195,vertical,no_rain
2023-07-15 00:00:00+09:00,1.01817723055813,0.9287584166834221,0.08941881387470807,0.0,1.3397080991734713,1.339798347107451,0.916847531531198,0.9168429336481246,0.937795669421374,0.9378588429751699,91.21775549570171,28.55749316949738,196,vertical,no_rain
2023-07-16 00:00:00+09:00,2.2776285617957424,2.0826272129864347,0.19500134880930767,0.0,1.3460331404957844,1.3461238488784073,0.9165254627377333,0.9165208464740388,0.9422231983469926,0.9422866942148386,91.43840430875333,28.752494518306687,197,vertical,no_rain
2023-07-17 00:00:00+09:00,2.0977187461326907,1.9173441048697168,0.1803746412629737,0.0,1.3523581818180974,1.3524493506493636,0.9162037474848158,0.9161991128765785,0.9466507272726112,0.9467145454545073,91.40139060131351,28.93286915956966,198,vertical,no_rain
2023-07-18 00:00:00+09:00,1.4291012854338676,1.3033855508329824,0.12571573460088523,0.0,1.3586832231404105,1.3587748524203198,0.9158823847049761,0.915877731788217,0.9510782561982298,0.951142396694176,91.20316132367633,29.058584894170544,199,vertical,no_rain
2023-07-19 00:00:00+09:00,1.7218535752801476,1.5716459771232212,0.1502075981569264,0.0,1.3650082644627235,1.365100354191276,0.9155613733428651,0.9155567021535483,0.9555057851238484,0.9555702479338447,91.27640118106515,29.20879249232747,200,vertical,no_rain
2023-07-20 00:00:00+09:00,2.6447461634875595,2.4158929373100504,0.22885322617750875,0.0,1.3713333057850365,1.3714258559622323,0.9152407123550679,0.9152360229291017,0.959933314049467,0.9599980991735134,91.34687368727568,29.437645718504978,201,vertical,no_rain
2023-07-21 00:00:00+09:00,3.179801833736943,2.9051733847224397,0.274628449014503,0.0,1.3776583471073496,1.3777513577331886,0.9149204007099193,0.9149156930831568,0.9643608429750856,0.9644259504131821,91.36334704569447,29.71227416751948,202,vertical,no_rain
2023-07-22 00:00:00+09:00,1.7697034362892776,1.6131926624055473,0.15651077388373025,0.0,1.3839833884296626,1.3840768595041448,0.9146004373873257,0.9145957115955657,0.9687883719007042,0.9688538016528508,91.15610160016963,29.868784941403213,203,vertical,no_rain
2023-07-23 00:00:00+09:00,2.0403218192888977,1.8602249704366318,0.18009684885226576,0.0,1.3903084297519757,1.390402361275101,0.9142808213785875,0.9142760774575753,0.9732159008263228,0.9732816528925196,91.17311557668711,30.04888179025548,204,vertical,no_rain
2023-07-24 00:00:00+09:00,2.9689827373024396,2.7090937979045755,0.2598889393978642,0.0,1.3966334710742887,1.3967278630460573,0.9139615516862274,0.9139567896716554,0.9776434297519414,0.9777095041321883,91.24653248627527,30.308770729653343,205,vertical,no_rain
2023-07-25 00:00:00+09:00,3.059183663913419,2.790614381743999,0.26856928216942033,0.0,1.4029585123966017,1.4030533648170136,0.9136426273238198,0.9136378472513281,0.98207095867756,0.982137355371857,91.22088401106797,30.577340011822763,206,vertical,no_rain
2023-07-26 00:00:00+09:00,3.3851132149788166,3.087752729319854,0.29736048565896234,0.0,1.4092835537189148,1.4093788665879698,0.9133240473158255,0.9133192492210028,0.9864984876031786,0.9865652066115257,91.21564134566698,30.874700497481726,207,vertical,no_rain
2023-07-27 00:00:00+09:00,3.5102845700089365,3.200983146410809,0.30930142359812746,0.0,1.4156085950412278,1.415704368358926,0.9130058106974271,0.9130009946158116,0.9909260165287972,0.9909930578511944,91.18870799704595,31.184001921079854,208,vertical,no_rain
2023-07-28 00:00:00+09:00,2.994935438155857,2.7289628494453084,0.2659725887105483,0.0,1.4219336363635409,1.4220298701298824,0.9126879165143704,0.91268308248145,0.9953535454544158,0.9954209090908631,91.11925468168616,31.4499745097904,209,vertical,no_rain
2023-07-29 00:00:00+09:00,3.1746381376746737,2.8921397447011916,0.2824983929734824,0.0,1.428258677685854,1.4283553719008386,0.9123703638228058,0.912365511874019,0.9997810743800344,0.9998487603305318,91.1013986249027,31.732472902763885,210,vertical,no_rain
2023-07-30 00:00:00+09:00,2.2771442206683594,2.071715782697721,0.20542843797063845,0.0,1.4345837190081694,1.4346808736717949,0.9120531516891346,0.9120482818598716,1.0042086033056554,1.0042766115702007,90.97868127516563,31.937901340734523,211,vertical,no_rain
2023-07-31 00:00:00+09:00,3.05421408857966,2.780171034063773,0.27404305451588673,0.0,1.440908760330485,1.4410063754427511,0.9117362791898582,0.9117313915154608,1.0086361322312767,1.0087044628098694,91.02737900592525,32.21194439525041,212,vertical,no_rain
2023-08-01 00:00:00+09:00,3.1837507520739328,2.8973196242071246,0.2864311278668081,0.0,1.4472338016528008,1.4473318772137074,0.9114197454114283,0.911414839927191,1.013063661156898,1.013132314049538,91.00334322087797,32.49837552311722,213,vertical,no_rain
2023-08-02 00:00:00+09:00,1.7490545127313588,1.587950700818122,0.16110381191323686,0.0,1.4535588429751165,1.4536573789846636,0.9111035494501021,0.9110986261912721,1.0174911900825192,1.0175601652892068,90.78909143536904,32.659479335030454,214,vertical,no_rain
2023-08-03 00:00:00+09:00,2.821748636281821,2.5657772250693154,0.25597141121250533,0.0,1.4598838842974322,1.4599828807556199,0.9107876904117979,0.9107827494135768,1.0219187190081405,1.0219880165288755,90.9286246152033,32.91545074624296,215,vertical,no_rain
2023-08-04 00:00:00+09:00,1.9730741556574827,1.7914619517953294,0.18161220386215338,0.0,1.466208925619748,1.4663083825265761,0.9104721674119555,0.9104672087094993,1.0263462479337617,1.0264158677685442,90.79546993500429,33.09706295010511,216,vertical,no_rain
2023-08-05 00:00:00+09:00,1.2834336275471818,1.1627086669807627,0.120724960566419,0.0,1.4725339669420636,1.4726338842975324,0.9101569795753978,0.9101520032038171,1.030773776859383,1.030843719008213,90.59359533868992,33.21778791067153,217,vertical,no_rain
2023-08-06 00:00:00+09:00,1.549533460262959,1.4044739824498516,0.1450594778131075,0.0,1.4788590082643793,1.4789593860684886,0.9098421260361947,0.9098371320305559,1.0352013057850042,1.0352715702478816,90.6385062644281,33.36284738848464,218,vertical,no_rain
2023-08-07 00:00:00+09:00,2.28436340157697,2.072858295359172,0.2115051062177982,0.0,1.485184049586695,1.485284887839445,0.909527605937531,0.9095225943328565,1.0396288347106255,1.0396994214875503,90.74117953072663,33.57435249470244,219,vertical,no_rain
2023-08-08 00:00:00+09:00,2.8517309890866924,2.58846638744037,0.26326460164632265,0.0,1.4915090909090107,1.4916103896104012,0.9092134184315742,0.9092083892628434,1.0440563636362468,1.044127272727219,90.76825259276518,33.83761709634876,220,vertical,no_rain
2023-08-09 00:00:00+09:00,2.3787975107339276,2.157283883614854,0.22151362711907402,0.0,1.4978341322313264,1.4979358913813574,0.9088995626793475,0.9088945159814967,1.048483892561868,1.0485551239668878,90.68799987726864,34.05913072346783,221,vertical,no_rain
2023-08-10 00:00:00+09:00,2.3136364441105193,2.0972855606182743,0.2163508834922447,0.0,1.5041591735536421,1.5042613931523137,0.9085860378506024,0.9085809736585261,1.0529114214874893,1.0529829752065565,90.64888158885216,34.27548160696008,222,vertical,no_rain
2023-08-11 00:00:00+09:00,3.154336082480338,2.8609480700821184,0.29338801239821916,0.0,1.5104842148759579,1.51058689492327,0.9082728431236958,0.9082677614722464,1.0573389504131105,1.0574108264462252,90.69889812858747,34.568869619358296,223,vertical,no_rain
2023-08-12 00:00:00+09:00,3.2460907548358695,2.943381579959353,0.3027091748765166,0.0,1.5168092561982736,1.5169123966942262,0.9079599776854673,0.9079548786094562,1.0617664793387318,1.061838677685894,90.67465460028944,34.871578794234814,224,vertical,no_rain
2023-08-13 00:00:00+09:00,2.980730245679683,2.701142907104082,0.27958733857560086,0.0,1.5231342975205893,1.5232378984651824,0.9076474407311204,0.9076423242653183,1.066194008264353,1.0662665289255626,90.62017306058341,35.15116613281042,225,vertical,no_rain
2023-08-14 00:00:00+09:00,2.7957384287996443,2.532225412845561,0.2635130159540835,0.0,1.529459338842905,1.5295634002361387,0.9073352314641041,0.9073300976432418,1.0706215371899743,1.0706943801652313,90.57447530714727,35.4146791487645,226,vertical,no_rain
2023-08-15 00:00:00+09:00,2.481520009080863,2.2460426380937806,0.23547737098708232,0.0,1.5357843801652207,1.535888902007095,0.9070233490959982,0.9070181979547667,1.0750490661155956,1.0751222314049,90.51076073836288,35.65015651975158,227,vertical,no_rain
2023-08-16 00:00:00+09:00,2.26522508447642,2.0489373973334852,0.2162876871429349,0.0,1.5421094214875364,1.5422144037780512,0.9067117928463995,0.9067066244194505,1.0794765950412168,1.0795500826445688,90.45182359028453,35.86644420689452,228,vertical,no_rain
2023-08-17 00:00:00+09:00,2.711690589888196,2.4532660622432694,0.2584245276449267,0.0,1.548434462809852,1.5485399055490074,0.9064005619428099,0.9063953762647565,1.083904123966838,1.0839779338842375,90.4699847169665,36.12486873453945,229,vertical,no_rain
2023-08-18 00:00:00+09:00,2.8710609267916474,2.5970562957630206,0.2740046310286266,0.0,1.5547595041321678,1.5548654073199637,0.9060896556205275,0.9060844527259446,1.0883316528924594,1.0884057851239062,90.45632823491414,36.39887336556807,230,vertical,no_rain
2023-08-19 00:00:00+09:00,3.0489422324802526,2.7573950394866844,0.29154719299356835,0.0,1.5610845454544835,1.56119090909092,0.9057790731225378,0.9057738530459626,1.0927591818180806,1.092833636363575,90.4377593682252,36.69042055856164,231,vertical,no_rain
2023-08-20 00:00:00+09:00,3.1526429709137522,2.8504728387978546,0.30217013211589777,0.0,1.5674095867767992,1.5675164108618762,0.9054688136994091,0.9054635764753413,1.0971867107437019,1.0972614876032436,90.41533929139088,36.99259069067754,232,vertical,no_rain
2023-08-21 00:00:00+09:00,3.4407094852713955,3.1106500299098356,0.33005945536155973,0.0,1.573734628099115,1.5738419126328325,0.9051588766091874,0.9051536222720897,1.1016142396693231,1.1016893388429123,90.4072268590405,37.322650146039095,233,vertical,no_rain
2023-08-22 00:00:00+09:00,2.6088294845678286,2.355809583858903,0.25301990070892555,0.0,1.5800596694214306,1.5801674144037887,0.9048492611172941,0.9048439897015932,1.1060417685949444,1.106117190082581,90.30140136771567,37.57567004674802,234,vertical,no_rain
2023-08-23 00:00:00+09:00,1.0467634251886553,0.9423766468873854,0.10438677830126986,0.0,1.5863847107437463,1.586492916174745,0.904539966496426,0.9045346780365121,1.1104692975205657,1.1105450413222497,90.02766281383433,37.68005682504929,235,vertical,no_rain
2023-08-24 00:00:00+09:00,3.3327527636658942,3.009613901878916,0.32313886178697837,0.0,1.592709752066062,1.5928184179457012,0.9042309920264555,0.9042256865566836,1.114896826446187,1.1149728925619184,90.30414541066831,38.00319568683627,236,vertical,no_rain
2023-08-25 00:00:00+09:00,3.2147730394924086,2.9019357765965412,0.3128372628958673,0.0,1.5990347933883777,1.5991439197166575,0.903922336994334,0.9039170145490237,1.1193243553718082,1.1194007438015872,90.26876052981761,38.31603294973214,237,vertical,no_rain
2023-08-26 00:00:00+09:00,2.9340531242164127,2.6473211062423903,0.28673201797402253,0.0,1.6053598347106934,1.6054694214876137,0.9036140006939961,0.9036086613074323,1.1237518842974294,1.1238285950412559,90.22744286368028,38.602764967706165,238,vertical,no_rain
2023-08-27 00:00:00+09:00,3.0664726371219437,2.7662263006186905,0.300246336503253,0.0,1.6116848760330091,1.61179492325857,0.9033059824262651,0.9033006261326981,1.1281794132230507,1.1282564462809246,90.20873909427571,38.903011304209414,239,vertical,no_rain
2023-08-28 00:00:00+09:00,2.732336539385679,2.463093734230275,0.26924280515540394,0.0,1.6180099173553248,1.6181204250295262,0.9029982814987607,0.9029929083324071,1.132606942148672,1.1326842975205933,90.14605992803732,39.17225410936482,240,vertical,no_rain
2023-08-29 00:00:00+09:00,0.37918001417983166,0.3369144910367442,0.042265523143087444,0.0,1.6243349586776406,1.6244459268004825,0.9026908972258084,0.9026855072208508,1.1370344710742932,1.137112148760262,88.85344122513736,39.21451963250791,241,vertical,no_rain
2023-08-30 00:00:00+09:00,3.1197313870206345,2.811367027728438,0.30836435929219635,0.0,1.6306599999999563,1.6307714285714388,0.9023838289283492,0.9023784221189373,1.1414619999999145,1.1415399999999307,90.11567596572195,39.52288399180011,242,vertical,no_rain
2023-08-31 00:00:00+09:00,2.2072041363251635,1.986237172624542,0.2209669637006215,0.0,1.636985041322272,1.637096930342395,0.9020770759338521,0.9020716523541027,1.1458895289255357,1.1459678512395994,89.98882975688349,39.743850955500726,243,vertical,no_rain
2023-09-01 00:00:00+09:00,3.5362577434025915,3.1857316518714915,0.35052609153110026,0.0,1.6433100826445877,1.6434224321133513,0.9017706375762274,0.9017651972602245,1.150317057851157,1.1503957024792681,90.08765432369691,40.09437704703183,244,vertical,no_rain
2023-09-02 00:00:00+09:00,3.1237727312628487,2.812233829386963,0.3115389018758857,0.0,1.6496351239669034,1.6497479338843075,0.9014645131957414,0.901459056177537,1.1547445867767783,1.1548235537189369,90.02683842015806,40.40591594890771,245,vertical,no_rain
2023-09-03 00:00:00+09:00,3.3082159384048633,2.9777868229217157,0.3304291154831476,0.0,1.655960165289219,1.6560734356552638,0.9011587021389322,0.9011532284525464,1.1591721157023995,1.1592514049586056,90.0118637466431,40.73634506439086,246,vertical,no_rain
2023-09-04 00:00:00+09:00,3.230572256476771,2.906726317328599,0.32384593914817206,0.0,1.6622852066115348,1.66239893742622,0.900853203758528,0.9008477134379498,1.1635996446280208,1.1636792561982743,89.97558595078894,41.06019100353903,247,vertical,no_rain
2023-09-05 00:00:00+09:00,0.7634948733222516,0.6817076302130551,0.08178724310919652,0.0,1.6686102479338505,1.668724439197176,0.9005480174133653,0.9005425104925521,1.168027173553642,1.168107107437943,89.28778097051135,41.14197824664823,248,vertical,no_rain
2023-09-06 00:00:00+09:00,0.6260944024075473,0.5582267716640401,0.06786763074350716,0.0,1.6749352892561662,1.675049940968131,0.900243142468309,0.9002376189811878,1.1724547024792633,1.1725349586776117,89.16016011602517,41.209845877391736,249,vertical,no_rain
2023-09-07 00:00:00+09:00,2.4395518211851424,2.1908305125444194,0.248721308640723,0.0,1.681260330578482,1.681375442739086,0.8999385782941747,0.8999330382746417,1.1768822314048846,1.1769628099172804,89.80463106047515,41.45856718603246,250,vertical,no_rain
2023-09-08 00:00:00+09:00,2.378076680778332,2.1347254490267997,0.2433512317515322,0.0,1.6875853719007976,1.6877009445100408,0.8996343242676496,0.899628767749571,1.1813097603305058,1.1813906611569491,89.76688877534913,41.70191841778399,251,vertical,no_rain
2023-09-09 00:00:00+09:00,2.3866718978727564,2.1416567354601366,0.24501516241262006,0.0,1.6939104132231133,1.6940264462809957,0.8993303797712182,0.8993248067884304,1.185737289256127,1.1858185123966178,89.7340240763298,41.946933580196614,252,vertical,no_rain
2023-09-10 00:00:00+09:00,1.4450818617888126,1.294205334480377,0.1508765273084356,0.0,1.700235454545429,1.7003519480519507,0.8990267441930865,0.8990211547793961,1.1901648181817484,1.1902463636362866,89.55930931679738,42.09781010750505,253,vertical,no_rain
2023-09-11 00:00:00+09:00,1.8668531396956,1.672571321872587,0.19428181782301301,0.0,1.7065604958677447,1.7066774498229056,0.8987234169271078,0.8987178111162925,1.1945923471073696,1.1946742148759553,89.59308508570247,42.29209192532806,254,vertical,no_rain
2023-09-12 00:00:00+09:00,3.4449590640835703,3.0916429944165826,0.3533160696669877,0.0,1.7128855371900604,1.7130029515938605,0.8984203973727111,0.8984147751985194,1.1990198760329909,1.199102066115624,89.743968996596,42.64540799499505,255,vertical,no_rain
2023-09-13 00:00:00+09:00,3.730176422786421,3.3472208572757847,0.38295556551063636,0.0,1.7192105785123761,1.7193284533648154,0.898117684934829,0.898112046430981,1.2034474049586121,1.2035299173552927,89.73358034297554,43.02836356050568,256,vertical,no_rain
2023-09-14 00:00:00+09:00,3.607653259373387,3.2358787482436178,0.3717745111297696,0.0,1.7255356198346918,1.7256539551357704,0.8978152790238273,0.8978096242240144,1.2078749338842334,1.2079577685949614,89.69483804565124,43.40013807163545,257,vertical,no_rain
2023-09-15 00:00:00+09:00,3.2893194340269805,2.948691555907468,0.34062787811951284,0.0,1.7318606611570075,1.7319794569067253,0.897513179055436,0.8975075079933219,1.2123024628098547,1.2123856198346301,89.6444269110557,43.740765949754966,258,vertical,no_rain
2023-09-16 00:00:00+09:00,3.4408506665264653,3.083815708851386,0.3570349576750795,0.0,1.7381857024793232,1.7383049586776802,0.897211384450681,0.8972056971599014,1.216729991735476,1.2168134710742988,89.62364274775383,44.09780090743005,259,vertical,no_rain
2023-09-17 00:00:00+09:00,3.256028266043263,2.9167053875573847,0.33932287848587817,0.0,1.744510743801639,1.7446304604486351,0.896909894635817,0.8969041911499799,1.2211575206610972,1.2212413223139675,89.5786261432483,44.43712378591593,260,vertical,no_rain
2023-09-18 00:00:00+09:00,2.9375347219195707,2.629721283701398,0.30781343821817286,0.0,1.7508357851239547,1.75095596221959,0.8966087090422609,0.8966029893949473,1.2255850495867184,1.2256691735536362,89.52136851621526,44.744937224134105,261,vertical,no_rain
2023-09-19 00:00:00+09:00,2.2096419740685938,1.9758457485727534,0.23379622549584014,0.0,1.7571608264462704,1.757281463990545,0.8963078271065272,0.896302091331291,1.2300125785123397,1.230097024793305,89.41927116521265,44.97873344962994,262,vertical,no_rain
2023-09-20 00:00:00+09:00,3.6782857708072423,3.2932685169374127,0.38501725386982955,0.0,1.763485867768586,1.7636069657615,0.896007248270164,0.8960014964005324,1.234440107437961,1.2345248760329737,89.53269871184226,45.363750703499775,263,vertical,no_rain
2023-09-21 00:00:00+09:00,3.339156034109565,2.9878466215769293,0.3513094125326359,0.0,1.7698109090909018,1.7699324675324548,0.8957069719796891,0.8957012040491628,1.2388676363635822,1.2389527272726424,89.47909564740308,45.71506011603241,264,vertical,no_rain
2023-09-22 00:00:00+09:00,3.3159557535109054,2.9660194102865662,0.349936343224339,0.0,1.7761359504132175,1.7762579693034097,0.8954069976865285,0.8954012137285818,1.2432951652892035,1.243380578512311,89.44689346792913,46.06499645925675,265,vertical,no_rain
2023-09-23 00:00:00+09:00,1.92377194157545,1.7171352507778588,0.20663669079759125,0.0,1.7824609917355332,1.7825834710743647,0.8951073248469548,0.8951015248950361,1.2477226942148247,1.2478084297519798,89.25877406090201,46.27163315005434,266,vertical,no_rain
2023-09-24 00:00:00+09:00,1.5958524064432924,1.4228632554988283,0.17298915094446415,0.0,1.788786033057849,1.7889089728453196,0.8948079529220269,0.8948021370095589,1.252150223140446,1.2522362809916485,89.16007832265589,46.44462230099881,267,vertical,no_rain
2023-09-25 00:00:00+09:00,2.9401694372347005,2.626313086179148,0.3138563510555526,0.0,1.7951110743801646,1.7952344746162745,0.8945088813775305,0.8945030495379102,1.2565777520660673,1.2566641322313172,89.32522911500155,46.758478652054364,268,vertical,no_rain
2023-09-26 00:00:00+09:00,3.047517304195675,2.721643226495423,0.32587407770025195,0.0,1.8014361157024803,1.8015599763872294,0.8942101096839195,0.8942042619505187,1.2610052809916885,1.261091983470986,89.30689984100815,47.08435272975461,269,vertical,no_rain
2023-09-27 00:00:00+09:00,1.5329481373102594,1.3651108881598155,0.16783724915044385,0.0,1.807761157024796,1.8078854781581843,0.8939116373162586,0.8939057737224241,1.2654328099173098,1.2655198347106547,89.05134198180153,47.25218997890506,270,vertical,no_rain
2023-09-28 00:00:00+09:00,3.3081614820390786,2.9530318594999976,0.3551296225390808,0.0,1.8140861983471117,1.8142109799291393,0.8936134637541661,0.8936075843332196,1.269860338842931,1.2699476859503234,89.26504572200669,47.60731960144414,271,vertical,no_rain
2023-09-29 00:00:00+09:00,3.3008889132418124,2.9456457633592366,0.35524314988257577,0.0,1.8204112396694274,1.8205364817000942,0.893315588481758,0.8933096932669967,1.2742878677685523,1.274375537189992,89.23795501092188,47.962562751326715,272,vertical,no_rain
2023-09-30 00:00:00+09:00,2.4155280240837484,2.152635997246399,0.26289202683734925,0.0,1.8267362809917431,1.8268619834710491,0.8930180109875927,0.8930121000122896,1.2787153966941736,1.2788033884296608,89.11658137615402,48.225454778164064,273,vertical,no_rain
2023-10-01 00:00:00+09:00,1.981013777525261,1.7636711659546238,0.217342611570637,0.0,1.8330613223140588,1.833187485242004,0.8927207307646173,0.8927148040620206,1.2831429256197948,1.2832312396693295,89.02871781931029,48.4427973897347,274,vertical,no_rain
2023-10-02 00:00:00+09:00,0.5869814463540624,0.5179890322929195,0.06899241406114291,0.0,1.8393863636363745,1.839512987012959,0.8924237473101129,0.8924178049134474,1.287570454545416,1.2876590909089982,88.24623597735878,48.51178980379584,275,vertical,no_rain
2023-10-03 00:00:00+09:00,2.2336749122102844,1.988016695566748,0.24565821664353665,0.0,1.8457114049586902,1.8458384887839139,0.8921270601256426,0.8921211020681089,1.2919979834710373,1.292086942148667,89.0020604475317,48.75744802043938,276,vertical,no_rain
2023-10-04 00:00:00+09:00,2.982611069032706,2.6562880975930407,0.3263229714396652,0.0,1.852036446281006,1.8521639905548688,0.8918306687169993,0.8918246950317745,1.2964255123966586,1.2965147933883356,89.0591510630484,49.08377099187904,277,vertical,no_rain
2023-10-05 00:00:00+09:00,3.2430248614950465,2.8879764880057306,0.35504837348931617,0.0,1.8583614876033216,1.8584894923258237,0.8915345725941545,0.8915285833143922,1.3008530413222799,1.3009426446280044,89.05193796986073,49.43881936536836,278,vertical,no_rain
2023-10-06 00:00:00+09:00,2.830589631535124,2.5190167426021,0.3115728889330241,0.0,1.8646865289256374,1.8648149940967786,0.8912387712712071,0.8912327664300379,1.3052805702479011,1.305370495867673,88.9926506667783,49.75039225430138,279,vertical,no_rain
2023-10-07 00:00:00+09:00,3.0419096805351105,2.7065969805443872,0.3353126999907232,0.0,1.871011570247953,1.8711404958677336,0.8909432642663349,0.8909372438968659,1.3097080991735224,1.3097983471073418,88.97690151235071,50.085704954292105,280,vertical,no_rain
2023-10-08 00:00:00+09:00,2.8222176740211165,2.509653579465457,0.3125640945556594,0.0,1.8773366115702688,1.8774659976386885,0.8906480511017438,0.8906420152370598,1.3141356280991436,1.3142261983470105,88.9248764390907,50.398269048847766,281,vertical,no_rain
2023-10-09 00:00:00+09:00,3.079408633269484,2.738181351969607,0.34122728129987656,0.0,1.8836616528925845,1.8837914994096434,0.8903531313036213,0.890347079976784,1.318563157024765,1.3186540495866792,88.91906460177754,50.739496330147645,282,vertical,no_rain
2023-10-10 00:00:00+09:00,3.150308422128959,2.800514972965199,0.3497934491637602,0.0,1.8899866942149002,1.8901170011805983,0.8900585044020868,0.8900524376461355,1.3229906859503862,1.323081900826348,88.89653321856747,51.08928977931141,283,vertical,no_rain
2023-10-11 00:00:00+09:00,3.184299329455132,2.8298749444425035,0.35442438501262813,0.0,1.8963117355372159,1.8964425029515533,0.8897641699311463,0.889758087779098,1.3274182148760074,1.3275097520660166,88.86962724470774,51.443714164324035,284,vertical,no_rain
2023-10-12 00:00:00+09:00,3.0690732344345797,2.726305946123628,0.3427672883109519,0.0,1.9026367768595316,1.9027680047225082,0.8894701274286447,0.8894640299134944,1.3318457438016287,1.3319376033056853,88.8315702452079,51.78648145263499,285,vertical,no_rain
2023-10-13 00:00:00+09:00,2.852330946178252,2.5322920992781035,0.32003884690014844,0.0,1.9089618181818473,1.909093506493463,0.8891763764362214,0.8891702635909418,1.33627327272725,1.336365454545354,88.77974355223547,52.106520299535134,286,vertical,no_rain
2023-10-14 00:00:00+09:00,3.151097788258914,2.797473025809009,0.35362476244990526,0.0,1.915286859504163,1.915419008264418,0.8888829164992637,0.8888767883568057,1.3407008016528712,1.3407933057850228,88.7777280740851,52.46014506198504,287,vertical,no_rain
2023-10-15 00:00:00+09:00,2.742481952436424,2.4328015965312235,0.3096803559052009,0.0,1.9216119008264787,1.921744510035373,0.8885897471668636,0.8885836037601567,1.3451283305784925,1.3452211570246915,88.70802574908177,52.76982541789024,288,vertical,no_rain
2023-10-16 00:00:00+09:00,2.5570710655160367,2.266995747175376,0.29007531834066114,0.0,1.9279369421487944,1.9280700118063279,0.8882968679917734,0.8882907093537253,1.3495558595041137,1.3496490082643602,88.65595398373797,53.0599007362309,289,vertical,no_rain
2023-10-17 00:00:00+09:00,3.0886574946824674,2.739157056034563,0.3495004386479045,0.0,1.9342619834711101,1.9343955135772828,0.8880042785303628,0.8879981046938599,1.353983388429735,1.354076859504029,88.68438992508506,53.4094011748788,290,vertical,no_rain
2023-10-18 00:00:00+09:00,2.966363172146501,2.6294758272390206,0.33688734490748007,0.0,1.9405870247934258,1.9407210153482377,0.8877119783425756,0.8877057893404832,1.3584109173553562,1.3585047107436976,88.64308497116002,53.74628851978628,291,vertical,no_rain
2023-10-19 00:00:00+09:00,2.4623094637170437,2.1807107272880404,0.2815987364290032,0.0,1.9469120661157415,1.9470465171191926,0.8874199669918887,0.8874137628570509,1.3628384462809775,1.3629325619833663,88.56363342713598,54.02788725621529,292,vertical,no_rain
2023-10-20 00:00:00+09:00,0.28953508267226474,0.25174548378012734,0.03778959889213739,0.0,1.9532371074380572,1.9533720188901476,0.8871282440452701,0.88712202481051,1.3672659752065988,1.367360413223035,86.94817963220271,54.06567685510743,293,vertical,no_rain
2023-10-21 00:00:00+09:00,0.13105011443652442,0.11105642093508566,0.019993693501438755,0.0,1.959562148760373,1.9596975206611025,0.8868368090731376,0.8868305747712576,1.37169350413222,1.3717882644627037,84.74347497718293,54.08567054860887,294,vertical,no_rain
2023-10-22 00:00:00+09:00,2.6299488743496706,2.327387463707525,0.3025614106421454,0.0,1.9658871900826886,1.9660230224320574,0.8865456616493192,0.8865394123131014,1.3761210330578413,1.3762161157023725,88.49554021399133,54.388231959251016,295,vertical,no_rain
2023-10-23 00:00:00+09:00,2.647541621580838,2.342220107409277,0.30532151417156067,0.0,1.9722122314050043,1.9723485242030123,0.8862548013510134,0.8862485370132188,1.3805485619834625,1.3806439669420412,88.4677350609788,54.693553473422575,296,vertical,no_rain
2023-10-24 00:00:00+09:00,2.241815620961757,1.981355257104684,0.2604603638570731,0.0,1.97853727272732,1.9786740259739672,0.8859642277587493,0.8859579484521188,1.3849760909090838,1.3850718181817099,88.38172232267105,54.954013837279646,297,vertical,no_rain
2023-10-25 00:00:00+09:00,2.036424066545748,1.7984829836711913,0.2379410828745565,0.0,1.9848623140496358,1.9849995277449222,0.8856739404563483,0.8856676462136026,1.389403619834705,1.3894996694213786,88.31573998837284,55.1919549201542,298,vertical,no_rain
2023-10-26 00:00:00+09:00,1.1213601727687317,0.9874798610564389,0.13388031171229275,0.0,1.9911873553719515,1.991325029515877,0.885383939030886,0.8853776298847257,1.3938311487603263,1.3939275206610473,88.06090006017146,55.32583523186649,299,vertical,no_rain
2023-10-27 00:00:00+09:00,2.7252764985492535,2.4080539184772642,0.3172225800719892,0.0,1.9975123966942672,1.997650531286832,0.8850942230726543,0.88508789905576,1.3982586776859476,1.398355371900716,88.35998548254254,55.64305781193848,300,vertical,no_rain
2023-10-28 00:00:00+09:00,2.6955388437809913,2.3809053926813615,0.3146334510996299,0.0,2.003837438016583,2.003976033057787,0.8848047921751249,0.8847984533201573,1.4026862066115688,1.4027832231403847,88.32762318281794,55.957691263038114,301,vertical,no_rain
2023-10-29 00:00:00+09:00,2.345797571558328,2.0701820967952447,0.27561547476308357,0.0,2.0101624793388986,2.010301534828742,0.8845156459349117,0.8845092922745117,1.40711373553719,1.4072110743800534,88.25067098266327,56.2333067378012,302,vertical,no_rain
2023-10-30 00:00:00+09:00,2.3391845079236147,2.0636912272916863,0.2754932806319284,0.0,2.0164875206612143,2.0166270365996968,0.8842267839517353,0.8842204155185243,1.4115412644628114,1.4116389256197222,88.22267847197438,56.50880001843313,303,vertical,no_rain
2023-10-31 00:00:00+09:00,0.8279650977426186,0.7262433434624767,0.10172175428014195,0.0,2.02281256198353,2.0229525383706517,0.8839382058283873,0.8839318226549671,1.4159687933884326,1.4160667768593909,87.71424610077426,56.61052177271327,304,vertical,no_rain
2023-11-01 00:00:00+09:00,1.766829530946269,1.556467151100334,0.2103623798459349,0.0,2.0291376033058457,2.0292780401416066,0.8836499111706949,0.8836435132896477,1.4203963223140539,1.4204946280990596,88.09379308182208,56.8208841525592,305,vertical,no_rain
2023-11-02 00:00:00+09:00,1.6752798568237923,1.475518690704135,0.19976116611965727,0.0,2.0354626446281614,2.0356035419125615,0.8833618995874861,0.8833554870313752,1.4248238512396751,1.4249224793387283,88.07595248602883,57.02064531867886,306,vertical,no_rain
2023-11-03 00:00:00+09:00,1.6817236803009785,1.4806987746238771,0.20102490567710146,0.0,2.041787685950477,2.0419290436835165,0.8830741706905559,0.8830677434919253,1.4292513801652964,1.429350330578397,88.04649610207522,57.22167022435596,307,vertical,no_rain
2023-11-04 00:00:00+09:00,1.3941150864717942,1.226081519596948,0.16803356687484594,0.0,2.048112727272793,2.0482545454544714,0.882786724094632,0.8827802822860064,1.4336789090909177,1.4337781818180657,87.94693720013439,57.38970379123081,308,vertical,no_rain
2023-11-05 00:00:00+09:00,1.5099943365040822,1.327994972718659,0.18199936378542309,0.0,2.0544377685951085,2.0545800472254263,0.8824995594173416,0.882493103031227,1.438106438016539,1.4382060330577344,87.94701679432882,57.57170315501623,309,vertical,no_rain
2023-11-06 00:00:00+09:00,1.3806358867981832,1.2133393689420147,0.16729651785616842,0.0,2.060762809917424,2.0609055489963812,0.8822126762791785,0.8822062053480618,1.4425339669421602,1.4426338842974031,87.88264744847797,57.738999672872396,310,vertical,no_rain
2023-11-07 00:00:00+09:00,2.4595944133358763,2.1658149382951515,0.29377947504072477,0.0,2.06708785123974,2.067231050767336,0.8819260743034707,0.8819195888598202,1.4469614958677814,1.4470617355370718,88.05577564138795,58.03277914791312,311,vertical,no_rain
2023-11-08 00:00:00+09:00,2.393498571335333,2.1067641435792113,0.28673442775612173,0.0,2.0734128925620556,2.073556552538291,0.8816397531163481,0.8816332531926134,1.4513890247934027,1.4514895867767406,88.02027997049723,58.31951357566924,312,vertical,no_rain
2023-11-09 00:00:00+09:00,2.3558750727633466,2.072814259390953,0.28306081337239397,0.0,2.0797379338843713,2.079882054309246,0.881353712346711,0.8813471979753231,1.455816553719024,1.4559174380164093,87.98489713461865,58.602574389041635,313,vertical,no_rain
2023-11-10 00:00:00+09:00,1.1671025953645497,1.0233920543935182,0.1437105409710316,0.0,2.086062975206687,2.086207556080201,0.8810679516261989,0.8810614228395702,1.4602440826446452,1.460345289256078,87.68655458896114,58.74628493001266,314,vertical,no_rain
2023-11-11 00:00:00+09:00,1.8005554567007738,1.5816111844785345,0.21894427222223936,0.0,2.0923880165290027,2.092533057851156,0.8807824705891593,0.880775927419684,1.4646716115702665,1.4647731404957467,87.84018168352232,58.9652292022349,315,vertical,no_rain
2023-11-12 00:00:00+09:00,2.3462603992975652,2.062298728934205,0.2839616703633603,0.0,2.0987130578513185,2.0988585596221108,0.8804972688726177,0.8804907113526717,1.4690991404958877,1.4692009917354154,87.89726534836568,59.24919087259826,316,vertical,no_rain
2023-11-13 00:00:00+09:00,1.274708617407793,1.1172690188774266,0.15743959853036646,0.0,2.105038099173634,2.1051840613930657,0.8802123461162474,0.8802057742781882,1.473526669421509,1.4736288429750841,87.64897354734052,59.40663047112863,317,vertical,no_rain
2023-11-14 00:00:00+09:00,1.9709291997787644,1.7300851661366887,0.24084403364207566,0.0,2.11136314049595,2.1115095631640206,0.8799277019623402,0.8799211158385071,1.4779541983471303,1.4780566942147528,87.78017832050435,59.647474504770706,318,vertical,no_rain
2023-11-15 00:00:00+09:00,2.417260086973065,2.122825651575596,0.29443443539746905,0.0,2.1176881818182656,2.1178350649349755,0.8796433360557757,0.8796367356784902,1.4823817272727515,1.4824845454544215,87.8194970833211,59.941908940168176,319,vertical,no_rain
2023-11-16 00:00:00+09:00,2.362910935725171,2.074251766272555,0.2886591694526157,0.0,2.1240132231405813,2.1241605667059305,0.8793592480439943,0.8793526334455599,1.4868092561983728,1.4869123966940903,87.78374736481436,60.23056810962079,320,vertical,no_rain
2023-11-17 00:00:00+09:00,2.3122313609599954,2.0289499896531873,0.2832813713068082,0.0,2.130338264462897,2.1304860684768854,0.8790754375769677,0.8790688087896698,1.491236785123994,1.491340247933759,87.7485715274965,60.5138494809276,321,vertical,no_rain
2023-11-18 00:00:00+09:00,2.28016825854658,2.000061986080385,0.2801062724661951,0.0,2.1366633057852127,2.1368115702478403,0.8787919043071705,0.8787852613632766,1.4956643140496153,1.4957680991734277,87.715543736025,60.79395575339379,322,vertical,no_rain
2023-11-19 00:00:00+09:00,2.1907264064262364,1.920732698123081,0.26999370830315533,0.0,2.1429883471075284,2.143137072018795,0.8785086478895525,0.8785019908213129,1.5000918429752366,1.5001959504130964,87.67560807633666,61.06394946169694,323,vertical,no_rain
2023-11-20 00:00:00+09:00,2.2767604928025182,1.9957534650856958,0.28100702771682246,0.0,2.149313388429844,2.14946257378975,0.878225667981512,0.8782189968211588,1.5045193719008578,1.504623801652765,87.65759382222396,61.34495648941377,324,vertical,no_rain
2023-11-21 00:00:00+09:00,1.9405644286413564,1.6994647633209625,0.24109966532039384,0.0,2.15563842975216,2.155788075560705,0.8779429642428676,0.8779362790226154,1.508946900826479,1.5090516528924338,87.57579692990691,61.58605615473416,325,vertical,no_rain
2023-11-22 00:00:00+09:00,2.2023567837914633,1.9290455389400347,0.27331124485142855,0.0,2.1619634710744755,2.16211357733166,0.877660536335832,0.877653837087878,1.5133744297521003,1.5134795041321025,87.59005594084942,61.85936739958559,326,vertical,no_rain
2023-11-23 00:00:00+09:00,1.9034030371504511,1.665757932436498,0.23764510471395306,0.0,2.168288512396791,2.168439079102615,0.8773783839249855,0.8773716706815093,1.5178019586777216,1.5179073553717712,87.51472493866947,62.09701250429954,327,vertical,no_rain
2023-11-24 00:00:00+09:00,2.0996218491026992,1.8375164715821577,0.26210537752054136,0.0,2.174613553719107,2.17476458087357,0.8770965066772497,0.8770897794704137,1.5222294876033429,1.52233520661144,87.51654362748437,62.35911788182008,328,vertical,no_rain
2023-11-25 00:00:00+09:00,2.032292918162615,1.7778147350283193,0.2544781831342956,0.0,2.1809385950414226,2.1810900826445248,0.8768149042618618,0.8768081631238109,1.5266570165289641,1.5267630578511087,87.47827240551682,62.61359606495438,329,vertical,no_rain
2023-11-26 00:00:00+09:00,1.6907313110545836,1.4774166957587471,0.21331461529583667,0.0,2.1872636363637383,2.1874155844154797,0.8765335763503495,0.8765268213132114,1.5310845454545854,1.5311909090907774,87.38329302230864,62.826910680250215,330,vertical,no_rain
2023-11-27 00:00:00+09:00,1.525551238121224,1.3319342666194487,0.19361697150177506,0.0,2.193588677686054,2.1937410861864346,0.876252522616505,0.87624575371239,1.5355120743802066,1.535618760330446,87.30839275249633,63.02052765175199,331,vertical,no_rain
2023-11-28 00:00:00+09:00,0.847941641051016,0.7374375275776488,0.11050411347336714,0.0,2.1999137190083697,2.2000665879573895,0.8759717427363608,0.8759649599973623,1.539939603305828,1.5400466115701148,86.96795768439932,63.13103176522536,332,vertical,no_rain
2023-11-29 00:00:00+09:00,1.915850588077971,1.6734697012407542,0.2423808868372168,0.0,2.2062387603306854,2.2063920897283444,0.8756912363881652,0.8756844398463594,1.5443671322314492,1.5444744628097835,87.34865399496631,63.37341265206258,333,vertical,no_rain
2023-11-30 00:00:00+09:00,2.129151315434245,1.8598245793776542,0.26932673605659097,0.0,2.212563801653001,2.2127175914992994,0.8754110032523575,0.8754041929398036,1.5487946611570704,1.5489023140494522,87.35051219214726,63.64273938811917,334,vertical,no_rain
2023-12-01 00:00:00+09:00,2.0302447643091273,1.7725837702812648,0.25766099402786213,0.0,2.218888842975317,2.2190430932702543,0.875131043011545,0.8751242189602851,1.5532221900826917,1.553330165289121,87.30887041023637,63.900400382147026,335,vertical,no_rain
2023-12-02 00:00:00+09:00,1.4873809033570646,1.2963342942515665,0.19104660910549828,0.0,2.2252138842976326,2.225368595041209,0.8748513553504782,0.8748445175925377,1.557649719008313,1.5577580165287896,87.15550208596198,64.09144699125252,336,vertical,no_rain
2023-12-03 00:00:00+09:00,2.1812613799611134,1.9036650947947398,0.2775962851663734,0.0,2.2315389256199483,2.231694096812164,0.8745719399560282,0.8745650885234153,1.5620772479339342,1.5621858677684584,87.27358913899064,64.36904327641889,337,vertical,no_rain
2023-12-04 00:00:00+09:00,1.935469206266028,1.687874512668461,0.24759469359756694,0.0,2.237863966942264,2.238019598583119,0.8742927965171636,0.8742859314418701,1.5665047768595555,1.566613719008127,87.20751057180419,64.61663797001646,338,vertical,no_rain
2023-12-05 00:00:00+09:00,1.6823682190841087,1.4657442127447002,0.21662400633940854,0.0,2.2441890082645797,2.244345100354074,0.8740139247249274,0.8740070460389278,1.5709323057851767,1.5710415702477958,87.12386480663906,64.83326197635587,339,vertical,no_rain
2023-12-06 00:00:00+09:00,0.6083945395457672,0.5259879711079521,0.08240656843781499,0.0,2.2505140495868954,2.250670602125029,0.8737353242724148,0.873728432007667,1.575359834710798,1.5754694214874645,86.45507757197484,64.91566854479369,340,vertical,no_rain
2023-12-07 00:00:00+09:00,1.9865019355428226,1.7308146014448584,0.25568733409796435,0.0,2.256839090909211,2.256996103895984,0.8734569948547506,0.8734500890431961,1.5797873636364193,1.5798972727271332,87.12876491468928,65.17135587889166,341,vertical,no_rain
2023-12-08 00:00:00+09:00,1.7957581014318933,1.5634536862256372,0.2323044152062563,0.0,2.263164132231527,2.2633216056669387,0.8731789361690673,0.8731720168426308,1.5842148925620405,1.584325123966802,87.06371336868689,65.40366029409792,342,vertical,no_rain
2023-12-09 00:00:00+09:00,1.4818663154914544,1.2885393631109634,0.19332695238049113,0.0,2.2694891735538425,2.2696471074378937,0.8729011479144839,0.8728942151050735,1.5886424214876618,1.5887529752064706,86.95381962870415,65.5969872464784,343,vertical,no_rain
2023-12-10 00:00:00+09:00,1.364548672120892,1.1856282366883968,0.17892043543249503,0.0,2.275814214876158,2.2759726092088486,0.8726236297920837,0.8726166835315909,1.593069950413283,1.5931808264461393,86.88794037999374,65.7759076819109,344,vertical,no_rain
2023-12-11 00:00:00+09:00,0.13911485584369537,0.11617985580341304,0.02293500004028233,0.0,2.282139256198474,2.2822981109798035,0.8723463815048937,0.8723394218251935,1.5974974793389043,1.597608677685808,83.51362268164135,65.79884268195117,345,vertical,no_rain
2023-12-12 00:00:00+09:00,0.7781623866843899,0.6730555687246226,0.10510681795976726,0.0,2.2884642975207896,2.2886236127507584,0.8720694027578635,0.8720624296908143,1.6019250082645256,1.6020365289254768,86.49294546250063,65.90394949991094,346,vertical,no_rain
2023-12-13 00:00:00+09:00,1.647832283701278,1.4318584076797716,0.2159738760215064,0.0,2.2947893388431053,2.2949491145217134,0.8717926932578439,0.8717857068352878,1.6063525371901468,1.6064643801651455,86.89345522856266,66.11992337593244,347,vertical,no_rain
2023-12-14 00:00:00+09:00,0.10425742771644246,0.08629759331611747,0.01795983440032499,0.0,2.301114380165421,2.3012746162926683,0.8715162527135677,0.8715092529673304,1.610780066115768,1.6108922314048142,82.77356847017957,66.13788321033277,348,vertical,no_rain
2023-12-15 00:00:00+09:00,0.0808501820501449,0.06520326675507547,0.015646915295069425,0.0,2.3074394214877367,2.307600118063623,0.8712400808356289,0.8712330677975195,1.6152075950413893,1.615320082644483,80.64702527773542,66.15353012562784,349,vertical,no_rain
2023-12-16 00:00:00+09:00,1.2859777877292955,1.1148497316309025,0.171128056098393,0.0,2.3137644628100524,2.313925619834578,0.870964177336462,0.8709571510382738,1.6196351239670106,1.6197479338841516,86.69276734549506,66.32465818172624,350,vertical,no_rain
2023-12-17 00:00:00+09:00,2.264769409117215,1.9679010306302953,0.2968683784869197,0.0,2.320089504132368,2.320251121605533,0.8706885419303239,0.8706815024038332,1.6240626528926319,1.6241757851238203,86.89189383732288,66.62152656021316,351,vertical,no_rain
2023-12-18 00:00:00+09:00,1.6963689391160874,1.471756928518524,0.2246120105975635,0.0,2.326414545454684,2.326576623376488,0.8704131743332729,0.8704061216102402,1.6284901818182531,1.628603636363489,86.75924762483565,66.84613857081072,352,vertical,no_rain
2023-12-19 00:00:00+09:00,1.3962569922953716,1.2100214697354656,0.18623552255990594,0.0,2.3327395867769996,2.332902125147443,0.8701380742631502,0.8701310083753194,1.6329177107438744,1.6330314876031577,86.66180197574195,67.03237409337063,353,vertical,no_rain
2023-12-20 00:00:00+09:00,1.9571437768965756,1.6981019933159807,0.2590417835805949,0.0,2.3390646280993153,2.339227626918398,0.8698632414395604,0.8698561624186596,1.6373452396694956,1.6374593388428265,86.76429465027066,67.29141587695123,354,vertical,no_rain
2023-12-21 00:00:00+09:00,2.094220170716871,1.8169820780869637,0.27723809262990695,0.0,2.345389669421631,2.3455531286893527,0.8695886755838534,0.8695815834615943,1.641772768595117,1.6418871900824952,86.76175043548521,67.56865396958113,355,vertical,no_rain
2023-12-22 00:00:00+09:00,2.0821812719089925,1.8059166456144682,0.2762646262945243,0.0,2.3517147107439467,2.3518786304603077,0.8693143764191053,0.869307271227183,1.6462002975207382,1.6463150413221639,86.73196085174474,67.84491859587565,356,vertical,no_rain
2023-12-23 00:00:00+09:00,1.949564140112853,1.689863740309054,0.2597003998037992,0.0,2.3580397520662624,2.3582041322312626,0.8690403436700995,0.8690332254401938,1.6506278264463594,1.6507428925618326,86.67905330938402,68.10461899567946,357,vertical,no_rain
2023-12-24 00:00:00+09:00,1.7585800708788437,1.5231974309094418,0.2353826399694019,0.0,2.364364793388578,2.3645296340022175,0.8687665770633097,0.8687594458270836,1.6550553553719807,1.6551707438015013,86.61518779456142,68.34000163564886,358,vertical,no_rain
2023-12-25 00:00:00+09:00,1.7552385846240197,1.5197908287918773,0.2354477558321423,0.0,2.370689834710894,2.3708551357731724,0.8684930763268811,0.8684859321159819,1.659482884297602,1.65959859504117,86.58599703227374,68.575449391481,359,vertical,no_rain
2023-12-26 00:00:00+09:00,1.6963276683292554,1.4679577912618742,0.22836987706738116,0.0,2.3770148760332095,2.3771806375441273,0.868219841190613,0.8682126840366716,1.6639104132232232,1.6640264462808387,86.53739596829739,68.80381926854838,360,vertical,no_rain
2023-12-27 00:00:00+09:00,1.8869322839746194,1.6332221852397477,0.25371009873487177,0.0,2.383339917355525,2.3835061393150823,0.867946871385941,0.8679397013205724,1.6683379421488445,1.6684542975205074,86.5543612301519,69.05752936728325,361,vertical,no_rain
2023-12-28 00:00:00+09:00,1.7418854079646857,1.5066114723465407,0.23527393561814502,0.0,2.389664958677841,2.389831641086037,0.8676741666459197,0.867666983700723,1.6727654710744657,1.6728821487601762,86.49314504028987,69.29280330290139,362,vertical,no_rain
2023-12-29 00:00:00+09:00,1.216029159836964,1.049343887353005,0.16668527248395895,0.0,2.3959900000001566,2.396157142856992,0.867401726705206,0.8673945309117641,1.677193000000087,1.6773099999998449,86.29265826928798,69.45948857538535,363,vertical,no_rain
2023-12-30 00:00:00+09:00,0.23340828418678075,0.1963493462451076,0.03705893794167313,0.0,2.4023150413224723,2.402482644627947,0.8671295513000414,0.8671223426899214,1.6816205289257082,1.6817378512395136,84.12269809925967,69.49654751332703,364,vertical,no_rain
2023-12-31 00:00:00+09:00,0.8939794350653165,0.769245018134691,0.12473441693062548,0.0,2.408640082644788,2.408808146398902,0.866857640168236,0.8668504187729886,1.6860480578513295,1.6861657024791823,86.04728341189279,69.62128193025765,365,vertical,no_rain
2023-01-01 00:00:00+09:00,2.094138910153362,2.0737023483598187,0.020436561793543473,0.0,0.10632504132231416,0.10632550177095626,0.9901313430197564,0.9901313068243723,0.07442752892561992,0.07442785123966937,99.0241066772382,0.020436561793543473,1,vertical,periodic_rain
2023-01-02 00:00:00+09:00,1.752578017383498,1.7344321441082733,0.018145873275224777,0.0,0.11265008264462836,0.11265100354191251,0.9896363625866911,0.9896362908366819,0.07885505785123985,0.07885570247933875,98.96461823124339,0.03858243506876825,2,vertical,periodic_rain
2023-01-03 00:00:00+09:00,1.8193391665648782,1.7996274379792074,0.019711728585670656,0.0,0.11897512396694257,0.11897650531286877,0.9891456435918877,0.9891455368683393,0.08328258677685978,0.08328355371900813,98.91654459223848,0.05829416365443891,3,vertical,periodic_rain
2023-01-04 00:00:00+09:00,1.6047153245800847,1.5864566730362595,0.018258651543825232,0.0,0.12530016528925678,0.12530200708382502,0.9886589284729137,0.988658787306103,0.0877101157024797,0.0877114049586775,98.86218750053982,0.07655281519826414,4,vertical,periodic_rain
2023-01-05 00:00:00+09:00,1.346129212420365,1.3300397642279111,0.01608944819245383,0.0,0.13162520661157098,0.13162750885478128,0.9881759876613344,0.9881758125378776,0.09213764462809963,0.09213925619834688,98.80476197648778,0.09264226339071796,5,vertical,periodic_rain
2023-01-06 00:00:00+09:00,2.200479994639602,2.173525440967524,0.026954553672077854,0.0,0.1379502479338852,0.13795301062573753,0.987696615348682,0.9876964067173676,0.09656517355371956,0.09656710743801626,98.77506027149806,0.11959681706279582,6,vertical,periodic_rain
2023-01-07 00:00:00+09:00,2.188122712862083,2.1602564855710873,0.02786622729099568,0.0,0.1442752892561994,0.1442785123966938,0.9872206260573779,0.987220384333977,0.10099270247933949,0.10099495867768564,98.72647785578047,0.14746304435379148,7,vertical,periodic_rain
2023-01-08 00:00:00+09:00,2.159280338313746,2.1307309299571635,0.02854940835658274,0.0,0.1506003305785136,0.15060401416765004,0.9867478518349951,0.9867475774062662,0.10542023140495942,0.10542280991735502,98.67782761459877,0.17601245271037422,8,vertical,periodic_rain
2023-01-09 00:00:00+09:00,1.864593696982031,1.8389325397258418,0.025661157256189077,0.0,0.1569253719008278,0.1569295159386063,0.9862781399371342,0.9862778331641865,0.10984776033057934,0.1098506611570244,98.62376681323532,0.2016736099665633,9,vertical,periodic_rain
2023-01-10 00:00:00+09:00,2.0360429425015534,2.007137889953319,0.028905052548234108,0.0,0.16325041322314202,0.16325501770956255,0.9858113508975621,0.9858110121187027,0.11427528925619927,0.11427851239669377,98.58033188078437,0.23057866251479742,10,vertical,periodic_rain
2023-01-11 00:00:00+09:00,2.103574702691777,2.072731446129634,0.03084325656214306,0.0,0.16957545454545622,0.1695805194805188,0.9853473569084021,0.9853469864415635,0.1187028181818192,0.11870636363636315,98.53376937255067,0.26142191907694046,11,vertical,periodic_rain
2023-01-12 00:00:00+09:00,2.209272072969854,2.1758920848414274,0.03337998812842703,0.0,0.17590049586777043,0.17590602125147506,0.9848860404508616,0.9848856385956852,0.12313034710743913,0.12313421487603253,98.48909563757103,0.2948019072053675,12,vertical,periodic_rain
2023-01-13 00:00:00+09:00,1.7437240976006296,1.7162943033721123,0.027429794228517372,0.0,0.1822255371900846,0.1822315230224313,0.9844272931301372,0.9844268601697728,0.12755787603305904,0.12756206611570192,98.42694183866239,0.32223170143388485,13,vertical,periodic_rain
2023-01-14 00:00:00+09:00,0.8512989957754408,0.8383913045315154,0.012907691243925325,10.0,0.1686088580842901,0.16858878938402336,0.9854180885988905,0.9854195578119994,0.12914666266323965,0.12914678737339502,98.4837652448811,0.3351393926778102,14,vertical,periodic_rain
2023-01-15 00:00:00+09:00,1.5116452421762498,1.4885478113486696,0.023097430827580003,0.0,0.1749338994066043,0.1749142911549796,0.9849563701909192,0.984957797514349,0.13357419158885958,0.1335746386130644,98.47203363705046,0.35823682350539016,15,vertical,periodic_rain
2023-01-16 00:00:00+09:00,0.8841133933769919,0.869930485552378,0.014182907824613887,0.0,0.18125894072891852,0.18123979292593587,0.984497236935571,0.9844986230727486,0.1380017205144795,0.13800248985273378,98.39580443743303,0.37241973133000406,16,vertical,periodic_rain
2023-01-17 00:00:00+09:00,2.326665732937716,2.289480142262564,0.037185590675151516,0.0,0.18758398205123272,0.18756529469689212,0.9840405873814744,0.9840419329897203,0.14242924944009944,0.14243034109240316,98.40176480236376,0.4096053220051556,17,vertical,periodic_rain
2023-01-18 00:00:00+09:00,1.3823397096023817,1.359317492674327,0.023022216928054687,0.0,0.19390902337354693,0.19389079646784838,0.983586327468443,0.9835876331635955,0.14685677836571936,0.14685819233207253,98.3345470893926,0.43262753893321026,18,vertical,periodic_rain
2023-01-19 00:00:00+09:00,2.18475111293713,2.147737943574677,0.03701316936245368,0.0,0.20023406469586114,0.20021629823880463,0.9831343697680694,0.983135636128508,0.1512843072913393,0.1512860435717419,98.30584046195112,0.46964070829566396,19,vertical,periodic_rain
2023-01-20 00:00:00+09:00,1.9130768749540656,1.879659572858132,0.033417302095933556,0.0,0.20655910601817534,0.20654180000976088,0.9826846328238092,0.9826858603939702,0.15571183621695922,0.1557138948114113,98.25321697557314,0.5030580103915975,20,vertical,periodic_rain
2023-01-21 00:00:00+09:00,1.2729778044206885,1.2498195323105712,0.023158272110117305,0.0,0.21288414734048955,0.21286730178071714,0.9822370405748772,0.982238229868341,0.16013936514257915,0.16014174605108067,98.18077958392556,0.5262162825017148,21,vertical,periodic_rain
2023-01-22 00:00:00+09:00,1.956461941885737,1.9205371617448361,0.035924780140900836,0.0,0.21920918866280376,0.2191928035516734,0.9817915218511394,0.9817926733533519,0.16456689406819908,0.16456959729075005,98.16378845037616,0.5621410626426157,22,vertical,periodic_rain
2023-01-23 00:00:00+09:00,1.9202743298400577,1.8841336904045813,0.03614063943547663,0.0,0.22553422998511796,0.22551830532262965,0.9813480099284599,0.9813491240991404,0.168994422993819,0.16899744853041943,98.11794393780775,0.5982817020780923,23,vertical,periodic_rain
2023-01-24 00:00:00+09:00,1.8794219019678355,1.8431280141780966,0.03629388778973877,0.0,0.23185927130743217,0.2318438070935859,0.980906442135774,0.980907519411055,0.17342195191943893,0.1734252997700888,98.06888023643133,0.634575589867831,24,vertical,periodic_rain
2023-01-25 00:00:00+09:00,0.46914256914770774,0.45920227526276886,0.009940293884938885,0.0,0.23818431262974638,0.23816930886454216,0.9804667595066272,0.980467800300961,0.17784948084505886,0.17785315100975818,97.88117844368772,0.6445158837527699,25,vertical,periodic_rain
2023-01-26 00:00:00+09:00,0.7567553867901875,0.7408021498361876,0.015953236953999906,0.0,0.24450935395206058,0.2444948106354984,0.9800289064691016,0.9800299111769654,0.1822770097706788,0.18228100224942756,97.89188987188234,0.6604691207067698,26,vertical,periodic_rain
2023-01-27 00:00:00+09:00,2.8044907930290806,2.747224125784022,0.05726666724505882,0.0,0.2508343952743747,0.25082031240645464,0.9795928305690189,0.9795937995664445,0.18670453869629872,0.18670885348909694,97.95803689613093,0.7177357879518286,27,vertical,periodic_rain
2023-01-28 00:00:00+09:00,2.7393355660325462,2.6868099305954183,0.05252563543712779,10.0,0.23294732772296667,0.23290778871457782,0.980830673678831,0.980833426064281,0.18697894427338566,0.1869772026689222,98.08254103336445,0.7702614233889564,28,vertical,periodic_rain
2023-01-29 00:00:00+09:00,1.0365438557734536,1.0154820212335056,0.021061834539948008,0.0,0.23927236904528087,0.23923329048553407,0.9803913096501362,0.980394018567901,0.19140647319900558,0.19140505390859158,97.96807106398484,0.7913232579289045,29,vertical,periodic_rain
2023-01-30 00:00:00+09:00,2.706031071158406,2.65170875256664,0.054322318591766144,0.0,0.24559741036759508,0.24555879225649033,0.9799537659749155,0.9799564320203407,0.1958340021246255,0.19583290514826096,97.99254638386277,0.8456455765206706,30,vertical,periodic_rain
2023-01-31 00:00:00+09:00,2.8702789110983016,2.8114779271418096,0.05880098395649229,0.0,0.2519224516899093,0.2518842940274466,0.9795179907095839,0.9795206144485564,0.20026153105024544,0.20026075638793034,97.9513843156799,0.9044465604771629,31,vertical,periodic_rain
2023-02-01 00:00:00+09:00,2.930266188694394,2.8689814268105382,0.06128476188385551,0.0,0.2582474930122235,0.25820979579840286,0.9790839347404657,0.9790865167116448,0.20468905997586537,0.20468860762759972,97.90855990761844,0.9657313223610184,32,vertical,periodic_rain
2023-02-02 00:00:00+09:00,2.5728018200762297,2.517710544938113,0.055091275138117,0.0,0.2645725343345377,0.2645352975693591,0.9786515515652674,0.978654092282097,0.2091165889014853,0.2091164588672691,97.85870506199795,1.0208225974991354,33,vertical,periodic_rain
2023-02-03 00:00:00+09:00,2.896776816947238,2.83363620510905,0.06314061183818798,0.0,0.2708975756568519,0.2708607993403154,0.978220797096228,0.9782232970487552,0.21354411782710522,0.21354431010693847,97.8203149283441,1.0839632093373233,34,vertical,periodic_rain
2023-02-04 00:00:00+09:00,2.651454636491181,2.5923835126812813,0.059071123809899706,0.0,0.2772226169791661,0.2771863011112716,0.9777916294823409,0.977794089138863,0.21797164675272515,0.21797216134660785,97.772123912779,1.143034333147223,35,vertical,periodic_rain
2023-02-05 00:00:00+09:00,2.9438540229304007,2.877152773107946,0.06670124982245487,0.0,0.2835476583014803,0.2835118028822279,0.9773640089484052,0.9773664287569662,0.22239917567834508,0.22240001258627723,97.73422019900096,1.2097355829696779,36,vertical,periodic_rain
2023-02-06 00:00:00+09:00,2.13087546824115,2.081222920179992,0.0496525480611579,0.0,0.28987269962379447,0.28983730465318414,0.9769378976489779,0.9769402780387301,0.226826704603965,0.2268278638259466,97.66985218980714,1.2593881310308357,37,vertical,periodic_rain
2023-02-07 00:00:00+09:00,0.5530849913001082,0.539034031092228,0.014050960207880183,0.0,0.2961977409461085,0.2961628064241404,0.9765132595355478,0.9765156009179943,0.23125423352958493,0.23125571506561599,97.45952965115698,1.273439091238716,38,vertical,periodic_rain
2023-02-08 00:00:00+09:00,2.845921527762405,2.7777105779844304,0.06821094977797434,0.0,0.30252278226842255,0.30248830819509664,0.9760900602354836,0.9760923630056136,0.23568176245520486,0.23568356630528536,97.60320342242166,1.3416500410166903,39,vertical,periodic_rain
2023-02-09 00:00:00+09:00,1.5094864381480397,1.471938478077145,0.0375479600708947,0.0,0.3088478235907366,0.3088138099660529,0.9756682669414837,0.9756705314788129,0.2401092913808248,0.24011141754495474,97.51253412273371,1.379198001087585,40,vertical,periodic_rain
2023-02-10 00:00:00+09:00,3.204698484791993,3.125385239966622,0.07931324482537037,0.0,0.31517286491305063,0.31513931173700915,0.9752478483104234,0.9752500749799484,0.24453682030644472,0.24453926878462412,97.52509494413424,1.4585112459129554,41,vertical,periodic_rain
2023-02-11 00:00:00+09:00,3.1798942416837965,3.1057221150694785,0.0741721266143181,10.0,0.29396807981313255,0.2939101117465479,0.9766627841772592,0.9766666740062653,0.2435260535376573,0.24352054308976606,97.6674656143582,1.5326833725272735,42,vertical,periodic_rain
2023-02-12 00:00:00+09:00,2.1685506903942944,2.1164992330207633,0.052051457373531465,0.0,0.3002931211354467,0.30023561351750416,0.9762390814987608,0.9762429273921231,0.24795358246327723,0.24794839432943544,97.59971221313407,1.584734829900805,43,vertical,periodic_rain
2023-02-13 00:00:00+09:00,3.078833488919507,3.004325951637229,0.07450753728227776,0.0,0.3066181624577609,0.30656111528846075,0.9758167962192222,0.9758205986796673,0.25238111138889713,0.25237624556910515,97.58000757265943,1.6592423671830827,44,vertical,periodic_rain
2023-02-14 00:00:00+09:00,1.8052295390431037,1.7601188381363817,0.04511070090672201,0.0,0.3129432037800751,0.31288661705941767,0.9753958964903738,0.9753996560005358,0.25680864031451706,0.2568040968087752,97.50110997349213,1.7043530680898047,45,vertical,periodic_rain
2023-02-15 00:00:00+09:00,1.4626672267067038,1.425255317806622,0.037411908900081746,0.0,0.3192682451023893,0.3192121188303746,0.9749763518671772,0.9749800688908333,0.261236169240137,0.26123194804844524,97.44221322410311,1.7417649769898864,46,vertical,periodic_rain
2023-02-16 00:00:00+09:00,0.49464738336498537,0.4808830593290078,0.013764324035977531,0.0,0.32559328642470353,0.3255376206013315,0.9745581332200921,0.9745618082032985,0.2656636981657569,0.2656597992881153,97.21734623514196,1.755529301025864,47,vertical,periodic_rain
2023-02-17 00:00:00+09:00,2.88641569602801,2.8115528529473717,0.07486284308063845,0.0,0.33191832774701774,0.33186312237228843,0.9741412126544167,0.9741448460265548,0.27009122709137684,0.27008765052778533,97.40637347615395,1.8303921441065023,48,vertical,periodic_rain
2023-02-18 00:00:00+09:00,1.24679839791812,1.2130294256932102,0.03376897222490995,0.0,0.33824336906933183,0.33818862414324535,0.9737255634360086,0.9737291556107516,0.27451875601699677,0.27451550176745537,97.29154510614573,1.8641611163314122,49,vertical,periodic_rain
2023-02-19 00:00:00+09:00,2.1791114118714443,2.120321282601017,0.05879012927042713,0.0,0.3445684103916459,0.3445141259142023,0.9733111599227723,0.973314711298978,0.2789462849426167,0.2789433530071254,97.30210539258579,1.9229512456018394,50,vertical,periodic_rain
2023-02-20 00:00:00+09:00,3.362088813675883,3.270992473861049,0.09109633981483388,0.0,0.3508934517139599,0.3508396276851592,0.9728979775013672,0.9729014884639043,0.2833738138682366,0.28337120424679546,97.2904838371823,2.014047585416673,51,vertical,periodic_rain
2023-02-21 00:00:00+09:00,3.170015123115345,3.082733927327585,0.08728119578775966,0.0,0.35721849303627395,0.3571651294561161,0.9724859925286518,0.972489463449167,0.28780134279385655,0.2877990554864655,97.24666311049066,2.101328781204433,52,vertical,periodic_rain
2023-02-22 00:00:00+09:00,0.9805982261551401,0.9520767383553129,0.02852148779982719,0.0,0.363543534358588,0.36349063122707304,0.9720751822774327,0.9720786135150618,0.2922288717194765,0.29222690672613555,97.09141960090444,2.12985026900426,53,vertical,periodic_rain
2023-02-23 00:00:00+09:00,3.3009121985193546,3.2073159000318667,0.09359629848748786,0.0,0.36986857568090203,0.36981613299802996,0.9716655248861329,0.9716689167881623,0.2966564006450964,0.2966547579658056,97.16453232141494,2.223446567491748,54,vertical,periodic_rain
2023-02-24 00:00:00+09:00,2.94588942512976,2.860899831517766,0.084989593611994,0.0,0.3761936170032161,0.3761416347689869,0.9712569993120327,0.9712603522145156,0.30108392957071634,0.30108260920547564,97.1149767914914,2.308436161103742,55,vertical,periodic_rain
2023-02-25 00:00:00+09:00,3.537466846338252,3.4413932697341876,0.09607357660406436,10.0,0.35233464486396315,0.3522592543167494,0.9728040001040715,0.9728089146382513,0.29881655007557184,0.2988054537999817,97.2841137238215,2.4045097377078064,56,vertical,periodic_rain
2023-02-26 00:00:00+09:00,3.6021092309157616,3.502821120840981,0.09928811007478046,0.0,0.35865968618627736,0.35858475608770635,0.9723922847650192,0.9723971552933005,0.30324407900119177,0.30323330503965173,97.24361190319766,2.503797847782587,57,vertical,periodic_rain
2023-02-27 00:00:00+09:00,3.2996747615363935,3.2071784446532363,0.09249631688315718,0.0,0.36498472750859157,0.36491025785866327,0.9719817390917816,0.9719865660462729,0.3076716079268117,0.3076611562793218,97.19680503177564,2.596294164665744,58,vertical,periodic_rain
2023-02-28 00:00:00+09:00,3.4283907705683907,3.3309400075012654,0.09745076306712519,0.0,0.3713097688309058,0.3712357596296202,0.9715723414133538,0.9715771252116082,0.3120991368524316,0.3120890075189918,97.15753630234603,2.6937449277328693,59,vertical,periodic_rain
2023-03-01 00:00:00+09:00,3.4207330329293426,3.3221038551365774,0.09862917779276532,0.0,0.37763481015322,0.3775612614005771,0.9711640708674011,0.9711688119131753,0.31652666577805155,0.31651685875866187,97.11672390556873,2.7923741055256346,60,vertical,periodic_rain
2023-03-02 00:00:00+09:00,3.115116462204967,3.023805936629129,0.09131052557583809,0.0,0.38395985147553413,0.38388676317153403,0.9707569073574694,0.9707616060414295,0.3209541947036715,0.3209447099983319,97.0687925577201,2.8836846311014726,61,vertical,periodic_rain
2023-03-03 00:00:00+09:00,2.7928951206912673,2.709626764251232,0.08326835644003545,0.0,0.39028489279784817,0.39021226494249095,0.9703508315131222,0.9703554882135033,0.3253817236292914,0.32537256123800196,97.01856486399583,2.966952987541508,62,vertical,periodic_rain
2023-03-04 00:00:00+09:00,1.2990717255776454,1.258849754900753,0.04022197067689247,0.0,0.3966099341201622,0.39653776671344787,0.9699458246527596,0.9699504397359816,0.32980925255491134,0.329800412477672,96.9037913854212,3.0071749582184006,63,vertical,periodic_rain
2023-03-05 00:00:00+09:00,1.0089658540650528,0.9771560863739158,0.03180976769113694,0.0,0.40293497544247625,0.4028632684844048,0.9695418687489006,0.9695464425701449,0.33423678148053126,0.33422826371734204,96.84728996893426,3.0389847259095375,64,vertical,periodic_rain
2023-03-06 00:00:00+09:00,2.7838098902053474,2.697387324430488,0.08642256577485921,0.0,0.4092600167647903,0.4091887702553617,0.9691389463957284,0.9691434792994765,0.3386643104061512,0.3386561149570121,96.89552917823406,3.1254072916843967,65,vertical,periodic_rain
2023-03-07 00:00:00+09:00,2.254429987854104,2.1831745989110414,0.07125538894306263,0.0,0.41558505808710433,0.41551427202631863,0.968737040778719,0.9687415330992584,0.3430918393317711,0.34308396619668213,96.83931684164264,3.196662680627459,66,vertical,periodic_rain
2023-03-08 00:00:00+09:00,1.9793001105679293,1.9154874953033378,0.06381261526459132,0.0,0.42191009940941837,0.42183977379727555,0.9683361356461887,0.9683405877080876,0.34751936825739105,0.3475118174363522,96.77600102562106,3.2604752958920504,67,vertical,periodic_rain
2023-03-09 00:00:00+09:00,3.520417305202438,3.4071710973433516,0.11324620785908662,0.0,0.4282351407317324,0.4281652755682325,0.9679362152826146,0.9679406274011673,0.351946897183011,0.3519396686760222,96.78315955066655,3.373721503751137,68,vertical,periodic_rain
2023-03-10 00:00:00+09:00,3.7825892753822634,3.6596128692391723,0.12297640614309087,0.0,0.43456018205404645,0.4344907773391894,0.9675372644835916,0.9675416369652369,0.3563744261086309,0.35636751991569227,96.74888291616955,3.4966979098942277,69,vertical,periodic_rain
2023-03-11 00:00:00+09:00,3.7218796710229625,3.6070397739904823,0.11483989703248022,10.0,0.4085115526380512,0.40841949615070894,0.9691865722383147,0.9691924309087558,0.3528783588432338,0.352859942436267,96.91446507724103,3.611537806926708,70,vertical,periodic_rain
2023-03-12 00:00:00+09:00,3.21238779546848,3.1115241776101943,0.10086361785828568,0.0,0.41483659396036543,0.41474499792166586,0.9687845471658496,0.9687903618973538,0.35730588776885375,0.35728779367593705,96.86016682043905,3.7124014247849937,71,vertical,periodic_rain
2023-03-13 00:00:00+09:00,2.2034899085471564,2.132615614038527,0.07087429450862931,0.0,0.42116163528267964,0.4210704996926228,0.9683835244725094,0.9683892956434461,0.3617334166944737,0.3617156449156071,96.78354349463032,3.783275719293623,72,vertical,periodic_rain
2023-03-14 00:00:00+09:00,3.1037608101279464,3.003678051396109,0.10008275873183761,0.0,0.42748667660499384,0.4273960014635797,0.9679834883806628,0.9679892163583473,0.3661609456200936,0.36614349615527714,96.77543583882962,3.883358478025461,73,vertical,periodic_rain
2023-03-15 00:00:00+09:00,3.7630620315266405,3.640853178447765,0.12220885307887568,0.0,0.433811717927308,0.4337215032345366,0.9675844236266777,0.9675901087678739,0.37058847454571353,0.3705713473949472,96.75240928650607,4.005567331104337,74,vertical,periodic_rain
2023-03-16 00:00:00+09:00,3.2583714657823335,3.1507829887807692,0.10758847700156389,0.0,0.44013675924962203,0.44004700500549354,0.9671863154372192,0.9671919580886115,0.37501600347133346,0.3749991986346172,96.6980904991527,4.113155808105901,75,vertical,periodic_rain
2023-03-17 00:00:00+09:00,2.8706077690934,2.7743971071560094,0.09621066193739067,0.0,0.4464618005719361,0.44637250677645046,0.9667891495069623,0.9667947500056009,0.3794435323969534,0.37942704987428727,96.64842187869588,4.209366470043292,76,vertical,periodic_rain
2023-03-18 00:00:00+09:00,2.9446138236551387,2.844745556584242,0.09986826707089658,0.0,0.4527868418942501,0.4526980085474074,0.9663929119776159,0.9663984706513358,0.3838710613225733,0.3838549011139573,96.60844263282951,4.309234737114188,77,vertical,periodic_rain
2023-03-19 00:00:00+09:00,3.2070806398502194,3.097270323910414,0.10981031593980532,0.0,0.45911188321656415,0.4590235103183643,0.9659975894181644,0.9660031065859809,0.38829859024819324,0.38828275235362736,96.5760039028849,4.419045053053994,78,vertical,periodic_rain
2023-03-20 00:00:00+09:00,3.728876800769282,3.6002720113434843,0.12860478942579734,0.0,0.4654369245388782,0.4653490120893212,0.9656031688062401,0.965608644778722,0.39272611917381317,0.3927106035932974,96.55111186834421,4.547649842479791,79,vertical,periodic_rain
2023-03-21 00:00:00+09:00,3.932181726917539,3.7951338456071277,0.13704788131041126,0.0,0.47176196586119223,0.47167451386027814,0.9652096375105474,0.9652150725901697,0.3971536480994331,0.39713845483296745,96.51471140379252,4.684697723790202,80,vertical,periodic_rain
2023-03-22 00:00:00+09:00,3.781056184789105,3.6476246019184524,0.13343158287065263,0.0,0.4780870071835063,0.47800001563123506,0.964816983274266,0.9648223777557433,0.401581177025053,0.4015663060726375,96.47104998313864,4.818129306660855,81,vertical,periodic_rain
2023-03-23 00:00:00+09:00,3.632872715078756,3.503131004916539,0.129741710162217,0.0,0.4844120485058203,0.484325517402192,0.9644251941993663,0.9644305483699683,0.40600870595067295,0.40599415731230754,96.42867448606978,4.947871016823072,82,vertical,periodic_rain
2023-03-24 00:00:00+09:00,3.861398203059882,3.7222132929774747,0.13918491008240752,0.0,0.49073708982813435,0.4906510191731489,0.9640342587317761,0.9640395728716263,0.4104362348762929,0.4104220085519776,96.39547897515172,5.08705592690548,83,vertical,periodic_rain
2023-03-25 00:00:00+09:00,3.8088296685245226,3.6781429122629805,0.13068675626154225,10.0,0.4628263161873079,0.4627180295859769,0.9657658541517147,0.9657726055357443,0.40573878423708204,0.405711393296806,96.568847450924,5.217742683167022,84,vertical,periodic_rain
2023-03-26 00:00:00+09:00,3.7233203382575537,3.593992472417528,0.12932786584002615,0.0,0.4691513575096221,0.46904353135693383,0.9653719573045703,0.9653786648366105,0.41016631316270197,0.41013924453647604,96.52654474794535,5.347070549007048,85,vertical,periodic_rain
2023-03-27 00:00:00+09:00,4.075062175033713,3.9321967915582294,0.1428653834754832,0.0,0.4754763988319363,0.47536903312789075,0.96497894253138,0.9649856065483423,0.4145938420883219,0.4145670957761461,96.49415451006459,5.489935932482531,86,vertical,periodic_rain
2023-03-28 00:00:00+09:00,4.059339266871673,3.915408285209838,0.14393098166183424,0.0,0.4818014401542505,0.48169453489884767,0.9645867977878713,0.9645934186179524,0.4190213710139418,0.41899494701581613,96.45432489872286,5.633866914144366,87,vertical,periodic_rain
2023-03-29 00:00:00+09:00,2.8588268088719,2.7553813237308455,0.10344548514105478,0.0,0.48812648147656457,0.4880200366698046,0.9641955113797519,0.9642020893427867,0.42344889993956175,0.4234227982554862,96.3815406788537,5.737312399285421,88,vertical,periodic_rain
2023-03-30 00:00:00+09:00,2.8570416363111764,2.752543452547016,0.10449818376416024,0.0,0.4944515227988786,0.4943455384407615,0.9638050719483495,0.963811607356145,0.4278764288651817,0.4278506494951562,96.34243399059869,5.841810583049581,89,vertical,periodic_rain
2023-03-31 00:00:00+09:00,3.3732485491877418,3.2490480279237692,0.12420052126397232,0.0,0.5007765641211926,0.5006710402117184,0.9634154684570148,0.9634219616136666,0.4323039577908016,0.43227850073482627,96.31807382548556,5.966011104313553,90,vertical,periodic_rain
2023-04-01 00:00:00+09:00,3.563228215751174,3.4308006498491004,0.13242756590207388,0.0,0.5071016054435067,0.5069965419826753,0.9630266901782379,0.9630331413804308,0.43673148671642154,0.4367063519744963,96.28349468842102,6.098438670215627,91,vertical,periodic_rain
2023-04-02 00:00:00+09:00,4.13360717468487,3.9789774225329433,0.1546297521519262,0.0,0.5134266467658207,0.5133220437536322,0.9626387266814331,0.9626451362187263,0.44115901564204146,0.44113420321416635,96.25920544412364,6.253068422367553,92,vertical,periodic_rain
2023-04-03 00:00:00+09:00,4.107858401899313,3.9525617978956253,0.1552966040036876,0.0,0.5197516880881348,0.5196475455245891,0.9622515678213488,0.962257935976446,0.4455865445676614,0.4455620544538364,96.2195239268256,6.408365026371241,93,vertical,periodic_rain
2023-04-04 00:00:00+09:00,4.441281428579694,4.271964902225753,0.1693165263539407,0.0,0.5260767294104488,0.5259730472955461,0.9618652037270632,0.9618715307760709,0.4500140734932813,0.44998990569350644,96.18766499991675,6.577681552725182,94,vertical,periodic_rain
2023-04-05 00:00:00+09:00,4.399265693211073,4.229813784810209,0.16945190840086488,0.0,0.5324017707327628,0.532298549066503,0.9614796247915307,0.9614859110042027,0.45444160241890125,0.4544177569331765,96.14817744101336,6.747133461126047,95,vertical,periodic_rain
2023-04-06 00:00:00+09:00,4.014154871988202,3.857668441417068,0.15648643057113382,0.0,0.5387268120550769,0.5386240508374599,0.9610948216616444,0.9611010673016139,0.4588691313445212,0.45884560817284653,96.10163445204527,6.903619891697181,96,vertical,periodic_rain
2023-04-07 00:00:00+09:00,3.6395780039273213,3.495877369287653,0.14370063463966842,0.0,0.5450518533773909,0.5449495526084168,0.9607107852287826,0.9607169905537853,0.4632966602701411,0.4632734594125166,96.05172263145325,7.04732052633685,97,vertical,periodic_rain
2023-04-08 00:00:00+09:00,4.347280240866414,4.184286725448373,0.16299351541804194,10.0,0.5155120560537477,0.5153876588180526,0.962510989339687,0.9625186065829914,0.4574245238842173,0.4573865812142978,96.2506784383066,7.210314041754891,98,vertical,periodic_rain
2023-04-09 00:00:00+09:00,4.117283018160086,3.961126444060523,0.1561565740995633,0.0,0.5218370973760619,0.5217131605890095,0.9621240935969154,0.9621316670375324,0.4618520528098372,0.46181443245396786,96.20729074462932,7.366470615854455,99,vertical,periodic_rain
2023-04-10 00:00:00+09:00,3.7405421626362405,3.5969080000109406,0.14363416262529996,0.0,0.5281621386983761,0.5280386623599664,0.9617379894237728,0.9617455193661408,0.46627958173545714,0.4662422836936379,96.16007101697605,7.510104778479755,100,vertical,periodic_rain
2023-04-11 00:00:00+09:00,2.9492219075027,2.8340702654647663,0.11515164203793378,0.0,0.5344871800206902,0.5343641641309234,0.9613526672980124,0.9613601540394887,0.47070711066107707,0.47067013493330795,96.09552466211537,7.625256420517689,101,vertical,periodic_rain
2023-04-12 00:00:00+09:00,3.294737249899427,3.1652347275958124,0.12950252230361423,0.0,0.5408122213430042,0.5406896659018803,0.9609681179481575,0.960975561779277,0.475134639586697,0.475097986172978,96.06941274884461,7.7547589428213035,102,vertical,periodic_rain
2023-04-13 00:00:00+09:00,3.9492321754778112,3.7931104762629198,0.1561216992148917,0.0,0.5471372626653183,0.5470151676728372,0.9605843323442014,0.9605917335489236,0.4795621685123169,0.47952583741264804,96.04678346883966,7.9108806420361955,103,vertical,periodic_rain
2023-04-14 00:00:00+09:00,4.27933420076815,4.10885107358411,0.17048312718404024,0.0,0.5534623039876323,0.5533406694437941,0.9602013016887554,0.9602086605446998,0.48398969743793685,0.4839536886523181,96.01612963172079,8.081363769220236,104,vertical,periodic_rain
2023-04-15 00:00:00+09:00,3.6715930128116376,3.5233569434151297,0.14823606939650782,0.0,0.5597873453099463,0.559666171214751,0.9598190174086166,0.959826334187287,0.4884172263635568,0.4883815398919881,95.96262252163424,8.229599838616743,105,vertical,periodic_rain
2023-04-16 00:00:00+09:00,4.014960000941174,3.851705373794358,0.16325462714681596,0.0,0.5661123866322604,0.565991672985708,0.9594374711467328,0.959444746113731,0.4928447552891767,0.49280939113165817,95.93384175412592,8.392854465763559,106,vertical,periodic_rain
2023-04-17 00:00:00+09:00,1.9148285260597149,1.8343990980112017,0.08042942804851316,0.0,0.5724374279545744,0.5723171747566649,0.9590566547545393,0.9590638881697695,0.49727228421479663,0.4972372423713282,95.79965375729915,8.473283893812072,107,vertical,periodic_rain
2023-04-18 00:00:00+09:00,3.461154208208483,3.3170787888570947,0.14407541935138835,0.0,0.5787624692768879,0.5786426765276212,0.9586765602846486,0.9586837524025125,0.501699813140416,0.5016650936109978,95.83735913847183,8.61735931316346,108,vertical,periodic_rain
2023-04-19 00:00:00+09:00,1.2177550638021137,1.1646102968111038,0.053144766991009826,0.0,0.5850875105992006,0.5849681782985768,0.9582971799838725,0.9583043310534552,0.5061273420660346,0.5060929448506665,95.63584101838349,8.670504080154469,109,vertical,periodic_rain
2023-04-20 00:00:00+09:00,2.161595151554948,2.068657402916514,0.09293774863843383,0.0,0.5914125519215133,0.5912936800695324,0.9579185062865571,0.9579256165518055,0.5105548709916532,0.5105207960903352,95.70050161467198,8.763441828792903,110,vertical,periodic_rain
2023-04-21 00:00:00+09:00,4.255460145524371,4.0742448710790145,0.18121527444535596,0.0,0.597737593243826,0.597619181840488,0.9575405318082144,0.9575476015081075,0.5149823999172718,0.5149486473300039,95.7415821497953,8.944657103238258,111,vertical,periodic_rain
2023-04-22 00:00:00+09:00,3.6598106016847294,3.5103815480195513,0.149429053665178,10.0,0.5667368125925863,0.5665961470348839,0.959399843536274,0.9594083193553483,0.5079616821262704,0.5079116851202259,95.9170276845367,9.094086156903437,112,vertical,periodic_rain
2023-04-23 00:00:00+09:00,4.027651239363615,3.861953403793074,0.1656978355705414,0.0,0.5730618539148993,0.5729216488058395,0.95901909876464,0.9590275307641946,0.512389211051889,0.5123395363598946,95.88599345566172,9.259783992473977,113,vertical,periodic_rain
2023-04-24 00:00:00+09:00,4.300631944364685,4.122301978801177,0.17832996556350802,0.0,0.5793868952372121,0.5792471505767951,0.9586390751413634,0.9586474636000386,0.5168167399775075,0.5167673875995633,95.8534008985079,9.438113958037485,114,vertical,periodic_rain
2023-04-25 00:00:00+09:00,3.8783307824168625,3.715685942339192,0.16264484007767027,0.0,0.5857119365595248,0.5855726523477507,0.9582597649320616,0.9582681101225974,0.5212442689031261,0.521195238839232,95.80631851168933,9.600758798115155,115,vertical,periodic_rain
2023-04-26 00:00:00+09:00,4.531911153342761,4.340725614598059,0.19118553874470195,0.0,0.5920369778818375,0.5918981541187063,0.9578811605892442,0.9578894627786786,0.5256717978287447,0.5256230900789007,95.78134848023923,9.791944336859856,116,vertical,periodic_rain
2023-04-27 00:00:00+09:00,4.334844627682096,4.150109755630157,0.18473487205193923,0.0,0.5983620192041502,0.5982236558896619,0.9575032547459744,0.9575115141958317,0.5300993267543633,0.5300509413185694,95.73837385376557,9.976679208911795,117,vertical,periodic_rain
2023-04-28 00:00:00+09:00,4.493405680932381,4.300348041087553,0.19305763984482666,0.0,0.6046870605264629,0.6045491576606175,0.9571260402098067,0.9571342571762792,0.5345268556799819,0.5344787925582382,95.7035341664328,10.169736848756623,118,vertical,periodic_rain
2023-04-29 00:00:00+09:00,4.4200656734978665,4.2284034072880745,0.19166226620979207,0.0,0.6110121018487756,0.610874659431573,0.9567495099569902,0.9567576846911111,0.5389543846056005,0.5389066437979069,95.66381406142959,10.361399114966416,119,vertical,periodic_rain
2023-04-30 00:00:00+09:00,3.9994926853188315,3.8241855583005866,0.1753071270182451,0.0,0.6173371431710883,0.6172001612025286,0.95637365712692,0.9563817898747299,0.5433819135312191,0.5433344950375756,95.616765904792,10.53670624198466,120,vertical,periodic_rain
2023-05-01 00:00:00+09:00,3.4814600552555524,3.3271064527369467,0.15435360251860578,0.0,0.623662184493401,0.6235256629734842,0.9559984750168264,0.9560065660195317,0.5478094424568377,0.5477623462772443,95.56641179077737,10.691059844503267,121,vertical,periodic_rain
2023-05-02 00:00:00+09:00,4.445139317248794,4.247373181898316,0.1977661353504778,0.0,0.6299872258157138,0.6298511647444398,0.9556239570766873,0.9556320065708126,0.5522369713824563,0.552190197516913,95.5509575463007,10.888825979853744,122,vertical,periodic_rain
2023-05-03 00:00:00+09:00,2.398625010655378,2.2892322631011126,0.10939274755426522,0.0,0.6363122671380265,0.6361766665153954,0.9552500969043527,0.9552581051218875,0.5566645003080749,0.5566180487565817,95.43935600319719,10.998218727408009,123,vertical,periodic_rain
2023-05-04 00:00:00+09:00,2.0961113590740608,1.9992634481727525,0.09684791090130825,0.0,0.6426373084603392,0.642502168286351,0.9548768882408718,0.9548848554094101,0.5610920292336935,0.5610458999962504,95.37963904054745,11.095066638309317,124,vertical,periodic_rain
2023-05-05 00:00:00+09:00,2.5523572641897476,2.434226108067365,0.11813115612238248,0.0,0.6489623497826519,0.6488276700573066,0.9545043249660108,0.9545122513088862,0.5655195581593121,0.5654737512359191,95.37168413764819,11.2131977944317,125,vertical,periodic_rain
2023-05-06 00:00:00+09:00,1.8991341464364575,1.8143459619422935,0.0847881844941641,10.0,0.6166237049840093,0.61646638783378,0.9564160180694822,0.95642536004583,0.5573757832036361,0.5573123013072523,95.53542941380624,11.297985978925864,126,vertical,periodic_rain
2023-05-07 00:00:00+09:00,4.56785796062939,4.366675352532492,0.20118260809689914,0.0,0.6229487463063222,0.6227918896047356,0.9560407606355141,0.9560500586964766,0.5618033121292547,0.561740152546921,95.59569036885775,11.499168587022762,127,vertical,periodic_rain
2023-05-08 00:00:00+09:00,4.250074674403674,4.0609352407351365,0.18913943366853694,0.0,0.6292737876286351,0.6291173913756912,0.9556661681028279,0.9556754225062832,0.5662308410548733,0.5661680037865897,95.54973857735628,11.688308020691299,128,vertical,periodic_rain
2023-05-09 00:00:00+09:00,3.2128742816531664,3.0676409186035944,0.1452333630495718,0.0,0.6355988289509478,0.6354428931466468,0.9552922340528316,0.9553014450516376,0.5706583699804919,0.5705958550262584,95.47964376076231,11.83354138374087,129,vertical,periodic_rain
2023-05-10 00:00:00+09:00,3.6308598030131827,3.465992914481148,0.16486688853203452,0.0,0.6419238702732605,0.6417683949176024,0.95491895221065,0.9549281200527998,0.5750858989061105,0.5750237062659271,95.45928795170734,11.998408272272904,130,vertical,periodic_rain
2023-05-11 00:00:00+09:00,3.73670462832817,3.565668243616198,0.1710363847119723,0.0,0.6482489115955732,0.648093896688558,0.9545463164406212,0.9545554413693923,0.5795134278317291,0.5794515575055958,95.4228015932719,12.169444656984876,131,vertical,periodic_rain
2023-05-12 00:00:00+09:00,3.877680976293041,3.699013952472727,0.17866702382031385,0.0,0.6545739529178859,0.6544193984595136,0.9541743207419757,0.9541834029960741,0.5839409567573477,0.5838794087452646,95.392425913513,12.34811168080519,132,vertical,periodic_rain
2023-05-13 00:00:00+09:00,3.7586673184942407,3.583843647551664,0.17482367094257656,0.0,0.6608989942401986,0.6607449002304692,0.9538029592446907,0.9538119990583878,0.5883684856829663,0.5883072599849333,95.34878572300427,12.522935351747766,133,vertical,periodic_rain
2023-05-14 00:00:00+09:00,4.417999249001957,4.211633632613282,0.206365616388675,0.0,0.6672240355625113,0.6670704020014248,0.9534322262055078,0.9534412238087732,0.5927960146085849,0.592735111224602,95.32898027460521,12.72930096813644,134,vertical,periodic_rain
2023-05-15 00:00:00+09:00,3.0070429741180287,2.8640695735708266,0.14297340054720206,0.0,0.673549076884824,0.6733959037723803,0.9530621160041085,0.9530710716227373,0.5972235435342035,0.5971629624642707,95.2453821984657,12.872274368683643,135,vertical,periodic_rain
2023-05-16 00:00:00+09:00,4.275293782516615,4.072011293805371,0.20328248871124438,0.0,0.6798741182071367,0.6797214055433359,0.9526926231394395,0.952701536995174,0.6016510724598221,0.6015908137039394,95.24518082143157,13.075556857394886,136,vertical,periodic_rain
2023-05-17 00:00:00+09:00,4.088512988924302,3.892596989227283,0.1959159996970194,0.0,0.6861991595294494,0.6860469073142915,0.9523237422261791,0.9523326145368274,0.6060786013854407,0.6060186649436081,95.20813556841445,13.271472857091906,137,vertical,periodic_rain
2023-05-18 00:00:00+09:00,0.3117434420162454,0.2939039014640574,0.017839540552187935,0.0,0.6925242008517621,0.6923724090852471,0.9519554679913407,0.9519642989708891,0.6105061303110593,0.6104465161832768,94.27749291635193,13.289312397644094,138,vertical,periodic_rain
2023-05-19 00:00:00+09:00,2.909149276718653,2.7661788658189463,0.14297041089970702,0.0,0.6988492421740748,0.6986979108562027,0.9515877952710039,0.9515965851297262,0.6149336592366779,0.6148743674229455,95.08549072940771,13.432282808543802,139,vertical,periodic_rain
2023-05-20 00:00:00+09:00,3.9564893568691972,3.7714100555082872,0.18507930136090958,10.0,0.6652647963580984,0.6650902709583761,0.9535469972998396,0.953557223800745,0.6056917841467383,0.6056134563964588,95.32213321793529,13.617362109904711,140,vertical,periodic_rain
2023-05-21 00:00:00+09:00,4.209764478841179,4.011644589329046,0.19811988951213227,0.0,0.6715898376804113,0.6714157727293317,0.9531766947623407,0.9531868771687553,0.6101193130723569,0.6100413076361275,95.2938011019878,13.815481999416843,141,vertical,periodic_rain
2023-05-22 00:00:00+09:00,1.5169544302256786,1.4427623140745418,0.07419211615113697,0.0,0.6779148790027241,0.6777412745002873,0.952807011253039,0.9528171498059328,0.6145468419979755,0.6144691588757962,95.10914008536835,13.88967411556798,142,vertical,periodic_rain
2023-05-23 00:00:00+09:00,0.35430349582562115,0.334705549392346,0.01959794643327516,0.0,0.6842399203250368,0.6840667762712429,0.9524379413511335,0.9524480362871279,0.6189743709235941,0.6188970101154649,94.46859919132135,13.909272062001255,143,vertical,periodic_rain
2023-05-24 00:00:00+09:00,0.34455754100381797,0.32519306064685427,0.0193644803569637,0.0,0.6905649616473495,0.6903922780421985,0.9520694797491959,0.9520795313006898,0.6234018998492127,0.6233248613551337,94.3798994209942,13.92863654235822,144,vertical,periodic_rain
2023-05-25 00:00:00+09:00,1.8549528688629426,1.7627894039143037,0.09216346494863886,0.0,0.6968900029696622,0.6967177798131541,0.9517016212498635,0.9517116296451537,0.6278294287748313,0.6277527125948024,95.03149290228954,14.020800007306859,145,vertical,periodic_rain
2023-05-26 00:00:00+09:00,2.4950722413488133,2.3711309966037257,0.12394124474508751,0.0,0.7032150442919749,0.7030432815841097,0.9513343607626562,0.9513443262260538,0.6322569577004499,0.6321805638344711,95.03255886979505,14.144741252051945,146,vertical,periodic_rain
2023-05-27 00:00:00+09:00,3.1979495280035253,3.0390417811229105,0.1589077468806151,0.0,0.7095400856142876,0.7093687833550653,0.9509676933009135,0.9509776160528564,0.6366844866260685,0.6366084150741398,95.03094887867663,14.30364899893256,147,vertical,periodic_rain
2023-05-28 00:00:00+09:00,2.140219970235725,2.031750359147099,0.10846961108862618,0.0,0.7158651269366003,0.7156942851260208,0.9506016139788439,0.9506114942360047,0.6411120155516871,0.6410362663138085,94.93184753917237,14.412118610021187,148,vertical,periodic_rain
2023-05-29 00:00:00+09:00,3.385118799009054,3.2147639555091465,0.17035484349990718,0.0,0.722190168258913,0.7220197868969764,0.9502361180086842,0.9502459559840741,0.6455395444773057,0.6454641175534772,94.96753722351558,14.582473453521095,149,vertical,periodic_rain
2023-05-30 00:00:00+09:00,3.888482671470715,3.6920576141913264,0.19642505727938805,0.0,0.7285152095812257,0.728345288667932,0.9498712006979615,0.9498809966010313,0.6499670734029243,0.6498919687931459,94.94854230107458,14.778898510800483,150,vertical,periodic_rain
2023-05-31 00:00:00+09:00,2.48468022797251,2.35661534970152,0.12806487827099028,0.0,0.7348402509035384,0.7346707904388876,0.9495068574468543,0.9495166114835905,0.6543946023285429,0.6543198200328146,94.84582052735652,14.906963389071473,151,vertical,periodic_rain
2023-06-01 00:00:00+09:00,3.529154415508977,3.3479828338706716,0.18117158163830568,0.0,0.7411652922258511,0.7409962922098432,0.9491430837456482,0.949152796118667,0.6588221312541614,0.6587476712724833,94.86643086961168,15.08813497070978,152,vertical,periodic_rain
2023-06-02 00:00:00+09:00,3.9725597414673954,3.76759671219295,0.20496302927444507,0.0,0.7474903335481639,0.7473217939807988,0.9487798751722821,0.9487895460809193,0.66324966017978,0.6631755225121521,94.84052997026205,15.293097999984225,153,vertical,periodic_rain
2023-06-03 00:00:00+09:00,1.253596576114837,1.1894565354781073,0.06414004063672991,10.0,0.7127306311697534,0.7125382146596351,0.95078295841201,0.9507940952376253,0.6529340873807669,0.6528396200159378,94.88351820204284,15.357238040620954,154,vertical,periodic_rain
2023-06-04 00:00:00+09:00,4.083962091131516,3.880081081996885,0.20388100913463128,0.0,0.7190556724920663,0.7188637164305907,0.9504171739429895,0.9504282664124386,0.6573616163063855,0.6572674712556065,95.00776440659509,15.561119049755586,155,vertical,periodic_rain
2023-06-05 00:00:00+09:00,3.969038347386176,3.769261336581959,0.19977701080421678,0.0,0.7253807138143791,0.7251892182015462,0.9500519704471084,0.9500630187874405,0.661789145232004,0.6616953224952752,94.96661424458695,15.760896060559803,156,vertical,periodic_rain
2023-06-06 00:00:00+09:00,3.1836744720707246,3.0213223800864193,0.16235209198430517,0.0,0.7317057551366918,0.7315147199725018,0.949687343278954,0.9496983477133937,0.6662166741576226,0.6661231737349439,94.900480768101,15.923248152544108,157,vertical,periodic_rain
2023-06-07 00:00:00+09:00,3.6640635347891153,3.476665378933457,0.1873981558556585,0.0,0.7380307964590045,0.7378402217434574,0.9493232878844696,0.949334248632521,0.6706442030832412,0.6705510249746126,94.88551019717939,16.110646308399765,158,vertical,periodic_rain
2023-06-08 00:00:00+09:00,3.0789289819035384,2.9196299162041592,0.159299065699379,0.0,0.7443558377813172,0.744165723514413,0.9489597997984571,0.9489707170760036,0.6750717320088598,0.6749788762142813,94.82615329435455,16.269945374099144,159,vertical,periodic_rain
2023-06-09 00:00:00+09:00,4.0916349530710505,3.87986942984608,0.2117655232249702,0.0,0.7506808791036299,0.7504912252853686,0.948596874642167,0.9486077486615676,0.6794992609344784,0.67940672745395,94.8244277494495,16.481710897324113,160,vertical,periodic_rain
2023-06-10 00:00:00+09:00,1.9371538411420746,1.8341658260733118,0.10298801506876284,0.0,0.7570059204259426,0.7568167270563242,0.9482345081209728,0.9482453390911556,0.683926789860097,0.6838345786936187,94.68353969202339,16.584698912392877,161,vertical,periodic_rain
2023-06-11 00:00:00+09:00,2.6159844899767823,2.4769569330661567,0.13902755691062552,0.0,0.7633309617482553,0.7631422288272798,0.9478726960221269,0.9478834841486792,0.6883543187857156,0.6882624299332875,94.68545943436158,16.723726469303504,162,vertical,periodic_rain
2023-06-12 00:00:00+09:00,3.2324739523600177,3.0606594087664716,0.17181454359354595,0.0,0.769656003070568,0.7694677305982354,0.9475114342125934,0.9475221796978485,0.6927818477113342,0.6926902811729562,94.68473540310805,16.89554101289705,163,vertical,periodic_rain
2023-06-13 00:00:00+09:00,3.480977611634561,3.29496067756415,0.18601693407041137,0.0,0.7759810443928807,0.775793232369191,0.9471507186369559,0.9471614216800769,0.6972093766369528,0.6971181324126249,94.65618700193068,17.08155794696746,164,vertical,periodic_rain
2023-06-14 00:00:00+09:00,2.4152381562020895,2.2838786338657586,0.13135952233633086,0.0,0.7823060857151934,0.7821187341401465,0.9467905453153947,0.9468012061124562,0.7016369055625714,0.7015459836522936,94.56121865253691,17.212917469303793,165,vertical,periodic_rain
2023-06-15 00:00:00+09:00,0.9953281597566712,0.9384402139713337,0.056887945785337526,0.0,0.7886311270375062,0.7884442359111021,0.9464309103417343,0.9464415290858007,0.70606443448819,0.7059738348919623,94.28450353507078,17.26980541508913,166,vertical,periodic_rain
2023-06-16 00:00:00+09:00,3.802149079789884,3.5953380750085016,0.2068110047813822,0.0,0.7949561683598189,0.7947697376820577,0.946071809881554,0.9460823867627554,0.7104919634138086,0.710401686131631,94.56068132939144,17.476616419870513,167,vertical,periodic_rain
2023-06-17 00:00:00+09:00,1.239143481967617,1.1717945775661758,0.06734890440144126,10.0,0.7590767967376855,0.7588657200586446,0.9481159866920766,0.948128064422278,0.6991265530503523,0.699014717197251,94.56488248685302,17.543965324271955,168,vertical,periodic_rain
2023-06-18 00:00:00+09:00,1.3474083610184535,1.2739777464496453,0.0734306145688082,0.0,0.7654018380599984,0.7651912218296002,0.9477543552142282,0.9477663882473519,0.7035540819759709,0.7034425684369197,94.55023312210228,17.61739593884076,169,vertical,periodic_rain
2023-06-19 00:00:00+09:00,3.866781421110654,3.661655571495827,0.20512584961482672,0.0,0.7717268793823111,0.7715167236005558,0.9473932726894655,0.9474052612409817,0.7079816109015895,0.7078704196765884,94.69517856647019,17.82252178845559,170,vertical,periodic_rain
2023-06-20 00:00:00+09:00,3.991768133966471,3.7787142285227238,0.2130539054437474,0.0,0.7780519207046238,0.7778422253715114,0.9470327350873421,0.9470446793693131,0.7124091398272081,0.7122982709162571,94.66266831405251,18.035575693899336,171,vertical,periodic_rain
2023-06-21 00:00:00+09:00,3.909513254796325,3.6993611922185363,0.21015206257778848,0.0,0.7843769620269365,0.784167727142467,0.9466727384523623,0.9466846386735297,0.7168366687528267,0.7167261221559258,94.62459777262637,18.245727756477123,172,vertical,periodic_rain
2023-06-22 00:00:00+09:00,3.727242646256235,3.5252710286107054,0.20197161764552982,0.0,0.7907020033492492,0.7904932289134226,0.9463132789020483,0.9463251352679174,0.7212641976784453,0.7211539733955945,94.58120555021024,18.447699374122653,173,vertical,periodic_rain
2023-06-23 00:00:00+09:00,3.4751788201241625,3.2852989145967046,0.1898799055274577,0.0,0.7970270446715619,0.7968187306843781,0.9459543526250731,0.9459661653379943,0.7256917266040639,0.7255818246352632,94.5361112231723,18.63757927965011,174,vertical,periodic_rain
2023-06-24 00:00:00+09:00,3.6294010107566868,3.4299903927955926,0.199410617961094,0.0,0.8033520859938746,0.8031442324553337,0.9455959558794544,0.9456077251387017,0.7301192555296825,0.7300096758749319,94.50568792563598,18.836989897611204,175,vertical,periodic_rain
2023-06-25 00:00:00+09:00,3.4954059700864017,3.301807826490956,0.19359814359544583,0.0,0.8096771273161874,0.8094697342262893,0.9452380849908075,0.9452498109926558,0.7345467844553011,0.7344375271146006,94.46135455359823,19.03058804120665,176,vertical,periodic_rain
2023-06-26 00:00:00+09:00,2.207547212669267,2.0827735441410797,0.12477366852818761,0.0,0.8160021686385001,0.8157952359972449,0.9448807363506563,0.9448924192884541,0.7389743133809197,0.7388653783542694,94.34785956956651,19.155361709734837,177,vertical,periodic_rain
2023-06-27 00:00:00+09:00,3.613555557192881,3.411065210380593,0.20249034681228772,0.0,0.8223272099608128,0.8221207377682005,0.9445239064147968,0.9445355464790388,0.7434018423065383,0.7432932295939381,94.39636824154466,19.357852056547124,178,vertical,periodic_rain
2023-06-28 00:00:00+09:00,2.8037779109246377,2.6445118631102402,0.15926604781439738,0.0,0.8286522512831255,0.8284462395391561,0.9441675917017155,0.9441791890801108,0.7478293712321569,0.7477210808336068,94.31959117753823,19.517118104361522,179,vertical,periodic_rain
2023-06-29 00:00:00+09:00,2.8263078940404305,2.6647101396931645,0.1615977543472664,0.0,0.8349772926054382,0.8347717413101117,0.9438117887910555,0.9438233436685957,0.7522569001577755,0.7521489320732755,94.28237260745682,19.678715858708788,180,vertical,periodic_rain
2023-06-30 00:00:00+09:00,2.899186966244519,2.732533881923646,0.16665308432087264,0.0,0.8413023339277509,0.8410972430810673,0.9434564943221336,0.9434680068811568,0.7566844290833941,0.7565767833129442,94.25173035539865,19.845368943029662,181,vertical,periodic_rain
2023-07-01 00:00:00+09:00,3.081444867547265,2.9111874319993216,0.17025743554794334,10.0,0.804348438522819,0.8041178789343256,0.9455395474450662,0.9455525994017138,0.7442925110703436,0.7441621404959814,94.47475314775102,20.015626378577604,182,vertical,periodic_rain
2023-07-02 00:00:00+09:00,2.925402081999131,2.762438512997622,0.1629635690015092,0.0,0.8106734798451319,0.8104433807052812,0.9451817590614238,0.9451947659055303,0.7487200399959621,0.7485899917356501,94.42936169341397,20.178589947579113,183,vertical,periodic_rain
2023-07-03 00:00:00+09:00,2.4819104649255985,2.342416455388863,0.13949400953673566,0.0,0.8169985211674446,0.8167688824762368,0.9448244923637522,0.9448374543010645,0.7531475689215807,0.7530178429753188,94.37957124126486,20.31808395711585,184,vertical,periodic_rain
2023-07-04 00:00:00+09:00,2.19529714098706,2.070271774703366,0.1250253662836938,0.0,0.8233235624897574,0.8230943842471924,0.9444677438178268,0.94448066105102,0.7575750978471993,0.7574456942149875,94.30485450240784,20.443109323399543,185,vertical,periodic_rain
2023-07-05 00:00:00+09:00,0.41005996504676867,0.3835351780751731,0.02652478697159552,0.0,0.8296486038120701,0.829419886018148,0.9441115099518681,0.9441243826806208,0.7620026267728179,0.7618735454546562,93.53148582340383,20.46963411037114,186,vertical,periodic_rain
2023-07-06 00:00:00+09:00,0.4153618754669412,0.38865637037547096,0.026705505091470207,0.0,0.8359736451343828,0.8357453877891036,0.9437557873550168,0.943768615776083,0.7664301556984365,0.766301396694325,93.57054494675313,20.49633961546261,187,vertical,periodic_rain
2023-07-07 00:00:00+09:00,4.008334819028473,3.779727215451074,0.22860760357739912,0.0,0.8422986864566955,0.8420708895600592,0.9434005726758569,0.9434133569831361,0.7708576846240551,0.7707292479339937,94.29669391658234,20.724947219040008,188,vertical,periodic_rain
2023-07-08 00:00:00+09:00,3.937919596100629,3.711799668096051,0.226119928004578,0.0,0.8486237277790082,0.8483963913310147,0.9430458626209858,0.9430586030055904,0.7752852135496737,0.7751570991736624,94.25788357313125,20.951067147044586,189,vertical,periodic_rain
2023-07-09 00:00:00+09:00,2.928483895926293,2.7578988419833013,0.17058505394299175,0.0,0.8549487691013209,0.8547218931019703,0.9426916539536273,0.9427043506039487,0.7797127424752923,0.7795849504133311,94.17497039405657,21.12165220098758,190,vertical,periodic_rain
2023-07-10 00:00:00+09:00,2.2198505240426214,2.089045484239908,0.1308050398027131,0.0,0.8612738104236336,0.8610473948729259,0.9423379434922889,0.9423505965940608,0.7841402714009109,0.7840128016529998,94.10748433797691,21.252457240790292,191,vertical,periodic_rain
2023-07-11 00:00:00+09:00,1.961184063595987,1.8440228894052433,0.1171611741907438,0.0,0.8675988517459463,0.8673728966438815,0.941984728109459,0.9419973378458194,0.7885678003265295,0.7884406528926685,94.02599805058995,21.369618414981037,192,vertical,periodic_rain
2023-07-12 00:00:00+09:00,2.459579676814928,2.3128386499308267,0.14674102688410148,0.0,0.873923893068259,0.8736983984148371,0.9416320047303446,0.9416445712818955,0.7929953292521481,0.7928685041323372,94.03389821979154,21.516359441865138,193,vertical,periodic_rain
2023-07-13 00:00:00+09:00,1.149897370762326,1.0785650842244798,0.07133228653784611,0.0,0.8802489343905717,0.8800239001857927,0.941279770331646,0.9412922938765119,0.7974228581777667,0.7972963553720059,93.79663886955788,21.587691728402984,194,vertical,periodic_rain
2023-07-14 00:00:00+09:00,0.8797186118353705,0.8240878360098648,0.05563077582550571,0.0,0.8865739757128844,0.8863494019567483,0.9409280219403697,0.9409405026542536,0.8018503871033853,0.8017242066116747,93.67629886681125,21.64332250422849,195,vertical,periodic_rain
2023-07-15 00:00:00+09:00,1.01817723055813,0.9570137088973629,0.06116352166076718,10.0,0.8485833683222374,0.8483324750158643,0.9430481243975513,0.9430621851191,0.7884547729087885,0.788304761842529,93.99284134185172,21.704486025889256,196,vertical,periodic_rain
2023-07-16 00:00:00+09:00,2.2776285617957424,2.1439305595503133,0.1336980022454289,0.0,0.8549084096445503,0.8546579767868199,0.9426939125410329,0.9427079276652789,0.7928823018344071,0.7927326130821977,94.12994706476555,21.838184028134684,197,vertical,periodic_rain
2023-07-17 00:00:00+09:00,2.0977187461326907,1.9737634328841254,0.12395531324856514,0.0,0.861233450966863,0.8609834785577755,0.9423401989106629,0.9423541686351136,0.7973098307600257,0.7971604643218664,94.09094696431127,21.96213934138325,198,vertical,periodic_rain
2023-07-18 00:00:00+09:00,1.4291012854338676,1.3425068777584246,0.08659440767544298,0.0,0.8675584922891757,0.867308980328731,0.9419869803785893,0.942000904897957,0.8017373596856443,0.8015883155615351,93.94063887856952,22.04873374905869,199,vertical,periodic_rain
2023-07-19 00:00:00+09:00,1.7218535752801476,1.6181457730927467,0.10370780218740108,0.0,0.8738835336114884,0.8736344820996866,0.9416342538696865,0.941648133375953,0.8061648886112629,0.8060161668012038,93.97696739860545,22.152441551246092,200,vertical,periodic_rain
2023-07-20 00:00:00+09:00,2.6447461634875595,2.4864021483664183,0.15834401512114124,0.0,0.8802085749338011,0.8799599838706422,0.9412820163603304,0.9412958510428096,0.8105924175368815,0.8104440180408725,94.01288421145351,22.310785566367233,201,vertical,periodic_rain
2023-07-21 00:00:00+09:00,3.179801833736943,2.9893784248279585,0.1904234089089846,0.0,0.8865336162561138,0.8862854856415978,0.9409302648772098,0.9409440549226087,0.8150199464625001,0.8148718692805412,94.0114693032554,22.501208975276217,202,vertical,periodic_rain
2023-07-22 00:00:00+09:00,1.7697034362892776,1.660930234659418,0.1087732016298596,0.0,0.8928586575784265,0.8926109874125534,0.9405789964961743,0.9405927420886514,0.8194474753881187,0.8192997205202099,93.85359154537576,22.609982176906076,203,vertical,periodic_rain
2023-07-23 00:00:00+09:00,2.0403218192888977,1.9148933722591264,0.12542844702977116,0.0,0.8991836989007392,0.898936489183509,0.9402282083411146,0.9402419096623379,0.8238750043137373,0.8237275717598787,93.85251650773964,22.73541062393585,204,vertical,periodic_rain
2023-07-24 00:00:00+09:00,2.9689827373024396,2.787601387861402,0.18138134944103765,0.0,0.9055087402230519,0.9052619909544646,0.9398778975828773,0.9398915548120794,0.8283025332393559,0.8281554229995474,93.89079137570747,22.916791973376885,205,vertical,periodic_rain
2023-07-25 00:00:00+09:00,3.059183663913419,2.8713466313809315,0.18783703253248743,0.0,0.9118337815453647,0.9115874927254202,0.93952806143821,0.9395416747522422,0.8327300621649745,0.8325832742392161,93.85989684933791,23.104629005909374,206,vertical,periodic_rain
2023-07-26 00:00:00+09:00,3.3851132149788166,3.176711278335364,0.20840193664345244,0.0,0.9181588228676774,0.9179129944963758,0.9391786971687374,0.9391922667421222,0.8371575910905931,0.8370111254788848,93.84357557905913,23.313030942552825,207,vertical,periodic_rain
2023-07-27 00:00:00+09:00,3.5102845700089365,3.2930669399652612,0.21721763004367511,0.0,0.9244838641899901,0.9242384962673313,0.9388298020799669,0.9388433280849493,0.8415851200162117,0.8414389767185535,93.81196522072504,23.5302485725965,208,vertical,periodic_rain
2023-07-28 00:00:00+09:00,2.994935438155857,2.8077574484277346,0.18717798972812216,0.0,0.9308089055123028,0.9305639980382869,0.9384813735203228,0.9384948561269194,0.8460126489418303,0.8458668279582222,93.75018281384463,23.717426562324622,209,vertical,periodic_rain
2023-07-29 00:00:00+09:00,3.1746381376746737,2.9835241533278754,0.19111398434679858,10.0,0.8918142048767557,0.8915421186472204,0.9406369681888893,0.940652072316088,0.8316356431080685,0.8314649441291552,93.97997579381493,23.90854054667142,210,vertical,periodic_rain
2023-07-30 00:00:00+09:00,2.2771442206683594,2.1378421646192236,0.13930205604913562,0.0,0.8981392461990685,0.897867620418176,0.9402861009304786,0.9403011589116785,0.8360631720336871,0.8358927953688239,93.88259844129462,24.047842602720557,211,vertical,periodic_rain
2023-07-31 00:00:00+09:00,3.05421408857966,2.8679718524560425,0.18624223612361748,0.0,0.9044642875213812,0.9041931221891316,0.939935711532876,0.9399507235585444,0.8404907009593057,0.8403206466084926,93.90212242095221,24.234084838844176,212,vertical,periodic_rain
2023-08-01 00:00:00+09:00,3.1837507520739328,2.9886563605018175,0.19509439157211506,0.0,0.9107893288436939,0.9105186239600872,0.9395857972053208,0.9396007634633592,0.8449182298849243,0.8447484978481613,93.87218388735272,24.429179230416292,213,vertical,periodic_rain
2023-08-02 00:00:00+09:00,1.7490545127313588,1.6390642005133185,0.10999031221804036,0.0,0.9171143701660066,0.9168441257310428,0.9392363552020963,0.9392512758778975,0.8493457588105429,0.84917634908783,93.71144172937885,24.539169542634333,214,vertical,periodic_rain
2023-08-03 00:00:00+09:00,2.821748636281821,2.6466263242300596,0.17512231205176126,0.0,0.9234394114883193,0.9231696275019984,0.9388873828215312,0.9389022580980341,0.8537732877361615,0.8536042003274987,93.79383727522527,24.714291854686095,215,vertical,periodic_rain
2023-08-04 00:00:00+09:00,1.9730741556574827,1.8485421441754164,0.12453201148206619,0.0,0.929764452810632,0.929495129272954,0.9385388774050282,0.9385537074627712,0.85820081666178,0.8580320515671674,93.6884272126828,24.838823866168163,216,vertical,periodic_rain
2023-08-05 00:00:00+09:00,1.2834336275471818,1.2004778412641801,0.08295578628300158,0.0,0.9360894941329447,0.9358206310439096,0.9381908363361211,0.9382056213532941,0.8626283455873986,0.8624599028068362,93.53641789474212,24.921779652451164,217,vertical,periodic_rain
2023-08-06 00:00:00+09:00,1.549533460262959,1.4496373558436328,0.09989610441932606,0.0,0.9424145354552574,0.9421461328148651,0.937843257039558,0.9378579971920531,0.8670558745130172,0.8668877540465049,93.55314957817215,25.02167575687049,218,vertical,periodic_rain
2023-08-07 00:00:00+09:00,2.28436340157697,2.1384175138860266,0.14594588769094338,0.0,0.9487395767775701,0.9484716345858207,0.9374961369804105,0.9375108324418707,0.8714834034386358,0.8713156052861736,93.61109149314018,25.167621644561432,219,vertical,periodic_rain
2023-08-08 00:00:00+09:00,2.8517309890866924,2.6696972145976723,0.1820337744890204,0.0,0.9550646180998829,0.9547971363567763,0.9371494736632074,0.9371641246050749,0.8759109323642544,0.8757434565258423,93.61672699193416,25.349655419050453,220,vertical,periodic_rain
2023-08-09 00:00:00+09:00,2.3787975107339276,2.225315414570265,0.153482096163663,0.0,0.9613896594221956,0.9611226381277319,0.9368032646310925,0.9368178712226547,0.880338461289873,0.880171307765511,93.54791252844767,25.503137515214117,221,vertical,periodic_rain
2023-08-10 00:00:00+09:00,2.3136364441105193,2.1634229214459655,0.15021352266455382,0.0,0.9677147007445083,0.9674481398986875,0.9364575074650053,0.9364720698734403,0.8847659902154916,0.8845991590051797,93.50747075898937,25.65335103787867,222,vertical,periodic_rain
2023-08-11 00:00:00+09:00,3.154336082480338,2.950239894620798,0.20409618785953945,0.0,0.974039742066821,0.9737736416696431,0.9361121997828843,0.9361267181733046,0.8891935191411102,0.8890270102448484,93.52966258119669,25.857447225738213,223,vertical,periodic_rain
2023-08-12 00:00:00+09:00,3.2460907548358695,3.043449022713496,0.20264173212237377,10.0,0.9340698490919165,0.9337757171041742,0.9383019188094583,0.9383181002920982,0.8738569305500055,0.8736645525391459,93.75736085565421,26.060088957860586,224,vertical,periodic_rain
2023-08-13 00:00:00+09:00,2.980730245679683,2.793142555781249,0.18758768989843397,0.0,0.9403948904142293,0.9401012188751298,0.937954192342047,0.9379703270712729,0.8782844594756241,0.8780924037788146,93.70665325484161,26.247676647759018,225,vertical,periodic_rain
2023-08-14 00:00:00+09:00,2.7957384287996443,2.618540143310156,0.17719828548948843,0.0,0.946719931736542,0.9464267206460854,0.9376069259171489,0.9376230140773647,0.8827119884012427,0.8825202550184833,93.66184319448051,26.424874933248507,226,vertical,periodic_rain
2023-08-15 00:00:00+09:00,2.481520009080863,2.322823906695358,0.1586961023855052,0.0,0.9530449730588547,0.9527522224170409,0.9372601170267862,0.9372761588000235,0.8871395173268612,0.886948106258152,93.60488322460536,26.583571035634012,227,vertical,periodic_rain
2023-08-16 00:00:00+09:00,2.26522508447642,2.119140962868484,0.1460841216079362,0.0,0.9593700143811674,0.9590777241879965,0.9369137632018628,0.9369297587678308,0.8915670462524798,0.8913759574978207,93.55101077552733,26.729655157241947,228,vertical,periodic_rain
2023-08-17 00:00:00+09:00,2.711690589888196,2.5367807285417765,0.17490986134641962,0.0,0.9656950557034801,0.9654032259589521,0.9365678620113372,0.9365838115474718,0.8959945751780984,0.8958038087374894,93.54978543648555,26.904565018588368,229,vertical,periodic_rain
2023-08-18 00:00:00+09:00,2.8710609267916474,2.6852152810459105,0.18584564574573698,0.0,0.9720200970257928,0.9717287277299077,0.9362224110614193,0.9362383147429304,0.900422104103717,0.9002316599771581,93.52693479920624,27.090410664334104,230,vertical,periodic_rain
2023-08-19 00:00:00+09:00,3.0489422324802526,2.8507794649990124,0.1981627674812406,0.0,0.9783451383481055,0.9780542295008633,0.9358774079947874,0.9358932659947053,0.9048496330293356,0.9046595112168269,93.50060603411174,27.288573431815344,231,vertical,periodic_rain
2023-08-20 00:00:00+09:00,3.1526429709137522,2.946834777973801,0.20580819293995117,0.0,0.9846701796704183,0.9843797312718189,0.9355328504898283,0.9355486629790486,0.9092771619549542,0.9090873624564956,93.47188391331542,27.494381624755295,232,vertical,periodic_rain
2023-08-21 00:00:00+09:00,3.4407094852713955,3.2154509533471387,0.22525853192425652,0.0,0.990995220992731,0.9907052330427745,0.9351887362598956,0.9352045034072234,0.9137046908805728,0.9135152136961643,93.45313712510405,27.719640156679553,233,vertical,periodic_rain
2023-08-22 00:00:00+09:00,2.6088294845678286,2.435782563986014,0.17304692058181428,0.0,0.9973202623150437,0.9970307348137301,0.9348450630525902,0.9348607850247819,0.9181322198061914,0.917943064935833,93.3668750063793,27.892687077261368,234,vertical,periodic_rain
2023-08-23 00:00:00+09:00,1.0467634251886553,0.9752117291458738,0.07155169604278148,0.0,1.0036453036373565,1.0033562365846855,0.9345018286490573,0.934517505610863,0.92255974873181,0.9223709161755017,93.16448260218054,27.96423877330415,235,vertical,periodic_rain
2023-08-24 00:00:00+09:00,3.3327527636658942,3.110872697355857,0.22188006631003682,0.0,1.009970344959669,1.0096817383556411,0.9341590308633034,0.9341746629775071,0.9269872776574286,0.9267987674151704,93.34243845721163,28.186118839614185,236,vertical,periodic_rain
2023-08-25 00:00:00+09:00,3.2147730394924086,2.999547307993804,0.21522573149860447,0.0,1.016295386281982,1.0160072401265967,0.9338166675415314,0.9338322549689901,0.9314148065830472,0.9312266186548391,93.30510338196108,28.40134457111279,237,vertical,periodic_rain
2023-08-26 00:00:00+09:00,2.9340531242164127,2.7440414972767657,0.19001162693964718,10.0,0.9753765016661131,0.9750594882940404,0.9360392783867649,0.9360565699359102,0.9151399594706312,0.9149249656238322,93.52392002137341,28.591356198052438,238,vertical,periodic_rain
2023-08-27 00:00:00+09:00,3.0664726371219437,2.867070408941475,0.19940222818046852,0.0,0.981701542988426,0.981384990064996,0.9356945120458187,0.9357117561803441,0.9195674883962498,0.9193528168635009,93.49734200245076,28.790758426232905,239,vertical,periodic_rain
2023-08-28 00:00:00+09:00,2.732336539385679,2.553125752927334,0.17921078645834512,0.0,0.9880265843107388,0.9877104918359516,0.9353501900488205,0.9353673869478696,0.9239950173218684,0.9237806681031696,93.44111591397751,28.96996921269125,240,vertical,periodic_rain
2023-08-29 00:00:00+09:00,0.37918001417983166,0.3509803481146023,0.02819966606522934,0.0,0.9943516256330515,0.9940359936069072,0.9350063101273857,0.935023459967894,0.928422546247487,0.9282085193428383,92.56298723279882,28.99816887875648,241,vertical,periodic_rain
2023-08-30 00:00:00+09:00,3.1197313870206345,2.9136070502235967,0.20612433679703795,0.0,1.0006766669553642,1.0003614953778628,0.9346628700470019,0.9346799730037415,0.9328500751731056,0.932636370582507,93.39288191109658,29.20429321555352,242,vertical,periodic_rain
2023-08-31 00:00:00+09:00,2.2072041363251635,2.0591790057561195,0.14802513056904396,0.0,1.007001708277677,1.0066869971488184,0.9343198676063361,0.9343369238519594,0.9372776040987242,0.9370642218221757,93.29354597823945,29.352318346122562,243,vertical,periodic_rain
2023-09-01 00:00:00+09:00,3.5362577434025915,3.300977210919259,0.23528053248333264,0.0,1.0133267495999896,1.013012498919774,0.9339773006365619,0.9339943103416445,0.9417051330243428,0.9414920730618445,93.34662376003891,29.587598878605895,244,vertical,periodic_rain
2023-09-02 00:00:00+09:00,3.1237727312628487,2.91422562781881,0.20954710344403857,0.0,1.0196517909223024,1.0193380006907296,0.9336351670007024,0.9336521303337845,0.9461326619499614,0.9459199243015132,93.29185822813284,29.797145982049933,245,vertical,periodic_rain
2023-09-03 00:00:00+09:00,3.3082159384048633,3.0855108593806704,0.22270507902419284,0.0,1.025976832244615,1.0256635024616851,0.9332934645929917,0.9333103817206183,0.95056019087558,0.9503477755411819,93.26812145365652,30.019851061074124,246,vertical,periodic_rain
2023-09-04 00:00:00+09:00,3.230572256476771,3.011859815444771,0.21871244103199944,0.0,1.0323018735669278,1.0319890042326407,0.9329521913382515,0.9329690624250122,0.9549877198011986,0.9547756267808506,93.22991644611827,30.238563502106125,247,vertical,periodic_rain
2023-09-05 00:00:00+09:00,0.7634948733222516,0.7081379816282817,0.05535689169396998,0.0,1.0386269148892404,1.0383145060035963,0.9326113451912846,0.932628170399852,0.9594152487268172,0.9592034780205193,92.74953982950908,30.293920393800096,248,vertical,periodic_rain
2023-09-06 00:00:00+09:00,0.6260944024075473,0.5800668402372415,0.04602756217030575,0.0,1.0449519562115532,1.044640007774552,0.9322709241362834,0.9322877036274504,0.9638427776524358,0.963631329260188,92.64846291656433,30.339947955970402,249,vertical,periodic_rain
2023-09-07 00:00:00+09:00,2.4395518211851424,2.2705603366518377,0.1689914845333047,0.0,1.0512769975338658,1.0509655095455075,0.9319309261862533,0.9319476601189696,0.9682703065780544,0.9680591804998567,93.07284710799019,30.508939440503706,250,vertical,periodic_rain
2023-09-08 00:00:00+09:00,2.378076680778332,2.2124053853629686,0.1656712954153634,0.0,1.0576020388561787,1.057291011316463,0.9315913493824507,0.9316080379138588,0.972697835503673,0.9724870317395254,93.03339136393448,30.67461073591907,251,vertical,periodic_rain
2023-09-09 00:00:00+09:00,2.3866718978727564,2.225870002484035,0.16080189538872125,10.0,1.0157583660060612,1.0154176605927494,0.9338457186760769,0.9338641514007155,0.9555055802301823,0.9552670861330809,93.2625051842256,30.835412631307793,252,vertical,periodic_rain
2023-09-10 00:00:00+09:00,1.4450818617888126,1.3458513912643633,0.09923047052444954,0.0,1.022083407328374,1.021743162363705,0.9335037510702388,0.9335221356698395,0.9599331091558009,0.9596949373727496,93.13322842474712,30.934643101832243,253,vertical,periodic_rain
2023-09-11 00:00:00+09:00,1.8668531396956,1.738793789624789,0.12805935007081126,0.0,1.0284084486506868,1.0280686641346606,0.9331622138911764,0.933180550540288,0.9643606380814195,0.9641227886124183,93.14036292690426,31.062702451903053,254,vertical,periodic_rain
2023-09-12 00:00:00+09:00,3.4449590640835703,3.211622799742588,0.23333626434098267,0.0,1.0347334899729996,1.0343941659056162,0.9328211050753084,0.9328393939464125,0.9687881670070381,0.968550639852087,93.22673332250308,31.296038716244038,255,vertical,periodic_rain
2023-09-13 00:00:00+09:00,3.730176422786421,3.476742605872365,0.253433816914056,0.0,1.0410585312953122,1.0407196676765718,0.9324804225888053,0.9324986638523567,0.9732156959326567,0.9729784910917557,93.20584904869614,31.549472533158095,256,vertical,periodic_rain
2023-09-14 00:00:00+09:00,3.607653259373387,3.3611060470076226,0.2465472123657648,0.0,1.047383572617625,1.0470451694475273,0.932140164427004,0.9321583582514703,0.9776432248582753,0.9774063423314244,93.1659947716653,31.79601974552386,257,vertical,periodic_rain
2023-09-15 00:00:00+09:00,3.2893194340269805,3.062961567802049,0.2263578662249315,0.0,1.0537086139399376,1.053370671218483,0.9318003286138363,0.9318184751657365,0.9820707537838939,0.9818341935710931,93.1183981743053,32.022377611748794,258,vertical,periodic_rain
2023-09-16 00:00:00+09:00,3.4408506665264653,3.203105875173326,0.23774479135313908,0.0,1.0600336552622505,1.0596961729894385,0.9314609132012733,0.9314790126452152,0.9864982827095125,0.9862620448107619,93.0905228272187,32.26012240310193,259,vertical,periodic_rain
2023-09-17 00:00:00+09:00,3.256028266043263,3.0296172295051984,0.22641103653806469,0.0,1.066358696584563,1.0660216747603941,0.9311219162687818,0.9311399687674986,0.990925811635131,0.9906898960504306,93.04640445234217,32.48653343964,260,vertical,periodic_rain
2023-09-18 00:00:00+09:00,2.9375347219195707,2.731733767658814,0.20580095426075637,0.0,1.0726837379068759,1.0723471765313497,0.9307833359227952,0.9308013416371821,0.9953533405607496,0.9951177472900993,92.99409287913801,32.69233439390076,261,vertical,periodic_rain
2023-09-19 00:00:00+09:00,2.2096419740685938,2.0529569630941076,0.15668501097448603,0.0,1.0790087792291885,1.0786726783023053,0.9304451702961978,0.9304631293853458,0.9997808694863682,0.999545598529768,92.90903174300298,32.84901940487524,262,vertical,periodic_rain
2023-09-20 00:00:00+09:00,3.6782857708072423,3.4198681194026253,0.25841765140461737,0.0,1.0853338205515037,1.084998180073261,0.9301074175478206,0.9301253301690513,1.0042083984119894,1.0039734497694368,92.97450857528385,33.10743705627986,263,vertical,periodic_rain
2023-09-21 00:00:00+09:00,3.339156034109565,3.1028964647433925,0.23625956936617232,0.0,1.0916588618738192,1.0913236818442167,0.9297700758619504,0.9297879421708488,1.0086359273376106,1.0084013010091055,92.9245723484385,33.34369662564603,264,vertical,periodic_rain
2023-09-22 00:00:00+09:00,3.3159557535109054,3.080166420573748,0.2357893329371572,0.0,1.0979839031961345,1.0976491836151723,0.9294331434478502,0.9294509635982973,1.013063456263232,1.0128291522487742,92.88924972272305,33.57948595858319,265,vertical,periodic_rain
2023-09-23 00:00:00+09:00,1.92377194157545,1.7894297854277676,0.1343421561476824,10.0,1.0552381346754114,1.0548729569225597,0.93171821275397,0.9317378159340476,0.9949741798437671,0.9947113516047416,93.0167317006576,33.71382811473087,266,vertical,periodic_rain
2023-09-24 00:00:00+09:00,1.5958524064432924,1.4831447436886238,0.11270766275466855,0.0,1.0615631759977242,1.0611984586935153,0.931378898713234,0.931398453012854,0.9994017087693857,0.9991392028444103,92.93746324537227,33.82653577748554,267,vertical,periodic_rain
2023-09-25 00:00:00+09:00,2.9401694372347005,2.735282261967931,0.20488717526676936,0.0,1.0678882173200392,1.067523960464471,0.9310400026922149,0.9310595082818872,1.0038292376950066,1.003567054084079,93.03145006977998,34.03142295275231,268,vertical,periodic_rain
2023-09-26 00:00:00+09:00,3.047517304195675,2.834348965888757,0.2131683383069183,0.0,1.0742132586423545,1.0738494622354264,0.9307015228037897,0.9307209798520791,1.008256766620628,1.0079949053237478,93.00518038032341,34.24459129105923,269,vertical,periodic_rain
2023-09-27 00:00:00+09:00,1.5329481373102594,1.4229135093791228,0.11003462793113652,0.0,1.08053829996467,1.0801749640063822,0.9303634571871626,0.9303828658607257,1.0126842955462492,1.0124227565634165,92.82202539974995,34.354625918990365,270,vertical,periodic_rain
2023-09-28 00:00:00+09:00,3.3081614820390786,3.0749035368390634,0.23325794520001514,0.0,1.0868633412869855,1.0865004657773376,0.9300258040073652,0.930045164470986,1.0171118244718704,1.0168506078030852,92.94901574586257,34.58788386419038,271,vertical,periodic_rain
2023-09-29 00:00:00+09:00,3.3008889132418124,3.0670878566311344,0.23380105661067793,0.0,1.0931883826093007,1.0928259675482934,0.9296885614547673,0.9297078738713926,1.0215393533974917,1.021278459042754,92.91702742031808,34.82168492080106,272,vertical,periodic_rain
2023-09-30 00:00:00+09:00,2.4155280240837484,2.242141649380229,0.1733863747035193,0.0,1.099513423931616,1.0991514693192488,0.929351727744601,0.9293709922753749,1.025966882323113,1.0257063102824227,92.82200939195114,34.99507129550458,273,vertical,periodic_rain
2023-10-01 00:00:00+09:00,1.981013777525261,1.8373787175913527,0.14363505993390824,0.0,1.1058384652539315,1.1054769710902046,0.9290153011164948,0.929034517920792,1.0303944112487342,1.0301341615220914,92.74941640671771,35.13870635543849,274,vertical,periodic_rain
2023-10-02 00:00:00+09:00,0.5869814463540624,0.5412942041491452,0.045687242204917176,0.0,1.112163506576247,1.11180247286116,0.9286792798340202,0.9286984490694785,1.0348219401743555,1.03456201276176,92.21657814080906,35.18439359764341,275,vertical,periodic_rain
2023-10-03 00:00:00+09:00,2.2336749122102844,2.070693577782231,0.16298133442805393,0.0,1.1184885478985622,1.1181279746321158,0.9283436621842484,0.9283627840068006,1.0392494690999767,1.0389898640014288,92.70344428649292,35.34737493207146,276,vertical,periodic_rain
2023-10-04 00:00:00+09:00,2.982611069032706,2.7657119586317007,0.21689911040100518,0.0,1.1248135892208775,1.1244534764030711,0.9280084464773166,0.9280275210412221,1.043676998025598,1.0434177152410975,92.72787817852,35.56427404247246,277,vertical,periodic_rain
2023-10-05 00:00:00+09:00,3.2430248614950465,3.0065867786862994,0.2364380828087472,0.0,1.131138630543193,1.130778978174027,0.9276736310460066,0.9276926585038812,1.0481045269512193,1.0478455664807662,92.70933486770285,35.80071212528121,278,vertical,periodic_rain
2023-10-06 00:00:00+09:00,2.830589631535124,2.622708287414349,0.20788134412077497,0.0,1.1374636718655085,1.1371044799449823,0.9273392142453312,0.9273581947481773,1.0525320558768405,1.052273417720435,92.65589961169913,36.00859346940199,279,vertical,periodic_rain
2023-10-07 00:00:00+09:00,3.0419096805351105,2.825929398834165,0.2159802817009451,10.0,1.0938373269316923,1.0934469304889796,0.9296539837863511,0.9296747847451605,1.0335656922780114,1.0332777447184143,92.89984567645179,36.22457375110293,280,vertical,periodic_rain
2023-10-08 00:00:00+09:00,2.8222176740211165,2.6204646839381103,0.20175299008300634,0.0,1.1001623682540078,1.0997724322599352,0.9293171919231199,0.9293379432048999,1.0379932212036327,1.037705595958083,92.85126048425786,36.42632674118594,281,vertical,periodic_rain
2023-10-09 00:00:00+09:00,3.079408633269484,2.858705316885764,0.22070331638372,0.0,1.1064874095763233,1.106097934030891,0.928980806962698,0.9290015087343876,1.042420750129254,1.0421334471977517,92.8329318168666,36.64703005756966,282,vertical,periodic_rain
2023-10-10 00:00:00+09:00,3.150308422128959,2.9236044482451287,0.22670397388383018,0.0,1.1128124508986386,1.1124234358018463,0.9286448271710882,0.9286654795977878,1.0468482790548752,1.0465612984374204,92.80375304553118,36.87373403145349,283,vertical,periodic_rain
2023-10-11 00:00:00+09:00,3.184299329455132,2.9541282914655222,0.23017103798960942,0.0,1.119137492220954,1.1187489375728021,0.9283092508377477,0.9283298540827529,1.0512758079804965,1.0509891496770891,92.77168965051429,37.103905069443094,284,vertical,periodic_rain
2023-10-12 00:00:00+09:00,3.0690732344345797,2.8460237016863683,0.22304953274821143,0.0,1.1254625335432693,1.1250744393437575,0.9279740762751568,0.9279946304999915,1.0557033369061177,1.0554170009167578,92.73234896301507,37.32695460219131,285,vertical,periodic_rain
2023-10-13 00:00:00+09:00,2.852330946178252,2.643648706277097,0.20868223990115495,0.0,1.1317875748655848,1.1313999411147133,0.9276393018183966,0.9276598071828451,1.060130865831739,1.0598448521564265,92.68379988721989,37.535636842092465,286,vertical,periodic_rain
2023-10-14 00:00:00+09:00,3.151097788258914,2.9200684784825275,0.23102930977638655,0.0,1.1381126161879,1.1377254428856687,0.927304925824738,0.9273253824868765,1.0645583947573602,1.0642727033960953,92.66829132890739,37.766666151868854,287,vertical,periodic_rain
2023-10-15 00:00:00+09:00,2.742481952436424,2.5397565796360992,0.20272537280032493,0.0,1.1444376575102155,1.1440509446566245,0.926970946673239,0.9269913547894664,1.0689859236829815,1.068700554635764,92.60795963961684,37.96939152466918,288,vertical,periodic_rain
2023-10-16 00:00:00+09:00,2.5570710655160367,2.366804651609089,0.19026641390694782,0.0,1.1507626988325308,1.1503764464275799,0.9266373627643518,0.9266577224894195,1.0734134526086028,1.0731284058754327,92.55920508143755,38.159657938576125,289,vertical,periodic_rain
2023-10-17 00:00:00+09:00,3.0886574946824674,2.8589889994009536,0.22966849528151342,0.0,1.1570877401548463,1.1567019481985357,0.9263041725195396,0.926324484006581,1.077840981534224,1.0775562571151014,92.56413196746746,38.38932643385764,290,vertical,periodic_rain
2023-10-18 00:00:00+09:00,2.966363172146501,2.744557524914415,0.22180564723208593,0.0,1.1634127814771615,1.163027449969491,0.9259713743809002,0.9259916377814593,1.0822685104598453,1.08198410835477,92.52264020418025,38.61113208108973,291,vertical,periodic_rain
2023-10-19 00:00:00+09:00,2.4623094637170437,2.2765491894314476,0.18576027428559613,0.0,1.169737822799477,1.1693529517404468,0.9256389668108005,0.9256591822748603,1.0866960393854666,1.0864119595944388,92.45585183248343,38.79689235537533,292,vertical,periodic_rain
2023-10-20 00:00:00+09:00,0.28953508267226474,0.2645542054239064,0.024980877248358353,0.0,1.1760628641217923,1.1756784535114022,0.9253069482915179,0.9253271159675273,1.0911235683110878,1.0908398108341075,91.372072421139,38.82187323262369,293,vertical,periodic_rain
2023-10-21 00:00:00+09:00,0.13105011443652442,0.1182821106692589,0.012768003767265522,10.0,1.1315765238039082,1.131160198508794,0.9276504659829597,0.9276724900307975,1.0712996085188333,1.0709858034187836,90.25715939115044,38.83464123639095,294,vertical,periodic_rain
2023-10-22 00:00:00+09:00,2.6299488743496706,2.43638811694677,0.1935607574029004,0.0,1.1379015651262236,1.1374857002797496,0.9273160767198291,0.9273380502564229,1.0757271374444546,1.0754136546584523,92.64013231242892,39.02820199379385,295,vertical,periodic_rain
2023-10-23 00:00:00+09:00,2.647541621580838,2.4518173930150438,0.19572422856579413,0.0,1.1442266064485391,1.1438112020507052,0.9269820843525977,0.9270040075417125,1.0801546663700758,1.079841505898121,92.60732194083778,39.223926222359644,296,vertical,periodic_rain
2023-10-24 00:00:00+09:00,2.241815620961757,2.0745024326666126,0.16731318829514472,0.0,1.1505516477708544,1.1501367038216608,0.9266484872810102,0.9266703602846664,1.084582195295697,1.0842693571377897,92.53671056929447,39.39123941065479,297,vertical,periodic_rain
2023-10-25 00:00:00+09:00,2.036424066545748,1.8832673561591944,0.15315671038655337,0.0,1.1568766890931699,1.1564622055926164,0.9263152839258346,0.9263371069043387,1.0890097242213184,1.0886972083774584,92.4791347292245,39.544396121041345,298,vertical,periodic_rain
2023-10-26 00:00:00+09:00,1.1213601727687317,1.0350057034483375,0.08635446932039413,0.0,1.1632017304154851,1.162787707363572,0.9259824727284864,0.9260042458404619,1.0934372531469396,1.0931250596171271,92.2991317671665,39.630750590361735,299,vertical,periodic_rain
2023-10-27 00:00:00+09:00,2.7252764985492535,2.520299905304556,0.20497659324469766,0.0,1.1695267717378006,1.1691132091345275,0.925650052150662,0.9256717755530789,1.0978647820725609,1.0975529108567958,92.47868635150185,39.83572718360643,300,vertical,periodic_rain
2023-10-28 00:00:00+09:00,2.6955388437809913,2.491838285511878,0.20370055826911324,0.0,1.1758518130601159,1.1754387109054831,0.92531802067398,0.9253396945221839,1.1022923109981821,1.1019807620964646,92.44304867877973,40.03942774187554,301,vertical,periodic_rain
2023-10-29 00:00:00+09:00,2.345797571558328,2.167003992734117,0.17879357882421126,0.0,1.1821768543824314,1.1817642126764387,0.9249863767996307,0.9250080012473711,1.1067198399238034,1.1064086133361333,92.37813266617727,40.218221320699755,302,vertical,periodic_rain
2023-10-30 00:00:00+09:00,2.3391845079236147,2.1601299235894724,0.17905458433414195,0.0,1.1885018957047466,1.1880897144473943,0.9246551190480337,0.9246766942474919,1.1111473688494247,1.110836464575802,92.34542706111367,40.397275905033894,303,vertical,periodic_rain
2023-10-31 00:00:00+09:00,0.8279650977426186,0.7617138577936501,0.06625123994896849,0.0,1.194826937027062,1.19441521621835,0.9243242459585024,0.9243457720603183,1.115574897775046,1.1152643158154707,91.99830522692353,40.46352714498286,304,vertical,periodic_rain
2023-11-01 00:00:00+09:00,1.766829530946269,1.6295780092137622,0.13725152173250657,0.0,1.2011519783493774,1.2007407179893055,0.9239937560889168,0.9240152332422157,1.1200024267006672,1.1196921670551394,92.23176207276781,40.60077866671537,305,vertical,periodic_rain
2023-11-02 00:00:00+09:00,1.6752798568237923,1.5446992398493564,0.13058061697443582,0.0,1.2074770196716929,1.207066219760261,0.9236636480154023,0.923685076367821,1.1244299556262884,1.1241200182948081,92.20544457437654,40.731359283689805,306,vertical,periodic_rain
2023-11-03 00:00:00+09:00,1.6817236803009785,1.5500729789340932,0.1316507013668853,0.0,1.2138020609940081,1.2133917215312167,0.9233339203320179,0.9233553000297297,1.1288574845519097,1.1285478695344768,92.17168058528357,40.86300998505669,307,vertical,periodic_rain
2023-11-04 00:00:00+09:00,1.3941150864717942,1.2877444800361544,0.10637060643563975,10.0,1.168475532653032,1.1680326057701902,0.9257052743542062,0.9257285447822778,1.108194986415601,1.1078546308136485,92.37002687455015,40.96938059149233,308,vertical,periodic_rain
2023-11-05 00:00:00+09:00,1.5099943365040822,1.3945490095921977,0.11544532691188443,0.0,1.1748005739753475,1.1743581075411458,0.9253731783122301,0.9253963973603986,1.1126225153412224,1.1122824820533173,92.3545854364486,41.08482591840421,309,vertical,periodic_rain
2023-11-06 00:00:00+09:00,1.3806358867981832,1.2743032998101114,0.10633258698807169,0.0,1.181125615297663,1.1806836093121014,0.9250414701203514,0.9250646379495469,1.1170500442668436,1.116710333292986,92.29828892578865,41.19115850539229,310,vertical,periodic_rain
2023-11-07 00:00:00+09:00,2.4595944133358763,2.272526171783762,0.1870682415521142,0.0,1.1874506566199783,1.187009111083057,0.9247101482958173,0.9247332650653081,1.1214775731924649,1.1211381845326547,92.39434597274114,41.3782267469444,311,vertical,periodic_rain
2023-11-08 00:00:00+09:00,2.393498571335333,2.210555559313017,0.1829430120223161,0.0,1.1937756979422938,1.1933346128540125,0.9243792113748238,0.9244022772422458,1.1259051021180861,1.1255660357723234,92.35666926175551,41.56116975896671,312,vertical,periodic_rain
2023-11-09 00:00:00+09:00,2.3558750727633466,2.1749200304502305,0.18095504231311613,0.0,1.200100739264609,1.1996601146249681,0.9240486579121874,0.9240716730335716,1.1303326310437074,1.129993887011992,92.31898820081054,41.74212480127983,313,vertical,periodic_rain
2023-11-10 00:00:00+09:00,1.1671025953645497,1.0750393533227205,0.09206324204182928,0.0,1.2064257805869245,1.2059856163959237,0.9237184864810233,0.9237414510108239,1.1347601599693287,1.1344217382516608,92.11181241413718,41.83418804332166,314,vertical,periodic_rain
2023-11-11 00:00:00+09:00,1.8005554567007738,1.660036721947409,0.14051873475336485,0.0,1.2127508219092398,1.2123111181668793,0.9233886956724308,0.9234116097635519,1.13918768889495,1.1388495894913295,92.19581189624436,41.974706778075024,315,vertical,periodic_rain
2023-11-12 00:00:00+09:00,2.3462603992975652,2.163678136543294,0.18258226275427114,0.0,1.2190758632315553,1.218636619937835,0.9230592840951857,0.9230821478990074,1.1436152178205712,1.1432774407309982,92.21815861492043,42.1572890408293,316,vertical,periodic_rain
2023-11-13 00:00:00+09:00,1.274708617407793,1.1732774195563687,0.10143119785142439,0.0,1.2254009045538705,1.2249621217087905,0.9227302503754393,0.9227530640418439,1.1480427467461924,1.147705291970667,92.04279343010235,42.25872023868072,317,vertical,periodic_rain
2023-11-14 00:00:00+09:00,1.9709291997787644,1.8154769766739567,0.15545222310480772,0.0,1.231725945876186,1.231287623479746,0.9224015931564239,0.9224243568338207,1.1524702756718137,1.1521331432103357,92.11274442926427,42.41417246178553,318,vertical,periodic_rain
2023-11-15 00:00:00+09:00,2.417260086973065,2.226875085066511,0.19038500190655389,0.0,1.2380509871985013,1.2376131252507017,0.9220733110981644,0.9220960249335148,1.156897804597435,1.1565609944500044,92.12393391457692,42.60455746369209,319,vertical,periodic_rain
2023-11-16 00:00:00+09:00,2.362910935725171,2.175913459378795,0.18699747634637592,0.0,1.2443760285208167,1.2439386270216573,0.9217454028771966,0.9217680670160381,1.1613253335230562,1.160988845689673,92.08613945116865,42.791554940038466,320,vertical,periodic_rain
2023-11-17 00:00:00+09:00,2.3122313609599954,2.1283796943134847,0.18385166664651084,0.0,1.250701069843132,1.2502641287926128,0.9214178671862908,0.9214404817727604,1.1657528624486775,1.1654166969293418,92.04873397400081,42.97540660668498,321,vertical,periodic_rain
2023-11-18 00:00:00+09:00,2.28016825854658,2.1043570569562045,0.1758112015903756,10.0,1.2045535031799905,1.2040833399077435,0.9238161809051513,0.9238407190141729,1.1442704603064513,1.14390290485166,92.28955139905155,43.151217808275355,322,vertical,periodic_rain
2023-11-19 00:00:00+09:00,2.1907264064262364,2.020922132911982,0.16980427351425417,0.0,1.210878544502306,1.210408841678699,0.9234862775741027,0.9235107634030328,1.1486979892320726,1.1483307560913287,92.2489511690664,43.32102208178961,323,vertical,periodic_rain
2023-11-20 00:00:00+09:00,2.2767604928025182,2.0996815953289194,0.17707889747359887,0.0,1.2172035858246215,1.2167343434496547,0.9231567538843943,0.9231811875916203,1.1531255181576938,1.1527586073309974,92.22233089368007,43.49810097926321,324,vertical,periodic_rain
2023-11-21 00:00:00+09:00,1.9405644286413564,1.7883278806389293,0.15223654800242697,0.0,1.2235286271469368,1.2230598452206103,0.9228276084570652,0.9228519901993864,1.157553047083315,1.1571864585706662,92.15503769132715,43.650337527265634,325,vertical,periodic_rain
2023-11-22 00:00:00+09:00,2.2023567837914633,2.029450867986521,0.17290591580494238,0.0,1.2298536684692523,1.2293853469915659,0.9224988399303218,0.9225231698629771,1.1619805760089363,1.1616143098103349,92.14905064077419,43.823243443070574,326,vertical,periodic_rain
2023-11-23 00:00:00+09:00,1.9034030371504511,1.7527647620460798,0.15063827510437122,0.0,1.2361787097915675,1.2357108487625215,0.9221704469592478,0.9221947252359416,1.1664081049345576,1.1660421610500036,92.08584455502977,43.973881718174944,327,vertical,periodic_rain
2023-11-24 00:00:00+09:00,2.0996218491026992,1.9331626658403003,0.1664591832623988,0.0,1.242503751113883,1.242036350533477,0.9218424282155206,0.9218666549884486,1.1708356338601789,1.1704700122896723,92.0719446059519,44.14034090143734,328,vertical,periodic_rain
2023-11-25 00:00:00+09:00,2.032292918162615,1.8703693395412626,0.16192357862135234,0.0,1.2488287924361983,1.2483618523044326,0.9215147823871335,0.9215389578070073,1.1752631627858001,1.174897863529341,92.03246849043067,44.302264480058696,329,vertical,periodic_rain
2023-11-26 00:00:00+09:00,1.6907313110545836,1.5547377986088164,0.1359935124457672,0.0,1.2551538337585137,1.2546873540753882,0.9211875081781234,0.921211632394196,1.1796906917114214,1.1793257147690097,91.95652724021879,44.43825799250446,330,vertical,periodic_rain
2023-11-27 00:00:00+09:00,1.525551238121224,1.4018792044834851,0.12367203363773871,0.0,1.261478875080829,1.2610128558463438,0.9208606043083052,0.920884677468394,1.1841182206370426,1.1837535660086784,91.89328876360483,44.5619300261422,331,vertical,periodic_rain
2023-11-28 00:00:00+09:00,0.847941641051016,0.7772224410413021,0.07071920000971384,0.0,1.2678039164031445,1.2673383576172994,0.9205340695130106,0.9205580917635219,1.188545749562664,1.1881814172483471,91.6598977351722,44.63264922615191,332,vertical,periodic_rain
2023-11-29 00:00:00+09:00,1.915850588077971,1.7604672983402219,0.15538328973774918,0.0,1.2741289577254598,1.273663859388255,0.9202079025428336,0.9202318740287848,1.1929732784882852,1.1926092684880159,91.8895925024282,44.78803251588966,333,vertical,periodic_rain
2023-11-30 00:00:00+09:00,2.129151315434245,1.9561805744976772,0.17297074093656772,0.0,1.2804539990477752,1.2799893611592106,0.91988210216338,0.9199060230284231,1.1974008074139064,1.1970371197276846,91.87607101089054,44.96100325682623,334,vertical,periodic_rain
2023-12-01 00:00:00+09:00,2.0302447643091273,1.8644641268900768,0.1657806374190502,0.0,1.2867790403700905,1.2863148629301662,0.9195566671550234,0.9195805375414662,1.2018283363395277,1.2014649709673533,91.83445068627161,45.12678389424528,335,vertical,periodic_rain
2023-12-02 00:00:00+09:00,1.4873809033570646,1.3684337925209171,0.1189471108361477,10.0,1.2398290099856224,1.2393310134316489,0.9219810955977393,0.9220069207498509,1.179544250429724,1.179148887784672,92.0029152876926,45.245731005081424,336,vertical,periodic_rain
2023-12-03 00:00:00+09:00,2.1812613799611134,2.008105043318524,0.17315633664258934,0.0,1.246154051307938,1.2456565152026045,0.921653292229526,0.9216790641724932,1.1839717793553453,1.1835767390243408,92.06164202817013,45.418887341724016,337,vertical,periodic_rain
2023-12-04 00:00:00+09:00,1.935469206266028,1.7807205973358466,0.1547486089301811,0.0,1.2524790926302534,1.25198201697356,0.9213258610267876,0.921351579916707,1.1883993082809665,1.1880045902640095,92.00459462598593,45.5736359506542,338,vertical,periodic_rain
2023-12-05 00:00:00+09:00,1.6823682190841087,1.5467069509685953,0.1356612681155135,0.0,1.2588041339525688,1.2583075187445156,0.9209988007026987,0.9210244666941461,1.1928268372065878,1.1924324415036782,91.93629155754212,45.70929721876971,339,vertical,periodic_rain
2023-12-06 00:00:00+09:00,0.6083945395457672,0.5566817748798946,0.05171276466587251,0.0,1.265129175274884,1.2646330205154712,0.920672109986061,0.9206977232321156,1.197254366132209,1.196860292743347,91.5001267591123,45.761009983435585,340,vertical,periodic_rain
2023-12-07 00:00:00+09:00,1.9865019355428226,1.8257691171461057,0.160732818396717,0.0,1.2714542165971996,1.2709585222864268,0.9203457876210449,0.9203713482733149,1.2016818950578303,1.2012881439830156,91.90875097975699,45.9217428018323,341,vertical,periodic_rain
2023-12-08 00:00:00+09:00,1.7957581014318933,1.6494435514236605,0.14631455000823299,0.0,1.2777792579195149,1.2772840240573824,0.9200198323669383,0.9200453405755842,1.2061094239834516,1.2057159952226844,91.85221272889899,46.06805735184054,342,vertical,periodic_rain
2023-12-09 00:00:00+09:00,1.4818663154914544,1.3598643707629594,0.12200194472849502,0.0,1.2841042992418303,1.283609525828338,0.9196942429978993,0.9197196989116574,1.2105369529090728,1.210143846462353,91.76700735733819,46.19005929656903,343,vertical,periodic_rain
2023-12-10 00:00:00+09:00,1.364548672120892,1.25142485277093,0.11312381934996185,0.0,1.2904293405641456,1.2899350275992936,0.9193690183027144,0.9193944220689202,1.214964481834694,1.2145716977020218,91.70979960911649,46.30318311591899,344,vertical,periodic_rain
2023-12-11 00:00:00+09:00,0.13911485584369537,0.12458541830035604,0.014529437543339345,0.0,1.296754381886461,1.2962605293702492,0.9190441570845621,0.9190695088491724,1.2193920107603153,1.2189995489416905,89.55579729050353,46.31771255346233,345,vertical,periodic_rain
2023-12-12 00:00:00+09:00,0.7781623866843899,0.7114561526485774,0.06670623403581243,0.0,1.3030794232087763,1.3025860311412047,0.9187196581607805,0.9187449580683958,1.2238195396859366,1.2234274001813592,91.42772316199506,46.38441878749814,346,vertical,periodic_rain
2023-12-13 00:00:00+09:00,1.647832283701278,1.510535193984059,0.13729708971721896,0.0,1.3094044645310918,1.3089115329121603,0.9183955203626403,0.9184207685565263,1.2282470686115579,1.227855251421028,91.66801797274968,46.521715877215364,347,vertical,periodic_rain
2023-12-14 00:00:00+09:00,0.10425742771644246,0.09281673672981491,0.011440690986627537,0.0,1.315729505853407,1.315237034683116,0.9180717425351221,0.9180969391572311,1.2326745975371791,1.2322831026606966,89.02649793188478,46.53315656820199,348,vertical,periodic_rain
2023-12-15 00:00:00+09:00,0.0808501820501449,0.07086428301270485,0.00998589903744004,0.0,1.3220545471757226,1.3215625364540715,0.9177483235366982,0.9177734687276895,1.2371021264628004,1.2367109539003653,87.6488849075855,46.54314246723943,349,vertical,periodic_rain
2023-12-16 00:00:00+09:00,1.2859777877292955,1.1802806343005332,0.10569715342876222,10.0,1.2743201120697614,1.2737937228477434,0.9201980508921513,0.9202251805778991,1.2140341721262553,1.2136104354194976,91.78079478220256,46.64883962066819,350,vertical,periodic_rain
2023-12-17 00:00:00+09:00,2.264769409117215,2.081071688390936,0.1836977207262792,0.0,1.2806451533920769,1.280119224618699,0.9198722615726811,0.9198993370938059,1.2184617010518766,1.2180382866591664,91.8888995945118,46.83253734139447,351,vertical,periodic_rain
2023-12-18 00:00:00+09:00,1.6963689391160874,1.5571006433649526,0.13926829575113492,0.0,1.2869701947143923,1.2864447263896546,0.9195468375876759,0.9195738590982041,1.2228892299774978,1.222466137898835,91.79021187314935,46.97180563714561,352,vertical,periodic_rain
2023-12-19 00:00:00+09:00,1.3962569922953716,1.2805633795811762,0.11569361271419523,0.0,1.2932952360367076,1.2927702281606102,0.9192217777324722,0.9192487453849691,1.227316758903119,1.2268939891385038,91.71401730823196,47.0874992498598,353,vertical,periodic_rain
2023-12-20 00:00:00+09:00,1.9571437768965756,1.795923771044856,0.16122000585171972,0.0,1.299620277359023,1.2990957299315657,0.9188970808166926,0.9189239947622859,1.2317442878287403,1.2313218403781725,91.76248532402843,47.24871925571152,354,vertical,periodic_rain
2023-12-21 00:00:00+09:00,2.094220170716871,1.9213526396189136,0.1728675310979572,0.0,1.3059453186813383,1.3054212317025213,0.9185727456640163,0.9185996060524185,1.2361718167543616,1.2357496916178412,91.74549393062225,47.42158678680948,355,vertical,periodic_rain
2023-12-22 00:00:00+09:00,2.0821812719089925,1.9095966890282894,0.1725845828807031,0.0,1.3122703600036538,1.311746733473477,0.918248771111953,0.9182755780914849,1.2405993456799829,1.24017754285751,91.71135648903068,47.59417136969018,356,vertical,periodic_rain
2023-12-23 00:00:00+09:00,1.949564140112853,1.787020878511749,0.16254326160110413,0.0,1.318595401325969,1.3180722352444325,0.9179251560116234,0.9179519097292351,1.2450268746056041,1.2446053940971786,91.6625845615064,47.75671463129128,357,vertical,periodic_rain
2023-12-24 00:00:00+09:00,1.7585800708788437,1.6109808149895977,0.14759925588924602,0.0,1.3249204426482846,1.324397737015388,0.9176018992275422,0.9176285998288357,1.2494544035312254,1.2490332453368473,91.60690728085619,47.90431388718053,358,vertical,periodic_rain
2023-12-25 00:00:00+09:00,1.7552385846240197,1.6073273179976961,0.14791126662632345,0.0,1.3312454839705998,1.3307232387863437,0.9172789996374069,0.9173056472666565,1.2538819324568466,1.253461096576516,91.57315319284604,48.05222515380685,359,vertical,periodic_rain
2023-12-26 00:00:00+09:00,1.6963276683292554,1.5525959982059911,0.14373167012326424,0.0,1.3375705252929153,1.3370487405572993,0.9169564561318894,0.9169830509320633,1.258309461382468,1.2578889478161848,91.52689230938334,48.19595682393012,360,vertical,periodic_rain
2023-12-27 00:00:00+09:00,1.8869322839746194,1.7269692425768377,0.15996304139778178,0.0,1.3438955666152306,1.3433742423282549,0.9166342676144333,0.9166608097272133,1.2627369903080892,1.2623167990558535,91.52258707128394,48.3559198653279,361,vertical,periodic_rain
2023-12-28 00:00:00+09:00,1.7418854079646857,1.593275271157625,0.1486101368070607,0.0,1.350220607937546,1.3496997440992105,0.9163124330010539,0.9163389225668555,1.2671645192337104,1.2667446502955222,91.46843207207844,48.504530002134956,362,vertical,periodic_rain
2023-12-29 00:00:00+09:00,1.216029159836964,1.1105441083153846,0.10548505152157935,0.0,1.3565456492598613,1.356025245870166,0.9159909512201426,0.916017388378135,1.2715920481593317,1.271172501535191,91.32545049037131,48.61001505365653,363,vertical,periodic_rain
2023-12-30 00:00:00+09:00,0.23340828418678075,0.2106922227454311,0.02271606144134966,10.0,1.3080443964130106,1.3074890919730446,0.9184651890113411,0.9184936389258127,1.247757644837174,1.2473050061637576,90.26767129517496,48.63273111509788,364,vertical,periodic_rain
2023-12-31 00:00:00+09:00,0.8939794350653165,0.8173801649111212,0.07659927015419518,0.0,1.314369437735326,1.3138145937440002,0.9181413338764521,0.9181697286466368,1.2521851737627954,1.2517328574034263,91.43165187590711,48.70933038525208,365,vertical,periodic_rain
