family,wind,seed,face,rainfall_mm,adhesion,bound_fraction,coefficient_multiplier,initial_mg_m2,surface_rain_mm,remaining_mg_m2,removed_mg_m2,remaining_percent
vertical,calm,201,front,0,loose_dominated,0.2,0.5,100.0,0.0,100.0,0.0,100.0
vertical,calm,201,rear,0,loose_dominated,0.2,0.5,100.0,0.0,100.0,0.0,100.0
vertical,calm,201,front,0,loose_dominated,0.2,1.0,100.0,0.0,100.0,0.0,100.0
vertical,calm,201,rear,0,loose_dominated,0.2,1.0,100.0,0.0,100.0,0.0,100.0
vertical,calm,201,front,0,loose_dominated,0.2,2.0,100.0,0.0,100.0,0.0,100.0
vertical,calm,201,rear,0,loose_dominated,0.2,2.0,100.0,0.0,100.0,0.0,100.0
vertical,calm,201,front,0,adhered_dominated,0.7,0.5,100.0,0.0,100.0,0.0,100.0
vertical,calm,201,rear,0,adhered_dominated,0.7,0.5,100.0,0.0,100.0,0.0,100.0
vertical,calm,201,front,0,adhered_dominated,0.7,1.0,100.0,0.0,100.0,0.0,100.0
vertical,calm,201,rear,0,adhered_dominated,0.7,1.0,100.0,0.0,100.0,0.0,100.0
vertical,calm,201,front,0,adhered_dominated,0.7,2.0,100.0,0.0,100.0,0.0,100.0
vertical,calm,201,rear,0,adhered_dominated,0.7,2.0,100.0,0.0,100.0,0.0,100.0
vertical,calm,201,front,0.5,loose_dominated,0.2,0.5,100.0,0.0,100.0,0.0,100.0
vertical,calm,201,rear,0.5,loose_dominated,0.2,0.5,100.0,0.0,100.0,0.0,100.0
vertical,calm,201,front,0.5,loose_dominated,0.2,1.0,100.0,0.0,100.0,0.0,100.0
vertical,calm,201,rear,0.5,loose_dominated,0.2,1.0,100.0,0.0,100.0,0.0,100.0
vertical,calm,201,front,0.5,loose_dominated,0.2,2.0,100.0,0.0,100.0,0.0,100.0
vertical,calm,201,rear,0.5,loose_dominated,0.2,2.0,100.0,0.0,100.0,0.0,100.0
vertical,calm,201,front,0.5,adhered_dominated,0.7,0.5,100.0,0.0,100.0,0.0,100.0
vertical,calm,201,rear,0.5,adhered_dominated,0.7,0.5,100.0,0.0,100.0,0.0,100.0
vertical,calm,201,front,0.5,adhered_dominated,0.7,1.0,100.0,0.0,100.0,0.0,100.0
vertical,calm,201,rear,0.5,adhered_dominated,0.7,1.0,100.0,0.0,100.0,0.0,100.0
vertical,calm,201,front,0.5,adhered_dominated,0.7,2.0,100.0,0.0,100.0,0.0,100.0
vertical,calm,201,rear,0.5,adhered_dominated,0.7,2.0,100.0,0.0,100.0,0.0,100.0
vertical,calm,201,front,2,loose_dominated,0.2,0.5,100.0,0.0,100.0,0.0,100.0
vertical,calm,201,rear,2,loose_dominated,0.2,0.5,100.0,0.0,100.0,0.0,100.0
vertical,calm,201,front,2,loose_dominated,0.2,1.0,100.0,0.0,100.0,0.0,100.0
vertical,calm,201,rear,2,loose_dominated,0.2,1.0,100.0,0.0,100.0,0.0,100.0
vertical,calm,201,front,2,loose_dominated,0.2,2.0,100.0,0.0,100.0,0.0,100.0
vertical,calm,201,rear,2,loose_dominated,0.2,2.0,100.0,0.0,100.0,0.0,100.0
vertical,calm,201,front,2,adhered_dominated,0.7,0.5,100.0,0.0,100.0,0.0,100.0
vertical,calm,201,rear,2,adhered_dominated,0.7,0.5,100.0,0.0,100.0,0.0,100.0
vertical,calm,201,front,2,adhered_dominated,0.7,1.0,100.0,0.0,100.0,0.0,100.0
vertical,calm,201,rear,2,adhered_dominated,0.7,1.0,100.0,0.0,100.0,0.0,100.0
vertical,calm,201,front,2,adhered_dominated,0.7,2.0,100.0,0.0,100.0,0.0,100.0
vertical,calm,201,rear,2,adhered_dominated,0.7,2.0,100.0,0.0,100.0,0.0,100.0
vertical,calm,201,front,5,loose_dominated,0.2,0.5,100.0,0.0,100.0,0.0,100.0
vertical,calm,201,rear,5,loose_dominated,0.2,0.5,100.0,0.0,100.0,0.0,100.0
vertical,calm,201,front,5,loose_dominated,0.2,1.0,100.0,0.0,100.0,0.0,100.0
vertical,calm,201,rear,5,loose_dominated,0.2,1.0,100.0,0.0,100.0,0.0,100.0
vertical,calm,201,front,5,loose_dominated,0.2,2.0,100.0,0.0,100.0,0.0,100.0
vertical,calm,201,rear,5,loose_dominated,0.2,2.0,100.0,0.0,100.0,0.0,100.0
vertical,calm,201,front,5,adhered_dominated,0.7,0.5,100.0,0.0,100.0,0.0,100.0
vertical,calm,201,rear,5,adhered_dominated,0.7,0.5,100.0,0.0,100.0,0.0,100.0
vertical,calm,201,front,5,adhered_dominated,0.7,1.0,100.0,0.0,100.0,0.0,100.0
vertical,calm,201,rear,5,adhered_dominated,0.7,1.0,100.0,0.0,100.0,0.0,100.0
vertical,calm,201,front,5,adhered_dominated,0.7,2.0,100.0,0.0,100.0,0.0,100.0
vertical,calm,201,rear,5,adhered_dominated,0.7,2.0,100.0,0.0,100.0,0.0,100.0
vertical,calm,201,front,10,loose_dominated,0.2,0.5,100.0,0.0,100.0,0.0,100.0
vertical,calm,201,rear,10,loose_dominated,0.2,0.5,100.0,0.0,100.0,0.0,100.0
vertical,calm,201,front,10,loose_dominated,0.2,1.0,100.0,0.0,100.0,0.0,100.0
vertical,calm,201,rear,10,loose_dominated,0.2,1.0,100.0,0.0,100.0,0.0,100.0
vertical,calm,201,front,10,loose_dominated,0.2,2.0,100.0,0.0,100.0,0.0,100.0
vertical,calm,201,rear,10,loose_dominated,0.2,2.0,100.0,0.0,100.0,0.0,100.0
vertical,calm,201,front,10,adhered_dominated,0.7,0.5,100.0,0.0,100.0,0.0,100.0
vertical,calm,201,rear,10,adhered_dominated,0.7,0.5,100.0,0.0,100.0,0.0,100.0
vertical,calm,201,front,10,adhered_dominated,0.7,1.0,100.0,0.0,100.0,0.0,100.0
vertical,calm,201,rear,10,adhered_dominated,0.7,1.0,100.0,0.0,100.0,0.0,100.0
vertical,calm,201,front,10,adhered_dominated,0.7,2.0,100.0,0.0,100.0,0.0,100.0
vertical,calm,201,rear,10,adhered_dominated,0.7,2.0,100.0,0.0,100.0,0.0,100.0
vertical,calm,201,front,20,loose_dominated,0.2,0.5,100.0,0.0,100.0,0.0,100.0
vertical,calm,201,rear,20,loose_dominated,0.2,0.5,100.0,0.0,100.0,0.0,100.0
vertical,calm,201,front,20,loose_dominated,0.2,1.0,100.0,0.0,100.0,0.0,100.0
vertical,calm,201,rear,20,loose_dominated,0.2,1.0,100.0,0.0,100.0,0.0,100.0
vertical,calm,201,front,20,loose_dominated,0.2,2.0,100.0,0.0,100.0,0.0,100.0
vertical,calm,201,rear,20,loose_dominated,0.2,2.0,100.0,0.0,100.0,0.0,100.0
vertical,calm,201,front,20,adhered_dominated,0.7,0.5,100.0,0.0,100.0,0.0,100.0
vertical,calm,201,rear,20,adhered_dominated,0.7,0.5,100.0,0.0,100.0,0.0,100.0
vertical,calm,201,front,20,adhered_dominated,0.7,1.0,100.0,0.0,100.0,0.0,100.0
vertical,calm,201,rear,20,adhered_dominated,0.7,1.0,100.0,0.0,100.0,0.0,100.0
vertical,calm,201,front,20,adhered_dominated,0.7,2.0,100.0,0.0,100.0,0.0,100.0
vertical,calm,201,rear,20,adhered_dominated,0.7,2.0,100.0,0.0,100.0,0.0,100.0
vertical,calm,201,front,40,loose_dominated,0.2,0.5,100.0,0.0,100.0,0.0,100.0
vertical,calm,201,rear,40,loose_dominated,0.2,0.5,100.0,0.0,100.0,0.0,100.0
vertical,calm,201,front,40,loose_dominated,0.2,1.0,100.0,0.0,100.0,0.0,100.0
vertical,calm,201,rear,40,loose_dominated,0.2,1.0,100.0,0.0,100.0,0.0,100.0
vertical,calm,201,front,40,loose_dominated,0.2,2.0,100.0,0.0,100.0,0.0,100.0
vertical,calm,201,rear,40,loose_dominated,0.2,2.0,100.0,0.0,100.0,0.0,100.0
vertical,calm,201,front,40,adhered_dominated,0.7,0.5,100.0,0.0,100.0,0.0,100.0
vertical,calm,201,rear,40,adhered_dominated,0.7,0.5,100.0,0.0,100.0,0.0,100.0
vertical,calm,201,front,40,adhered_dominated,0.7,1.0,100.0,0.0,100.0,0.0,100.0
vertical,calm,201,rear,40,adhered_dominated,0.7,1.0,100.0,0.0,100.0,0.0,100.0
vertical,calm,201,front,40,adhered_dominated,0.7,2.0,100.0,0.0,100.0,0.0,100.0
vertical,calm,201,rear,40,adhered_dominated,0.7,2.0,100.0,0.0,100.0,0.0,100.0
vertical,calm,202,front,0,loose_dominated,0.2,0.5,100.0,0.0,100.0,0.0,100.0
vertical,calm,202,rear,0,loose_dominated,0.2,0.5,100.0,0.0,100.0,0.0,100.0
vertical,calm,202,front,0,loose_dominated,0.2,1.0,100.0,0.0,100.0,0.0,100.0
vertical,calm,202,rear,0,loose_dominated,0.2,1.0,100.0,0.0,100.0,0.0,100.0
vertical,calm,202,front,0,loose_dominated,0.2,2.0,100.0,0.0,100.0,0.0,100.0
vertical,calm,202,rear,0,loose_dominated,0.2,2.0,100.0,0.0,100.0,0.0,100.0
vertical,calm,202,front,0,adhered_dominated,0.7,0.5,100.0,0.0,100.0,0.0,100.0
vertical,calm,202,rear,0,adhered_dominated,0.7,0.5,100.0,0.0,100.0,0.0,100.0
vertical,calm,202,front,0,adhered_dominated,0.7,1.0,100.0,0.0,100.0,0.0,100.0
vertical,calm,202,rear,0,adhered_dominated,0.7,1.0,100.0,0.0,100.0,0.0,100.0
vertical,calm,202,front,0,adhered_dominated,0.7,2.0,100.0,0.0,100.0,0.0,100.0
vertical,calm,202,rear,0,adhered_dominated,0.7,2.0,100.0,0.0,100.0,0.0,100.0
vertical,calm,202,front,0.5,loose_dominated,0.2,0.5,100.0,0.0,100.0,0.0,100.0
vertical,calm,202,rear,0.5,loose_dominated,0.2,0.5,100.0,0.0,100.0,0.0,100.0
vertical,calm,202,front,0.5,loose_dominated,0.2,1.0,100.0,0.0,100.0,0.0,100.0
vertical,calm,202,rear,0.5,loose_dominated,0.2,1.0,100.0,0.0,100.0,0.0,100.0
vertical,calm,202,front,0.5,loose_dominated,0.2,2.0,100.0,0.0,100.0,0.0,100.0
vertical,calm,202,rear,0.5,loose_dominated,0.2,2.0,100.0,0.0,100.0,0.0,100.0
vertical,calm,202,front,0.5,adhered_dominated,0.7,0.5,100.0,0.0,100.0,0.0,100.0
vertical,calm,202,rear,0.5,adhered_dominated,0.7,0.5,100.0,0.0,100.0,0.0,100.0
vertical,calm,202,front,0.5,adhered_dominated,0.7,1.0,100.0,0.0,100.0,0.0,100.0
vertical,calm,202,rear,0.5,adhered_dominated,0.7,1.0,100.0,0.0,100.0,0.0,100.0
vertical,calm,202,front,0.5,adhered_dominated,0.7,2.0,100.0,0.0,100.0,0.0,100.0
vertical,calm,202,rear,0.5,adhered_dominated,0.7,2.0,100.0,0.0,100.0,0.0,100.0
vertical,calm,202,front,2,loose_dominated,0.2,0.5,100.0,0.0,100.0,0.0,100.0
vertical,calm,202,rear,2,loose_dominated,0.2,0.5,100.0,0.0,100.0,0.0,100.0
vertical,calm,202,front,2,loose_dominated,0.2,1.0,100.0,0.0,100.0,0.0,100.0
vertical,calm,202,rear,2,loose_dominated,0.2,1.0,100.0,0.0,100.0,0.0,100.0
vertical,calm,202,front,2,loose_dominated,0.2,2.0,100.0,0.0,100.0,0.0,100.0
vertical,calm,202,rear,2,loose_dominated,0.2,2.0,100.0,0.0,100.0,0.0,100.0
vertical,calm,202,front,2,adhered_dominated,0.7,0.5,100.0,0.0,100.0,0.0,100.0
vertical,calm,202,rear,2,adhered_dominated,0.7,0.5,100.0,0.0,100.0,0.0,100.0
vertical,calm,202,front,2,adhered_dominated,0.7,1.0,100.0,0.0,100.0,0.0,100.0
vertical,calm,202,rear,2,adhered_dominated,0.7,1.0,100.0,0.0,100.0,0.0,100.0
vertical,calm,202,front,2,adhered_dominated,0.7,2.0,100.0,0.0,100.0,0.0,100.0
vertical,calm,202,rear,2,adhered_dominated,0.7,2.0,100.0,0.0,100.0,0.0,100.0
vertical,calm,202,front,5,loose_dominated,0.2,0.5,100.0,0.0,100.0,0.0,100.0
vertical,calm,202,rear,5,loose_dominated,0.2,0.5,100.0,0.0,100.0,0.0,100.0
vertical,calm,202,front,5,loose_dominated,0.2,1.0,100.0,0.0,100.0,0.0,100.0
vertical,calm,202,rear,5,loose_dominated,0.2,1.0,100.0,0.0,100.0,0.0,100.0
vertical,calm,202,front,5,loose_dominated,0.2,2.0,100.0,0.0,100.0,0.0,100.0
vertical,calm,202,rear,5,loose_dominated,0.2,2.0,100.0,0.0,100.0,0.0,100.0
vertical,calm,202,front,5,adhered_dominated,0.7,0.5,100.0,0.0,100.0,0.0,100.0
vertical,calm,202,rear,5,adhered_dominated,0.7,0.5,100.0,0.0,100.0,0.0,100.0
vertical,calm,202,front,5,adhered_dominated,0.7,1.0,100.0,0.0,100.0,0.0,100.0
vertical,calm,202,rear,5,adhered_dominated,0.7,1.0,100.0,0.0,100.0,0.0,100.0
vertical,calm,202,front,5,adhered_dominated,0.7,2.0,100.0,0.0,100.0,0.0,100.0
vertical,calm,202,rear,5,adhered_dominated,0.7,2.0,100.0,0.0,100.0,0.0,100.0
vertical,calm,202,front,10,loose_dominated,0.2,0.5,100.0,0.0,100.0,0.0,100.0
vertical,calm,202,rear,10,loose_dominated,0.2,0.5,100.0,0.0,100.0,0.0,100.0
vertical,calm,202,front,10,loose_dominated,0.2,1.0,100.0,0.0,100.0,0.0,100.0
vertical,calm,202,rear,10,loose_dominated,0.2,1.0,100.0,0.0,100.0,0.0,100.0
vertical,calm,202,front,10,loose_dominated,0.2,2.0,100.0,0.0,100.0,0.0,100.0
vertical,calm,202,rear,10,loose_dominated,0.2,2.0,100.0,0.0,100.0,0.0,100.0
vertical,calm,202,front,10,adhered_dominated,0.7,0.5,100.0,0.0,100.0,0.0,100.0
vertical,calm,202,rear,10,adhered_dominated,0.7,0.5,100.0,0.0,100.0,0.0,100.0
vertical,calm,202,front,10,adhered_dominated,0.7,1.0,100.0,0.0,100.0,0.0,100.0
vertical,calm,202,rear,10,adhered_dominated,0.7,1.0,100.0,0.0,100.0,0.0,100.0
vertical,calm,202,front,10,adhered_dominated,0.7,2.0,100.0,0.0,100.0,0.0,100.0
vertical,calm,202,rear,10,adhered_dominated,0.7,2.0,100.0,0.0,100.0,0.0,100.0
vertical,calm,202,front,20,loose_dominated,0.2,0.5,100.0,0.0,100.0,0.0,100.0
vertical,calm,202,rear,20,loose_dominated,0.2,0.5,100.0,0.0,100.0,0.0,100.0
vertical,calm,202,front,20,loose_dominated,0.2,1.0,100.0,0.0,100.0,0.0,100.0
vertical,calm,202,rear,20,loose_dominated,0.2,1.0,100.0,0.0,100.0,0.0,100.0
vertical,calm,202,front,20,loose_dominated,0.2,2.0,100.0,0.0,100.0,0.0,100.0
vertical,calm,202,rear,20,loose_dominated,0.2,2.0,100.0,0.0,100.0,0.0,100.0
vertical,calm,202,front,20,adhered_dominated,0.7,0.5,100.0,0.0,100.0,0.0,100.0
vertical,calm,202,rear,20,adhered_dominated,0.7,0.5,100.0,0.0,100.0,0.0,100.0
vertical,calm,202,front,20,adhered_dominated,0.7,1.0,100.0,0.0,100.0,0.0,100.0
vertical,calm,202,rear,20,adhered_dominated,0.7,1.0,100.0,0.0,100.0,0.0,100.0
vertical,calm,202,front,20,adhered_dominated,0.7,2.0,100.0,0.0,100.0,0.0,100.0
vertical,calm,202,rear,20,adhered_dominated,0.7,2.0,100.0,0.0,100.0,0.0,100.0
vertical,calm,202,front,40,loose_dominated,0.2,0.5,100.0,0.0,100.0,0.0,100.0
vertical,calm,202,rear,40,loose_dominated,0.2,0.5,100.0,0.0,100.0,0.0,100.0
vertical,calm,202,front,40,loose_dominated,0.2,1.0,100.0,0.0,100.0,0.0,100.0
vertical,calm,202,rear,40,loose_dominated,0.2,1.0,100.0,0.0,100.0,0.0,100.0
vertical,calm,202,front,40,loose_dominated,0.2,2.0,100.0,0.0,100.0,0.0,100.0
vertical,calm,202,rear,40,loose_dominated,0.2,2.0,100.0,0.0,100.0,0.0,100.0
vertical,calm,202,front,40,adhered_dominated,0.7,0.5,100.0,0.0,100.0,0.0,100.0
vertical,calm,202,rear,40,adhered_dominated,0.7,0.5,100.0,0.0,100.0,0.0,100.0
vertical,calm,202,front,40,adhered_dominated,0.7,1.0,100.0,0.0,100.0,0.0,100.0
vertical,calm,202,rear,40,adhered_dominated,0.7,1.0,100.0,0.0,100.0,0.0,100.0
vertical,calm,202,front,40,adhered_dominated,0.7,2.0,100.0,0.0,100.0,0.0,100.0
vertical,calm,202,rear,40,adhered_dominated,0.7,2.0,100.0,0.0,100.0,0.0,100.0
vertical,calm,203,front,0,loose_dominated,0.2,0.5,100.0,0.0,100.0,0.0,100.0
vertical,calm,203,rear,0,loose_dominated,0.2,0.5,100.0,0.0,100.0,0.0,100.0
vertical,calm,203,front,0,loose_dominated,0.2,1.0,100.0,0.0,100.0,0.0,100.0
vertical,calm,203,rear,0,loose_dominated,0.2,1.0,100.0,0.0,100.0,0.0,100.0
vertical,calm,203,front,0,loose_dominated,0.2,2.0,100.0,0.0,100.0,0.0,100.0
vertical,calm,203,rear,0,loose_dominated,0.2,2.0,100.0,0.0,100.0,0.0,100.0
vertical,calm,203,front,0,adhered_dominated,0.7,0.5,100.0,0.0,100.0,0.0,100.0
vertical,calm,203,rear,0,adhered_dominated,0.7,0.5,100.0,0.0,100.0,0.0,100.0
vertical,calm,203,front,0,adhered_dominated,0.7,1.0,100.0,0.0,100.0,0.0,100.0
vertical,calm,203,rear,0,adhered_dominated,0.7,1.0,100.0,0.0,100.0,0.0,100.0
vertical,calm,203,front,0,adhered_dominated,0.7,2.0,100.0,0.0,100.0,0.0,100.0
vertical,calm,203,rear,0,adhered_dominated,0.7,2.0,100.0,0.0,100.0,0.0,100.0
vertical,calm,203,front,0.5,loose_dominated,0.2,0.5,100.0,0.0,100.0,0.0,100.0
vertical,calm,203,rear,0.5,loose_dominated,0.2,0.5,100.0,0.0,100.0,0.0,100.0
vertical,calm,203,front,0.5,loose_dominated,0.2,1.0,100.0,0.0,100.0,0.0,100.0
vertical,calm,203,rear,0.5,loose_dominated,0.2,1.0,100.0,0.0,100.0,0.0,100.0
vertical,calm,203,front,0.5,loose_dominated,0.2,2.0,100.0,0.0,100.0,0.0,100.0
vertical,calm,203,rear,0.5,loose_dominated,0.2,2.0,100.0,0.0,100.0,0.0,100.0
vertical,calm,203,front,0.5,adhered_dominated,0.7,0.5,100.0,0.0,100.0,0.0,100.0
vertical,calm,203,rear,0.5,adhered_dominated,0.7,0.5,100.0,0.0,100.0,0.0,100.0
vertical,calm,203,front,0.5,adhered_dominated,0.7,1.0,100.0,0.0,100.0,0.0,100.0
vertical,calm,203,rear,0.5,adhered_dominated,0.7,1.0,100.0,0.0,100.0,0.0,100.0
vertical,calm,203,front,0.5,adhered_dominated,0.7,2.0,100.0,0.0,100.0,0.0,100.0
vertical,calm,203,rear,0.5,adhered_dominated,0.7,2.0,100.0,0.0,100.0,0.0,100.0
vertical,calm,203,front,2,loose_dominated,0.2,0.5,100.0,0.0,100.0,0.0,100.0
vertical,calm,203,rear,2,loose_dominated,0.2,0.5,100.0,0.0,100.0,0.0,100.0
vertical,calm,203,front,2,loose_dominated,0.2,1.0,100.0,0.0,100.0,0.0,100.0
vertical,calm,203,rear,2,loose_dominated,0.2,1.0,100.0,0.0,100.0,0.0,100.0
vertical,calm,203,front,2,loose_dominated,0.2,2.0,100.0,0.0,100.0,0.0,100.0
vertical,calm,203,rear,2,loose_dominated,0.2,2.0,100.0,0.0,100.0,0.0,100.0
vertical,calm,203,front,2,adhered_dominated,0.7,0.5,100.0,0.0,100.0,0.0,100.0
vertical,calm,203,rear,2,adhered_dominated,0.7,0.5,100.0,0.0,100.0,0.0,100.0
vertical,calm,203,front,2,adhered_dominated,0.7,1.0,100.0,0.0,100.0,0.0,100.0
vertical,calm,203,rear,2,adhered_dominated,0.7,1.0,100.0,0.0,100.0,0.0,100.0
vertical,calm,203,front,2,adhered_dominated,0.7,2.0,100.0,0.0,100.0,0.0,100.0
vertical,calm,203,rear,2,adhered_dominated,0.7,2.0,100.0,0.0,100.0,0.0,100.0
vertical,calm,203,front,5,loose_dominated,0.2,0.5,100.0,0.0,100.0,0.0,100.0
vertical,calm,203,rear,5,loose_dominated,0.2,0.5,100.0,0.0,100.0,0.0,100.0
vertical,calm,203,front,5,loose_dominated,0.2,1.0,100.0,0.0,100.0,0.0,100.0
vertical,calm,203,rear,5,loose_dominated,0.2,1.0,100.0,0.0,100.0,0.0,100.0
vertical,calm,203,front,5,loose_dominated,0.2,2.0,100.0,0.0,100.0,0.0,100.0
vertical,calm,203,rear,5,loose_dominated,0.2,2.0,100.0,0.0,100.0,0.0,100.0
vertical,calm,203,front,5,adhered_dominated,0.7,0.5,100.0,0.0,100.0,0.0,100.0
vertical,calm,203,rear,5,adhered_dominated,0.7,0.5,100.0,0.0,100.0,0.0,100.0
vertical,calm,203,front,5,adhered_dominated,0.7,1.0,100.0,0.0,100.0,0.0,100.0
vertical,calm,203,rear,5,adhered_dominated,0.7,1.0,100.0,0.0,100.0,0.0,100.0
vertical,calm,203,front,5,adhered_dominated,0.7,2.0,100.0,0.0,100.0,0.0,100.0
vertical,calm,203,rear,5,adhered_dominated,0.7,2.0,100.0,0.0,100.0,0.0,100.0
vertical,calm,203,front,10,loose_dominated,0.2,0.5,100.0,0.0,100.0,0.0,100.0
vertical,calm,203,rear,10,loose_dominated,0.2,0.5,100.0,0.0,100.0,0.0,100.0
vertical,calm,203,front,10,loose_dominated,0.2,1.0,100.0,0.0,100.0,0.0,100.0
vertical,calm,203,rear,10,loose_dominated,0.2,1.0,100.0,0.0,100.0,0.0,100.0
vertical,calm,203,front,10,loose_dominated,0.2,2.0,100.0,0.0,100.0,0.0,100.0
vertical,calm,203,rear,10,loose_dominated,0.2,2.0,100.0,0.0,100.0,0.0,100.0
vertical,calm,203,front,10,adhered_dominated,0.7,0.5,100.0,0.0,100.0,0.0,100.0
vertical,calm,203,rear,10,adhered_dominated,0.7,0.5,100.0,0.0,100.0,0.0,100.0
vertical,calm,203,front,10,adhered_dominated,0.7,1.0,100.0,0.0,100.0,0.0,100.0
vertical,calm,203,rear,10,adhered_dominated,0.7,1.0,100.0,0.0,100.0,0.0,100.0
vertical,calm,203,front,10,adhered_dominated,0.7,2.0,100.0,0.0,100.0,0.0,100.0
vertical,calm,203,rear,10,adhered_dominated,0.7,2.0,100.0,0.0,100.0,0.0,100.0
vertical,calm,203,front,20,loose_dominated,0.2,0.5,100.0,0.0,100.0,0.0,100.0
vertical,calm,203,rear,20,loose_dominated,0.2,0.5,100.0,0.0,100.0,0.0,100.0
vertical,calm,203,front,20,loose_dominated,0.2,1.0,100.0,0.0,100.0,0.0,100.0
vertical,calm,203,rear,20,loose_dominated,0.2,1.0,100.0,0.0,100.0,0.0,100.0
vertical,calm,203,front,20,loose_dominated,0.2,2.0,100.0,0.0,100.0,0.0,100.0
vertical,calm,203,rear,20,loose_dominated,0.2,2.0,100.0,0.0,100.0,0.0,100.0
vertical,calm,203,front,20,adhered_dominated,0.7,0.5,100.0,0.0,100.0,0.0,100.0
vertical,calm,203,rear,20,adhered_dominated,0.7,0.5,100.0,0.0,100.0,0.0,100.0
vertical,calm,203,front,20,adhered_dominated,0.7,1.0,100.0,0.0,100.0,0.0,100.0
vertical,calm,203,rear,20,adhered_dominated,0.7,1.0,100.0,0.0,100.0,0.0,100.0
vertical,calm,203,front,20,adhered_dominated,0.7,2.0,100.0,0.0,100.0,0.0,100.0
vertical,calm,203,rear,20,adhered_dominated,0.7,2.0,100.0,0.0,100.0,0.0,100.0
vertical,calm,203,front,40,loose_dominated,0.2,0.5,100.0,0.0,100.0,0.0,100.0
vertical,calm,203,rear,40,loose_dominated,0.2,0.5,100.0,0.0,100.0,0.0,100.0
vertical,calm,203,front,40,loose_dominated,0.2,1.0,100.0,0.0,100.0,0.0,100.0
vertical,calm,203,rear,40,loose_dominated,0.2,1.0,100.0,0.0,100.0,0.0,100.0
vertical,calm,203,front,40,loose_dominated,0.2,2.0,100.0,0.0,100.0,0.0,100.0
vertical,calm,203,rear,40,loose_dominated,0.2,2.0,100.0,0.0,100.0,0.0,100.0
vertical,calm,203,front,40,adhered_dominated,0.7,0.5,100.0,0.0,100.0,0.0,100.0
vertical,calm,203,rear,40,adhered_dominated,0.7,0.5,100.0,0.0,100.0,0.0,100.0
vertical,calm,203,front,40,adhered_dominated,0.7,1.0,100.0,0.0,100.0,0.0,100.0
vertical,calm,203,rear,40,adhered_dominated,0.7,1.0,100.0,0.0,100.0,0.0,100.0
vertical,calm,203,front,40,adhered_dominated,0.7,2.0,100.0,0.0,100.0,0.0,100.0
vertical,calm,203,rear,40,adhered_dominated,0.7,2.0,100.0,0.0,100.0,0.0,100.0
vertical,from_east,201,front,0,loose_dominated,0.2,0.5,100.0,0.0,100.0,0.0,100.0
vertical,from_east,201,rear,0,loose_dominated,0.2,0.5,100.0,0.0,100.0,0.0,100.0
vertical,from_east,201,front,0,loose_dominated,0.2,1.0,100.0,0.0,100.0,0.0,100.0
vertical,from_east,201,rear,0,loose_dominated,0.2,1.0,100.0,0.0,100.0,0.0,100.0
vertical,from_east,201,front,0,loose_dominated,0.2,2.0,100.0,0.0,100.0,0.0,100.0
vertical,from_east,201,rear,0,loose_dominated,0.2,2.0,100.0,0.0,100.0,0.0,100.0
vertical,from_east,201,front,0,adhered_dominated,0.7,0.5,100.0,0.0,100.0,0.0,100.0
vertical,from_east,201,rear,0,adhered_dominated,0.7,0.5,100.0,0.0,100.0,0.0,100.0
vertical,from_east,201,front,0,adhered_dominated,0.7,1.0,100.0,0.0,100.0,0.0,100.0
vertical,from_east,201,rear,0,adhered_dominated,0.7,1.0,100.0,0.0,100.0,0.0,100.0
vertical,from_east,201,front,0,adhered_dominated,0.7,2.0,100.0,0.0,100.0,0.0,100.0
vertical,from_east,201,rear,0,adhered_dominated,0.7,2.0,100.0,0.0,100.0,0.0,100.0
vertical,from_east,201,front,0.5,loose_dominated,0.2,0.5,100.0,0.299177121868031,97.0194303573124,2.9805696426875983,97.01943035731239
vertical,from_east,201,rear,0.5,loose_dominated,0.2,0.5,100.0,0.0,100.0,0.0,100.0
vertical,from_east,201,front,0.5,loose_dominated,0.2,1.0,100.0,0.299177121868031,94.14818475814093,5.851815241859072,94.14818475814093
vertical,from_east,201,rear,0.5,loose_dominated,0.2,1.0,100.0,0.0,100.0,0.0,100.0
vertical,from_east,201,front,0.5,loose_dominated,0.2,2.0,100.0,0.299177121868031,88.71735623072064,11.28264376927936,88.71735623072064
vertical,from_east,201,rear,0.5,loose_dominated,0.2,2.0,100.0,0.0,100.0,0.0,100.0
vertical,from_east,201,front,0.5,adhered_dominated,0.7,0.5,100.0,0.299177121868031,98.74220723651705,1.2577927634829535,98.74220723651705
vertical,from_east,201,rear,0.5,adhered_dominated,0.7,0.5,100.0,0.0,100.0,0.0,100.0
vertical,from_east,201,front,0.5,adhered_dominated,0.7,1.0,100.0,0.299177121868031,97.52572876763722,2.4742712323627813,97.5257287676372
vertical,from_east,201,rear,0.5,adhered_dominated,0.7,1.0,100.0,0.0,100.0,0.0,100.0
vertical,from_east,201,front,0.5,adhered_dominated,0.7,2.0,100.0,0.299177121868031,95.21059581211635,4.7894041878836475,95.21059581211635
vertical,from_east,201,rear,0.5,adhered_dominated,0.7,2.0,100.0,0.0,100.0,0.0,100.0
vertical,from_east,201,front,2,loose_dominated,0.2,0.5,100.0,1.196708487472124,88.71735623072064,11.28264376927936,88.71735623072064
vertical,from_east,201,rear,2,loose_dominated,0.2,0.5,100.0,0.0,100.0,0.0,100.0
vertical,from_east,201,front,2,loose_dominated,0.2,1.0,100.0,1.196708487472124,78.99661440773616,21.00338559226384,78.99661440773616
vertical,from_east,201,rear,2,loose_dominated,0.2,1.0,100.0,0.0,100.0,0.0,100.0
vertical,from_east,201,front,2,loose_dominated,0.2,2.0,100.0,1.196708487472124,63.38524684603252,36.61475315396748,63.38524684603252
vertical,from_east,201,rear,2,loose_dominated,0.2,2.0,100.0,0.0,100.0,0.0,100.0
vertical,from_east,201,front,2,adhered_dominated,0.7,0.5,100.0,1.196708487472124,95.21059581211635,4.7894041878836475,95.21059581211635
vertical,from_east,201,rear,2,adhered_dominated,0.7,0.5,100.0,0.0,100.0,0.0,100.0
vertical,from_east,201,front,2,adhered_dominated,0.7,1.0,100.0,1.196708487472124,91.01196618458582,8.988033815414184,91.01196618458582
vertical,from_east,201,rear,2,adhered_dominated,0.7,1.0,100.0,0.0,100.0,0.0,100.0
vertical,from_east,201,front,2,adhered_dominated,0.7,2.0,100.0,1.196708487472124,84.06599938831631,15.934000611683686,84.06599938831633
vertical,from_east,201,rear,2,adhered_dominated,0.7,2.0,100.0,0.0,100.0,0.0,100.0
vertical,from_east,201,front,5,loose_dominated,0.2,0.5,100.0,2.9917712186803103,74.65131607661172,25.34868392338828,74.65131607661172
vertical,from_east,201,rear,5,loose_dominated,0.2,0.5,100.0,0.0,100.0,0.0,100.0
vertical,from_east,201,front,5,loose_dominated,0.2,1.0,100.0,2.9917712186803103,57.14196245102655,42.85803754897345,57.14196245102655
vertical,from_east,201,rear,5,loose_dominated,0.2,1.0,100.0,0.0,100.0,0.0,100.0
vertical,from_east,201,front,5,loose_dominated,0.2,2.0,100.0,2.9917712186803103,36.49762678978935,63.50237321021065,36.49762678978935
vertical,from_east,201,rear,5,loose_dominated,0.2,2.0,100.0,0.0,100.0,0.0,100.0
vertical,from_east,201,front,5,adhered_dominated,0.7,0.5,100.0,2.9917712186803103,89.10768785325308,10.892312146746917,89.10768785325308
vertical,from_east,201,rear,5,adhered_dominated,0.7,0.5,100.0,0.0,100.0,0.0,100.0
vertical,from_east,201,front,5,adhered_dominated,0.7,1.0,100.0,2.9917712186803103,81.18631869422065,18.813681305779355,81.18631869422065
vertical,from_east,201,rear,5,adhered_dominated,0.7,1.0,100.0,0.0,100.0,0.0,100.0
vertical,from_east,201,front,5,adhered_dominated,0.7,2.0,100.0,2.9917712186803103,70.82471743084136,29.17528256915864,70.82471743084136
vertical,from_east,201,rear,5,adhered_dominated,0.7,2.0,100.0,0.0,100.0,0.0,100.0
vertical,from_east,201,front,10,loose_dominated,0.2,0.5,100.0,5.9835424373606205,57.14196245102655,42.85803754897345,57.14196245102655
vertical,from_east,201,rear,10,loose_dominated,0.2,0.5,100.0,0.0,100.0,0.0,100.0
vertical,from_east,201,front,10,loose_dominated,0.2,1.0,100.0,5.9835424373606205,36.49762678978935,63.50237321021065,36.49762678978935
vertical,from_east,201,rear,10,loose_dominated,0.2,1.0,100.0,0.0,100.0,0.0,100.0
vertical,from_east,201,front,10,loose_dominated,0.2,2.0,100.0,5.9835424373606205,20.998142054724315,79.00185794527569,20.998142054724315
vertical,from_east,201,rear,10,loose_dominated,0.2,2.0,100.0,0.0,100.0,0.0,100.0
vertical,from_east,201,front,10,adhered_dominated,0.7,0.5,100.0,5.9835424373606205,81.18631869422065,18.813681305779355,81.18631869422065
vertical,from_east,201,rear,10,adhered_dominated,0.7,0.5,100.0,0.0,100.0,0.0,100.0
vertical,from_east,201,front,10,adhered_dominated,0.7,1.0,100.0,5.9835424373606205,70.82471743084136,29.17528256915864,70.82471743084136
vertical,from_east,201,rear,10,adhered_dominated,0.7,1.0,100.0,0.0,100.0,0.0,100.0
vertical,from_east,201,front,10,adhered_dominated,0.7,2.0,100.0,5.9835424373606205,60.116561108543756,39.883438891456244,60.116561108543756
vertical,from_east,201,rear,10,adhered_dominated,0.7,2.0,100.0,0.0,100.0,0.0,100.0
vertical,from_east,201,front,20,loose_dominated,0.2,0.5,100.0,11.967084874721241,36.49762678978935,63.50237321021065,36.49762678978935
vertical,from_east,201,rear,20,loose_dominated,0.2,0.5,100.0,0.0,100.0,0.0,100.0
vertical,from_east,201,front,20,loose_dominated,0.2,1.0,100.0,11.967084874721241,20.998142054724315,79.00185794527569,20.998142054724315
vertical,from_east,201,rear,20,loose_dominated,0.2,1.0,100.0,0.0,100.0,0.0,100.0
vertical,from_east,201,front,20,loose_dominated,0.2,2.0,100.0,11.967084874721241,14.240099244647556,85.75990075535245,14.240099244647556
vertical,from_east,201,rear,20,loose_dominated,0.2,2.0,100.0,0.0,100.0,0.0,100.0
vertical,from_east,201,front,20,adhered_dominated,0.7,0.5,100.0,11.967084874721241,70.82471743084136,29.17528256915864,70.82471743084136
vertical,from_east,201,rear,20,adhered_dominated,0.7,0.5,100.0,0.0,100.0,0.0,100.0
vertical,from_east,201,front,20,adhered_dominated,0.7,1.0,100.0,11.967084874721241,60.116561108543756,39.883438891456244,60.116561108543756
vertical,from_east,201,rear,20,adhered_dominated,0.7,1.0,100.0,0.0,100.0,0.0,100.0
vertical,from_east,201,front,20,adhered_dominated,0.7,2.0,100.0,11.967084874721241,49.02829140103052,50.97170859896948,49.02829140103052
vertical,from_east,201,rear,20,adhered_dominated,0.7,2.0,100.0,0.0,100.0,0.0,100.0
vertical,from_east,201,front,40,loose_dominated,0.2,0.5,100.0,23.934169749442482,20.998142054724315,79.00185794527569,20.998142054724315
vertical,from_east,201,rear,40,loose_dominated,0.2,0.5,100.0,0.0,100.0,0.0,100.0
vertical,from_east,201,front,40,loose_dominated,0.2,1.0,100.0,23.934169749442482,14.240099244647556,85.75990075535245,14.240099244647556
vertical,from_east,201,rear,40,loose_dominated,0.2,1.0,100.0,0.0,100.0,0.0,100.0
vertical,from_east,201,front,40,loose_dominated,0.2,2.0,100.0,23.934169749442482,9.791834375404177,90.20816562459582,9.791834375404177
vertical,from_east,201,rear,40,loose_dominated,0.2,2.0,100.0,0.0,100.0,0.0,100.0
vertical,from_east,201,front,40,adhered_dominated,0.7,0.5,100.0,23.934169749442482,60.116561108543756,39.883438891456244,60.116561108543756
vertical,from_east,201,rear,40,adhered_dominated,0.7,0.5,100.0,0.0,100.0,0.0,100.0
vertical,from_east,201,front,40,adhered_dominated,0.7,1.0,100.0,23.934169749442482,49.02829140103052,50.97170859896948,49.02829140103052
vertical,from_east,201,rear,40,adhered_dominated,0.7,1.0,100.0,0.0,100.0,0.0,100.0
vertical,from_east,201,front,40,adhered_dominated,0.7,2.0,100.0,23.934169749442482,34.26701979031638,65.73298020968362,34.26701979031638
vertical,from_east,201,rear,40,adhered_dominated,0.7,2.0,100.0,0.0,100.0,0.0,100.0
vertical,from_east,202,front,0,loose_dominated,0.2,0.5,100.0,0.0,100.0,0.0,100.0
vertical,from_east,202,rear,0,loose_dominated,0.2,0.5,100.0,0.0,100.0,0.0,100.0
vertical,from_east,202,front,0,loose_dominated,0.2,1.0,100.0,0.0,100.0,0.0,100.0
vertical,from_east,202,rear,0,loose_dominated,0.2,1.0,100.0,0.0,100.0,0.0,100.0
vertical,from_east,202,front,0,loose_dominated,0.2,2.0,100.0,0.0,100.0,0.0,100.0
vertical,from_east,202,rear,0,loose_dominated,0.2,2.0,100.0,0.0,100.0,0.0,100.0
vertical,from_east,202,front,0,adhered_dominated,0.7,0.5,100.0,0.0,100.0,0.0,100.0
vertical,from_east,202,rear,0,adhered_dominated,0.7,0.5,100.0,0.0,100.0,0.0,100.0
vertical,from_east,202,front,0,adhered_dominated,0.7,1.0,100.0,0.0,100.0,0.0,100.0
vertical,from_east,202,rear,0,adhered_dominated,0.7,1.0,100.0,0.0,100.0,0.0,100.0
vertical,from_east,202,front,0,adhered_dominated,0.7,2.0,100.0,0.0,100.0,0.0,100.0
vertical,from_east,202,rear,0,adhered_dominated,0.7,2.0,100.0,0.0,100.0,0.0,100.0
vertical,from_east,202,front,0.5,loose_dominated,0.2,0.5,100.0,0.3001123966942149,97.0102599431598,2.989740056840205,97.0102599431598
vertical,from_east,202,rear,0.5,loose_dominated,0.2,0.5,100.0,0.0,100.0,0.0,100.0
vertical,from_east,202,front,0.5,loose_dominated,0.2,1.0,100.0,0.3001123966942149,94.13046710604713,5.869532893952865,94.13046710604712
vertical,from_east,202,rear,0.5,loose_dominated,0.2,1.0,100.0,0.0,100.0,0.0,100.0
vertical,from_east,202,front,0.5,loose_dominated,0.2,2.0,100.0,0.3001123966942149,88.68428279331752,11.315717206682478,88.68428279331752
vertical,from_east,202,rear,0.5,loose_dominated,0.2,2.0,100.0,0.0,100.0,0.0,100.0
vertical,from_east,202,front,0.5,adhered_dominated,0.7,0.5,100.0,0.3001123966942149,98.73833105299208,1.2616689470079194,98.7383310529921
vertical,from_east,202,rear,0.5,adhered_dominated,0.7,0.5,100.0,0.0,100.0,0.0,100.0
vertical,from_east,202,front,0.5,adhered_dominated,0.7,1.0,100.0,0.3001123966942149,97.51821159786648,2.4817884021335175,97.51821159786648
vertical,from_east,202,rear,0.5,adhered_dominated,0.7,1.0,100.0,0.0,100.0,0.0,100.0
vertical,from_east,202,front,0.5,adhered_dominated,0.7,2.0,100.0,0.3001123966942149,95.1964543115525,4.8035456884475,95.1964543115525
vertical,from_east,202,rear,0.5,adhered_dominated,0.7,2.0,100.0,0.0,100.0,0.0,100.0
vertical,from_east,202,front,2,loose_dominated,0.2,0.5,100.0,1.2004495867768596,88.68428279331752,11.315717206682478,88.68428279331752
vertical,from_east,202,rear,2,loose_dominated,0.2,0.5,100.0,0.0,100.0,0.0,100.0
vertical,from_east,202,front,2,loose_dominated,0.2,1.0,100.0,1.2004495867768596,78.93896355704656,21.061036442953437,78.93896355704656
vertical,from_east,202,rear,2,loose_dominated,0.2,1.0,100.0,0.0,100.0,0.0,100.0
vertical,from_east,202,front,2,loose_dominated,0.2,2.0,100.0,1.2004495867768596,63.29747848056611,36.70252151943389,63.29747848056611
vertical,from_east,202,rear,2,loose_dominated,0.2,2.0,100.0,0.0,100.0,0.0,100.0
vertical,from_east,202,front,2,adhered_dominated,0.7,0.5,100.0,1.2004495867768596,95.1964543115525,4.8035456884475,95.1964543115525
vertical,from_east,202,rear,2,adhered_dominated,0.7,0.5,100.0,0.0,100.0,0.0,100.0
vertical,from_east,202,front,2,adhered_dominated,0.7,1.0,100.0,1.2004495867768596,90.98689857059055,9.013101429409446,90.98689857059054
vertical,from_east,202,rear,2,adhered_dominated,0.7,1.0,100.0,0.0,100.0,0.0,100.0
vertical,from_east,202,front,2,adhered_dominated,0.7,2.0,100.0,1.2004495867768596,84.02630407848055,15.97369592151945,84.02630407848055
vertical,from_east,202,rear,2,adhered_dominated,0.7,2.0,100.0,0.0,100.0,0.0,100.0
vertical,from_east,202,front,5,loose_dominated,0.2,0.5,100.0,3.0011239669421492,74.58402245839437,25.415977541605628,74.58402245839437
vertical,from_east,202,rear,5,loose_dominated,0.2,0.5,100.0,0.0,100.0,0.0,100.0
vertical,from_east,202,front,5,loose_dominated,0.2,1.0,100.0,3.0011239669421492,57.046134586939736,42.953865413060264,57.046134586939736
vertical,from_east,202,rear,5,loose_dominated,0.2,1.0,100.0,0.0,100.0,0.0,100.0
vertical,from_east,202,front,5,loose_dominated,0.2,2.0,100.0,3.0011239669421492,36.3988710373167,63.6011289626833,36.3988710373167
vertical,from_east,202,rear,5,loose_dominated,0.2,2.0,100.0,0.0,100.0,0.0,100.0
vertical,from_east,202,front,5,adhered_dominated,0.7,0.5,100.0,3.0011239669421492,89.07816018301344,10.921839816986562,89.07816018301344
vertical,from_east,202,rear,5,adhered_dominated,0.7,0.5,100.0,0.0,100.0,0.0,100.0
vertical,from_east,202,front,5,adhered_dominated,0.7,1.0,100.0,3.0011239669421492,81.14197662292965,18.858023377070353,81.14197662292965
vertical,from_east,202,rear,5,adhered_dominated,0.7,1.0,100.0,0.0,100.0,0.0,100.0
vertical,from_east,202,front,5,adhered_dominated,0.7,2.0,100.0,3.0011239669421492,70.77156328171019,29.228436718289814,70.77156328171019
vertical,from_east,202,rear,5,adhered_dominated,0.7,2.0,100.0,0.0,100.0,0.0,100.0
vertical,from_east,202,front,10,loose_dominated,0.2,0.5,100.0,6.0022479338842984,57.046134586939736,42.953865413060264,57.046134586939736
vertical,from_east,202,rear,10,loose_dominated,0.2,0.5,100.0,0.0,100.0,0.0,100.0
vertical,from_east,202,front,10,loose_dominated,0.2,1.0,100.0,6.0022479338842984,36.3988710373167,63.6011289626833,36.3988710373167
vertical,from_east,202,rear,10,loose_dominated,0.2,1.0,100.0,0.0,100.0,0.0,100.0
vertical,from_east,202,front,10,loose_dominated,0.2,2.0,100.0,6.0022479338842984,20.940097970054264,79.05990202994573,20.94009797005426
vertical,from_east,202,rear,10,loose_dominated,0.2,2.0,100.0,0.0,100.0,0.0,100.0
vertical,from_east,202,front,10,adhered_dominated,0.7,0.5,100.0,6.0022479338842984,81.14197662292965,18.858023377070353,81.14197662292965
vertical,from_east,202,rear,10,adhered_dominated,0.7,0.5,100.0,0.0,100.0,0.0,100.0
vertical,from_east,202,front,10,adhered_dominated,0.7,1.0,100.0,6.0022479338842984,70.77156328171019,29.228436718289814,70.77156328171019
vertical,from_east,202,rear,10,adhered_dominated,0.7,1.0,100.0,0.0,100.0,0.0,100.0
vertical,from_east,202,front,10,adhered_dominated,0.7,2.0,100.0,6.0022479338842984,60.065151670244006,39.934848329755994,60.065151670244006
vertical,from_east,202,rear,10,adhered_dominated,0.7,2.0,100.0,0.0,100.0,0.0,100.0
vertical,from_east,202,front,20,loose_dominated,0.2,0.5,100.0,12.004495867768597,36.3988710373167,63.6011289626833,36.3988710373167
vertical,from_east,202,rear,20,loose_dominated,0.2,0.5,100.0,0.0,100.0,0.0,100.0
vertical,from_east,202,front,20,loose_dominated,0.2,1.0,100.0,12.004495867768597,20.940097970054264,79.05990202994573,20.94009797005426
vertical,from_east,202,rear,20,loose_dominated,0.2,1.0,100.0,0.0,100.0,0.0,100.0
vertical,from_east,202,front,20,loose_dominated,0.2,2.0,100.0,12.004495867768597,14.216712376049587,85.78328762395041,14.216712376049589
vertical,from_east,202,rear,20,loose_dominated,0.2,2.0,100.0,0.0,100.0,0.0,100.0
vertical,from_east,202,front,20,adhered_dominated,0.7,0.5,100.0,12.004495867768597,70.77156328171019,29.228436718289814,70.77156328171019
vertical,from_east,202,rear,20,adhered_dominated,0.7,0.5,100.0,0.0,100.0,0.0,100.0
vertical,from_east,202,front,20,adhered_dominated,0.7,1.0,100.0,12.004495867768597,60.065151670244006,39.934848329755994,60.065151670244006
vertical,from_east,202,rear,20,adhered_dominated,0.7,1.0,100.0,0.0,100.0,0.0,100.0
vertical,from_east,202,front,20,adhered_dominated,0.7,2.0,100.0,12.004495867768597,48.96938694545201,51.03061305454799,48.96938694545201
vertical,from_east,202,rear,20,adhered_dominated,0.7,2.0,100.0,0.0,100.0,0.0,100.0
vertical,from_east,202,front,40,loose_dominated,0.2,0.5,100.0,24.008991735537194,20.940097970054264,79.05990202994573,20.94009797005426
vertical,from_east,202,rear,40,loose_dominated,0.2,0.5,100.0,0.0,100.0,0.0,100.0
vertical,from_east,202,front,40,loose_dominated,0.2,1.0,100.0,24.008991735537194,14.216712376049587,85.78328762395041,14.216712376049589
vertical,from_east,202,rear,40,loose_dominated,0.2,1.0,100.0,0.0,100.0,0.0,100.0
vertical,from_east,202,front,40,loose_dominated,0.2,2.0,100.0,24.008991735537194,9.76870391198567,90.23129608801433,9.76870391198567
vertical,from_east,202,rear,40,loose_dominated,0.2,2.0,100.0,0.0,100.0,0.0,100.0
vertical,from_east,202,front,40,adhered_dominated,0.7,0.5,100.0,24.008991735537194,60.065151670244006,39.934848329755994,60.065151670244006
vertical,from_east,202,rear,40,adhered_dominated,0.7,0.5,100.0,0.0,100.0,0.0,100.0
vertical,from_east,202,front,40,adhered_dominated,0.7,1.0,100.0,24.008991735537194,48.96938694545201,51.03061305454799,48.96938694545201
vertical,from_east,202,rear,40,adhered_dominated,0.7,1.0,100.0,0.0,100.0,0.0,100.0
vertical,from_east,202,front,40,adhered_dominated,0.7,2.0,100.0,24.008991735537194,34.18652934271192,65.81347065728808,34.18652934271192
vertical,from_east,202,rear,40,adhered_dominated,0.7,2.0,100.0,0.0,100.0,0.0,100.0
vertical,from_east,203,front,0,loose_dominated,0.2,0.5,100.0,0.0,100.0,0.0,100.0
vertical,from_east,203,rear,0,loose_dominated,0.2,0.5,100.0,0.0,100.0,0.0,100.0
vertical,from_east,203,front,0,loose_dominated,0.2,1.0,100.0,0.0,100.0,0.0,100.0
vertical,from_east,203,rear,0,loose_dominated,0.2,1.0,100.0,0.0,100.0,0.0,100.0
vertical,from_east,203,front,0,loose_dominated,0.2,2.0,100.0,0.0,100.0,0.0,100.0
vertical,from_east,203,rear,0,loose_dominated,0.2,2.0,100.0,0.0,100.0,0.0,100.0
vertical,from_east,203,front,0,adhered_dominated,0.7,0.5,100.0,0.0,100.0,0.0,100.0
vertical,from_east,203,rear,0,adhered_dominated,0.7,0.5,100.0,0.0,100.0,0.0,100.0
vertical,from_east,203,front,0,adhered_dominated,0.7,1.0,100.0,0.0,100.0,0.0,100.0
vertical,from_east,203,rear,0,adhered_dominated,0.7,1.0,100.0,0.0,100.0,0.0,100.0
vertical,from_east,203,front,0,adhered_dominated,0.7,2.0,100.0,0.0,100.0,0.0,100.0
vertical,from_east,203,rear,0,adhered_dominated,0.7,2.0,100.0,0.0,100.0,0.0,100.0
vertical,from_east,203,front,0.5,loose_dominated,0.2,0.5,100.0,0.299632165813984,97.01496180579775,2.9850381942022466,97.01496180579775
vertical,from_east,203,rear,0.5,loose_dominated,0.2,0.5,100.0,0.0,100.0,0.0,100.0
vertical,from_east,203,front,0.5,loose_dominated,0.2,1.0,100.0,0.299632165813984,94.13953852577815,5.86046147422185,94.13953852577815
vertical,from_east,203,rear,0.5,loose_dominated,0.2,1.0,100.0,0.0,100.0,0.0,100.0
vertical,from_east,203,front,0.5,loose_dominated,0.2,2.0,100.0,0.299632165813984,88.70116898672921,11.298831013270785,88.70116898672921
vertical,from_east,203,rear,0.5,loose_dominated,0.2,2.0,100.0,0.0,100.0,0.0,100.0
vertical,from_east,203,front,0.5,adhered_dominated,0.7,0.5,100.0,0.299632165813984,98.7403187706357,1.259681229364304,98.7403187706357
vertical,from_east,203,rear,0.5,adhered_dominated,0.7,0.5,100.0,0.0,100.0,0.0,100.0
vertical,from_east,203,front,0.5,adhered_dominated,0.7,1.0,100.0,0.299632165813984,97.52206144787016,2.4779385521298423,97.52206144787016
vertical,from_east,203,rear,0.5,adhered_dominated,0.7,1.0,100.0,0.0,100.0,0.0,100.0
vertical,from_east,203,front,0.5,adhered_dominated,0.7,2.0,100.0,0.299632165813984,95.20367931184315,4.796320688156854,95.20367931184315
vertical,from_east,203,rear,0.5,adhered_dominated,0.7,2.0,100.0,0.0,100.0,0.0,100.0
vertical,from_east,203,front,2,loose_dominated,0.2,0.5,100.0,1.198528663255936,88.70116898672921,11.298831013270785,88.70116898672921
vertical,from_east,203,rear,2,loose_dominated,0.2,0.5,100.0,0.0,100.0,0.0,100.0
vertical,from_east,203,front,2,loose_dominated,0.2,1.0,100.0,1.198528663255936,78.9682390636868,21.031760936313205,78.9682390636868
vertical,from_east,203,rear,2,loose_dominated,0.2,1.0,100.0,0.0,100.0,0.0,100.0
vertical,from_east,203,front,2,loose_dominated,0.2,2.0,100.0,1.198528663255936,63.34159754798526,36.65840245201474,63.34159754798526
vertical,from_east,203,rear,2,loose_dominated,0.2,2.0,100.0,0.0,100.0,0.0,100.0
vertical,from_east,203,front,2,adhered_dominated,0.7,0.5,100.0,1.198528663255936,95.20367931184315,4.796320688156854,95.20367931184315
vertical,from_east,203,rear,2,adhered_dominated,0.7,0.5,100.0,0.0,100.0,0.0,100.0
vertical,from_east,203,front,2,adhered_dominated,0.7,1.0,100.0,1.198528663255936,90.9996464683896,9.0003535316104,90.9996464683896
vertical,from_east,203,rear,2,adhered_dominated,0.7,1.0,100.0,0.0,100.0,0.0,100.0
vertical,from_east,203,front,2,adhered_dominated,0.7,2.0,100.0,1.198528663255936,84.04632630423895,15.953673695761054,84.04632630423893
vertical,from_east,203,rear,2,adhered_dominated,0.7,2.0,100.0,0.0,100.0,0.0,100.0
vertical,from_east,203,front,5,loose_dominated,0.2,0.5,100.0,2.99632165813984,74.6181051133171,25.3818948866829,74.6181051133171
vertical,from_east,203,rear,5,loose_dominated,0.2,0.5,100.0,0.0,100.0,0.0,100.0
vertical,from_east,203,front,5,loose_dominated,0.2,1.0,100.0,2.99632165813984,57.09407577060518,42.90592422939482,57.09407577060518
vertical,from_east,203,rear,5,loose_dominated,0.2,1.0,100.0,0.0,100.0,0.0,100.0
vertical,from_east,203,front,5,loose_dominated,0.2,2.0,100.0,2.99632165813984,36.44723356262086,63.55276643737914,36.44723356262086
vertical,from_east,203,rear,5,loose_dominated,0.2,2.0,100.0,0.0,100.0,0.0,100.0
vertical,from_east,203,front,5,adhered_dominated,0.7,0.5,100.0,2.99632165813984,89.09314309983026,10.906856900169743,89.09314309983024
vertical,from_east,203,rear,5,adhered_dominated,0.7,0.5,100.0,0.0,100.0,0.0,100.0
vertical,from_east,203,front,5,adhered_dominated,0.7,1.0,100.0,2.99632165813984,81.16426355573866,18.835736444261343,81.16426355573866
vertical,from_east,203,rear,5,adhered_dominated,0.7,1.0,100.0,0.0,100.0,0.0,100.0
vertical,from_east,203,front,5,adhered_dominated,0.7,2.0,100.0,2.99632165813984,70.79794777461461,29.202052225385387,70.79794777461461
vertical,from_east,203,rear,5,adhered_dominated,0.7,2.0,100.0,0.0,100.0,0.0,100.0
vertical,from_east,203,front,10,loose_dominated,0.2,0.5,100.0,5.99264331627968,57.09407577060518,42.90592422939482,57.09407577060518
vertical,from_east,203,rear,10,loose_dominated,0.2,0.5,100.0,0.0,100.0,0.0,100.0
vertical,from_east,203,front,10,loose_dominated,0.2,1.0,100.0,5.99264331627968,36.44723356262086,63.55276643737914,36.44723356262086
vertical,from_east,203,rear,10,loose_dominated,0.2,1.0,100.0,0.0,100.0,0.0,100.0
vertical,from_east,203,front,10,loose_dominated,0.2,2.0,100.0,5.99264331627968,20.96759809766497,79.03240190233504,20.96759809766497
vertical,from_east,203,rear,10,loose_dominated,0.2,2.0,100.0,0.0,100.0,0.0,100.0
vertical,from_east,203,front,10,adhered_dominated,0.7,0.5,100.0,5.99264331627968,81.16426355573866,18.835736444261343,81.16426355573866
vertical,from_east,203,rear,10,adhered_dominated,0.7,0.5,100.0,0.0,100.0,0.0,100.0
vertical,from_east,203,front,10,adhered_dominated,0.7,1.0,100.0,5.99264331627968,70.79794777461461,29.202052225385387,70.79794777461461
vertical,from_east,203,rear,10,adhered_dominated,0.7,1.0,100.0,0.0,100.0,0.0,100.0
vertical,from_east,203,front,10,adhered_dominated,0.7,2.0,100.0,5.99264331627968,60.09058041345506,39.90941958654494,60.09058041345506
vertical,from_east,203,rear,10,adhered_dominated,0.7,2.0,100.0,0.0,100.0,0.0,100.0
vertical,from_east,203,front,20,loose_dominated,0.2,0.5,100.0,11.98528663255936,36.44723356262086,63.55276643737914,36.44723356262086
vertical,from_east,203,rear,20,loose_dominated,0.2,0.5,100.0,0.0,100.0,0.0,100.0
vertical,from_east,203,front,20,loose_dominated,0.2,1.0,100.0,11.98528663255936,20.96759809766497,79.03240190233504,20.96759809766497
vertical,from_east,203,rear,20,loose_dominated,0.2,1.0,100.0,0.0,100.0,0.0,100.0
vertical,from_east,203,front,20,loose_dominated,0.2,2.0,100.0,11.98528663255936,14.227791863017613,85.77220813698239,14.227791863017613
vertical,from_east,203,rear,20,loose_dominated,0.2,2.0,100.0,0.0,100.0,0.0,100.0
vertical,from_east,203,front,20,adhered_dominated,0.7,0.5,100.0,11.98528663255936,70.79794777461461,29.202052225385387,70.79794777461461
vertical,from_east,203,rear,20,adhered_dominated,0.7,0.5,100.0,0.0,100.0,0.0,100.0
vertical,from_east,203,front,20,adhered_dominated,0.7,1.0,100.0,11.98528663255936,60.09058041345506,39.90941958654494,60.09058041345506
vertical,from_east,203,rear,20,adhered_dominated,0.7,1.0,100.0,0.0,100.0,0.0,100.0
vertical,from_east,203,front,20,adhered_dominated,0.7,2.0,100.0,11.98528663255936,48.99894039214603,51.00105960785397,48.99894039214603
vertical,from_east,203,rear,20,adhered_dominated,0.7,2.0,100.0,0.0,100.0,0.0,100.0
vertical,from_east,203,front,40,loose_dominated,0.2,0.5,100.0,23.97057326511872,20.96759809766497,79.03240190233504,20.96759809766497
vertical,from_east,203,rear,40,loose_dominated,0.2,0.5,100.0,0.0,100.0,0.0,100.0
vertical,from_east,203,front,40,loose_dominated,0.2,1.0,100.0,23.97057326511872,14.227791863017613,85.77220813698239,14.227791863017613
vertical,from_east,203,rear,40,loose_dominated,0.2,1.0,100.0,0.0,100.0,0.0,100.0
vertical,from_east,203,front,40,loose_dominated,0.2,2.0,100.0,23.97057326511872,9.780230966636113,90.21976903336389,9.780230966636113
vertical,from_east,203,rear,40,loose_dominated,0.2,2.0,100.0,0.0,100.0,0.0,100.0
vertical,from_east,203,front,40,adhered_dominated,0.7,0.5,100.0,23.97057326511872,60.09058041345506,39.90941958654494,60.09058041345506
vertical,from_east,203,rear,40,adhered_dominated,0.7,0.5,100.0,0.0,100.0,0.0,100.0
vertical,from_east,203,front,40,adhered_dominated,0.7,1.0,100.0,23.97057326511872,48.99894039214603,51.00105960785397,48.99894039214603
vertical,from_east,203,rear,40,adhered_dominated,0.7,1.0,100.0,0.0,100.0,0.0,100.0
vertical,from_east,203,front,40,adhered_dominated,0.7,2.0,100.0,23.97057326511872,34.22679048568483,65.77320951431517,34.22679048568483
vertical,from_east,203,rear,40,adhered_dominated,0.7,2.0,100.0,0.0,100.0,0.0,100.0
vertical,from_west,201,front,0,loose_dominated,0.2,0.5,100.0,0.0,100.0,0.0,100.0
vertical,from_west,201,rear,0,loose_dominated,0.2,0.5,100.0,0.0,100.0,0.0,100.0
vertical,from_west,201,front,0,loose_dominated,0.2,1.0,100.0,0.0,100.0,0.0,100.0
vertical,from_west,201,rear,0,loose_dominated,0.2,1.0,100.0,0.0,100.0,0.0,100.0
vertical,from_west,201,front,0,loose_dominated,0.2,2.0,100.0,0.0,100.0,0.0,100.0
vertical,from_west,201,rear,0,loose_dominated,0.2,2.0,100.0,0.0,100.0,0.0,100.0
vertical,from_west,201,front,0,adhered_dominated,0.7,0.5,100.0,0.0,100.0,0.0,100.0
vertical,from_west,201,rear,0,adhered_dominated,0.7,0.5,100.0,0.0,100.0,0.0,100.0
vertical,from_west,201,front,0,adhered_dominated,0.7,1.0,100.0,0.0,100.0,0.0,100.0
vertical,from_west,201,rear,0,adhered_dominated,0.7,1.0,100.0,0.0,100.0,0.0,100.0
vertical,from_west,201,front,0,adhered_dominated,0.7,2.0,100.0,0.0,100.0,0.0,100.0
vertical,from_west,201,rear,0,adhered_dominated,0.7,2.0,100.0,0.0,100.0,0.0,100.0
vertical,from_west,201,front,0.5,loose_dominated,0.2,0.5,100.0,0.0,100.0,0.0,100.0
vertical,from_west,201,rear,0.5,loose_dominated,0.2,0.5,100.0,0.2993467138921685,97.01775595044333,2.9822440495566696,97.01775595044333
vertical,from_west,201,front,0.5,loose_dominated,0.2,1.0,100.0,0.0,100.0,0.0,100.0
vertical,from_west,201,rear,0.5,loose_dominated,0.2,1.0,100.0,0.2993467138921685,94.14492723071386,5.855072769286139,94.14492723071386
vertical,from_west,201,front,0.5,loose_dominated,0.2,2.0,100.0,0.0,100.0,0.0,100.0
vertical,from_west,201,rear,0.5,loose_dominated,0.2,2.0,100.0,0.2993467138921685,88.7111923823281,11.288807617671907,88.7111923823281
vertical,from_west,201,front,0.5,adhered_dominated,0.7,0.5,100.0,0.0,100.0,0.0,100.0
vertical,from_west,201,rear,0.5,adhered_dominated,0.7,0.5,100.0,0.2993467138921685,98.74149998558892,1.2585000144110836,98.74149998558893
vertical,from_west,201,front,0.5,adhered_dominated,0.7,1.0,100.0,0.0,100.0,0.0,100.0
vertical,from_west,201,rear,0.5,adhered_dominated,0.7,1.0,100.0,0.2993467138921685,97.52434884025936,2.475651159740636,97.52434884025938
vertical,from_west,201,front,0.5,adhered_dominated,0.7,2.0,100.0,0.0,100.0,0.0,100.0
vertical,from_west,201,rear,0.5,adhered_dominated,0.7,2.0,100.0,0.2993467138921685,95.20796864827474,4.792031351725257,95.20796864827474
vertical,from_west,201,front,2,loose_dominated,0.2,0.5,100.0,0.0,100.0,0.0,100.0
vertical,from_west,201,rear,2,loose_dominated,0.2,0.5,100.0,1.197386855568674,88.7111923823281,11.288807617671907,88.7111923823281
vertical,from_west,201,front,2,loose_dominated,0.2,1.0,100.0,0.0,100.0,0.0,100.0
vertical,from_west,201,rear,2,loose_dominated,0.2,1.0,100.0,1.197386855568674,78.98558286333841,21.014417136661592,78.98558286333841
vertical,from_west,201,front,2,loose_dominated,0.2,2.0,100.0,0.0,100.0,0.0,100.0
vertical,from_west,201,rear,2,loose_dominated,0.2,2.0,100.0,1.197386855568674,63.3676002472166,36.6323997527834,63.36760024721659
vertical,from_west,201,front,2,adhered_dominated,0.7,0.5,100.0,0.0,100.0,0.0,100.0
vertical,from_west,201,rear,2,adhered_dominated,0.7,0.5,100.0,1.197386855568674,95.20796864827474,4.792031351725257,95.20796864827474
vertical,from_west,201,front,2,adhered_dominated,0.7,1.0,100.0,0.0,100.0,0.0,100.0
vertical,from_west,201,rear,2,adhered_dominated,0.7,1.0,100.0,1.197386855568674,91.00720196375771,8.992798036242291,91.00720196375771
vertical,from_west,201,front,2,adhered_dominated,0.7,2.0,100.0,0.0,100.0,0.0,100.0
vertical,from_west,201,rear,2,adhered_dominated,0.7,2.0,100.0,1.197386855568674,84.05814365508064,15.941856344919358,84.05814365508064
vertical,from_west,201,front,5,loose_dominated,0.2,0.5,100.0,0.0,100.0,0.0,100.0
vertical,from_west,201,rear,5,loose_dominated,0.2,0.5,100.0,2.9934671389216847,74.63827391427661,25.36172608572339,74.63827391427661
vertical,from_west,201,front,5,loose_dominated,0.2,1.0,100.0,0.0,100.0,0.0,100.0
vertical,from_west,201,rear,5,loose_dominated,0.2,1.0,100.0,2.9934671389216847,57.122244489760625,42.877755510239375,57.122244489760625
vertical,from_west,201,front,5,loose_dominated,0.2,2.0,100.0,0.0,100.0,0.0,100.0
vertical,from_west,201,rear,5,loose_dominated,0.2,2.0,100.0,2.9934671389216847,36.47518847026522,63.52481152973478,36.47518847026522
vertical,from_west,201,front,5,adhered_dominated,0.7,0.5,100.0,0.0,100.0,0.0,100.0
vertical,from_west,201,rear,5,adhered_dominated,0.7,0.5,100.0,2.9934671389216847,89.10201536511617,10.897984634883827,89.10201536511617
vertical,from_west,201,front,5,adhered_dominated,0.7,1.0,100.0,0.0,100.0,0.0,100.0
vertical,from_west,201,rear,5,adhered_dominated,0.7,1.0,100.0,2.9934671389216847,81.17738721635607,18.822612783643933,81.17738721635607
vertical,from_west,201,front,5,adhered_dominated,0.7,2.0,100.0,0.0,100.0,0.0,100.0
vertical,from_west,201,rear,5,adhered_dominated,0.7,2.0,100.0,2.9934671389216847,70.8133301507859,29.1866698492141,70.8133301507859
vertical,from_west,201,front,10,loose_dominated,0.2,0.5,100.0,0.0,100.0,0.0,100.0
vertical,from_west,201,rear,10,loose_dominated,0.2,0.5,100.0,5.986934277843369,57.122244489760625,42.877755510239375,57.122244489760625
vertical,from_west,201,front,10,loose_dominated,0.2,1.0,100.0,0.0,100.0,0.0,100.0
vertical,from_west,201,rear,10,loose_dominated,0.2,1.0,100.0,5.986934277843369,36.47518847026522,63.52481152973478,36.47518847026522
vertical,from_west,201,front,10,loose_dominated,0.2,2.0,100.0,0.0,100.0,0.0,100.0
vertical,from_west,201,rear,10,loose_dominated,0.2,2.0,100.0,5.986934277843369,20.983436866033646,79.01656313396636,20.983436866033642
vertical,from_west,201,front,10,adhered_dominated,0.7,0.5,100.0,0.0,100.0,0.0,100.0
vertical,from_west,201,rear,10,adhered_dominated,0.7,0.5,100.0,5.986934277843369,81.17738721635607,18.822612783643933,81.17738721635607
vertical,from_west,201,front,10,adhered_dominated,0.7,1.0,100.0,0.0,100.0,0.0,100.0
vertical,from_west,201,rear,10,adhered_dominated,0.7,1.0,100.0,5.986934277843369,70.8133301507859,29.1866698492141,70.8133301507859
vertical,from_west,201,front,10,adhered_dominated,0.7,2.0,100.0,0.0,100.0,0.0,100.0
vertical,from_west,201,rear,10,adhered_dominated,0.7,2.0,100.0,5.986934277843369,60.105489438677594,39.894510561322406,60.105489438677594
vertical,from_west,201,front,20,loose_dominated,0.2,0.5,100.0,0.0,100.0,0.0,100.0
vertical,from_west,201,rear,20,loose_dominated,0.2,0.5,100.0,11.973868555686739,36.47518847026522,63.52481152973478,36.47518847026522
vertical,from_west,201,front,20,loose_dominated,0.2,1.0,100.0,0.0,100.0,0.0,100.0
vertical,from_west,201,rear,20,loose_dominated,0.2,1.0,100.0,11.973868555686739,20.983436866033646,79.01656313396636,20.983436866033642
vertical,from_west,201,front,20,loose_dominated,0.2,2.0,100.0,0.0,100.0,0.0,100.0
vertical,from_west,201,rear,20,loose_dominated,0.2,2.0,100.0,11.973868555686739,14.234925784005059,85.76507421599494,14.234925784005059
vertical,from_west,201,front,20,adhered_dominated,0.7,0.5,100.0,0.0,100.0,0.0,100.0
vertical,from_west,201,rear,20,adhered_dominated,0.7,0.5,100.0,11.973868555686739,70.8133301507859,29.1866698492141,70.8133301507859
vertical,from_west,201,front,20,adhered_dominated,0.7,1.0,100.0,0.0,100.0,0.0,100.0
vertical,from_west,201,rear,20,adhered_dominated,0.7,1.0,100.0,11.973868555686739,60.105489438677594,39.894510561322406,60.105489438677594
vertical,from_west,201,front,20,adhered_dominated,0.7,2.0,100.0,0.0,100.0,0.0,100.0
vertical,from_west,201,rear,20,adhered_dominated,0.7,2.0,100.0,11.973868555686739,49.01664772639199,50.98335227360801,49.01664772639199
vertical,from_west,201,front,40,loose_dominated,0.2,0.5,100.0,0.0,100.0,0.0,100.0
vertical,from_west,201,rear,40,loose_dominated,0.2,0.5,100.0,23.947737111373478,20.983436866033646,79.01656313396636,20.983436866033642
vertical,from_west,201,front,40,loose_dominated,0.2,1.0,100.0,0.0,100.0,0.0,100.0
vertical,from_west,201,rear,40,loose_dominated,0.2,1.0,100.0,23.947737111373478,14.234925784005059,85.76507421599494,14.234925784005059
vertical,from_west,201,front,40,loose_dominated,0.2,2.0,100.0,0.0,100.0,0.0,100.0
vertical,from_west,201,rear,40,loose_dominated,0.2,2.0,100.0,23.947737111373478,9.787098642379519,90.21290135762048,9.787098642379519
vertical,from_west,201,front,40,adhered_dominated,0.7,0.5,100.0,0.0,100.0,0.0,100.0
vertical,from_west,201,rear,40,adhered_dominated,0.7,0.5,100.0,23.947737111373478,60.105489438677594,39.894510561322406,60.105489438677594
vertical,from_west,201,front,40,adhered_dominated,0.7,1.0,100.0,0.0,100.0,0.0,100.0
vertical,from_west,201,rear,40,adhered_dominated,0.7,1.0,100.0,23.947737111373478,49.01664772639199,50.98335227360801,49.01664772639199
vertical,from_west,201,front,40,adhered_dominated,0.7,2.0,100.0,0.0,100.0,0.0,100.0
vertical,from_west,201,rear,40,adhered_dominated,0.7,2.0,100.0,23.947737111373478,34.25048908430433,65.74951091569568,34.25048908430433
vertical,from_west,202,front,0,loose_dominated,0.2,0.5,100.0,0.0,100.0,0.0,100.0
vertical,from_west,202,rear,0,loose_dominated,0.2,0.5,100.0,0.0,100.0,0.0,100.0
vertical,from_west,202,front,0,loose_dominated,0.2,1.0,100.0,0.0,100.0,0.0,100.0
vertical,from_west,202,rear,0,loose_dominated,0.2,1.0,100.0,0.0,100.0,0.0,100.0
vertical,from_west,202,front,0,loose_dominated,0.2,2.0,100.0,0.0,100.0,0.0,100.0
vertical,from_west,202,rear,0,loose_dominated,0.2,2.0,100.0,0.0,100.0,0.0,100.0
vertical,from_west,202,front,0,adhered_dominated,0.7,0.5,100.0,0.0,100.0,0.0,100.0
vertical,from_west,202,rear,0,adhered_dominated,0.7,0.5,100.0,0.0,100.0,0.0,100.0
vertical,from_west,202,front,0,adhered_dominated,0.7,1.0,100.0,0.0,100.0,0.0,100.0
vertical,from_west,202,rear,0,adhered_dominated,0.7,1.0,100.0,0.0,100.0,0.0,100.0
vertical,from_west,202,front,0,adhered_dominated,0.7,2.0,100.0,0.0,100.0,0.0,100.0
vertical,from_west,202,rear,0,adhered_dominated,0.7,2.0,100.0,0.0,100.0,0.0,100.0
vertical,from_west,202,front,0.5,loose_dominated,0.2,0.5,100.0,0.0,100.0,0.0,100.0
vertical,from_west,202,rear,0.5,loose_dominated,0.2,0.5,100.0,0.3005237832874197,97.00625604296488,2.9937439570351216,97.00625604296489
vertical,from_west,202,front,0.5,loose_dominated,0.2,1.0,100.0,0.0,100.0,0.0,100.0
vertical,from_west,202,rear,0.5,loose_dominated,0.2,1.0,100.0,0.3005237832874197,94.12278779044983,5.877212209550166,94.12278779044983
vertical,from_west,202,front,0.5,loose_dominated,0.2,2.0,100.0,0.0,100.0,0.0,100.0
vertical,from_west,202,rear,0.5,loose_dominated,0.2,2.0,100.0,0.3005237832874197,88.67015666356163,11.329843336438373,88.67015666356163
vertical,from_west,202,front,0.5,adhered_dominated,0.7,0.5,100.0,0.0,100.0,0.0,100.0
vertical,from_west,202,rear,0.5,adhered_dominated,0.7,0.5,100.0,0.3005237832874197,98.73663703373501,1.2633629662649923,98.73663703373501
vertical,from_west,202,front,0.5,adhered_dominated,0.7,1.0,100.0,0.0,100.0,0.0,100.0
vertical,from_west,202,rear,0.5,adhered_dominated,0.7,1.0,100.0,0.3005237832874197,97.51494807894268,2.4850519210573196,97.5149480789427
vertical,from_west,202,front,0.5,adhered_dominated,0.7,2.0,100.0,0.0,100.0,0.0,100.0
vertical,from_west,202,rear,0.5,adhered_dominated,0.7,2.0,100.0,0.3005237832874197,95.19039361741808,4.809606382581919,95.19039361741808
vertical,from_west,202,front,2,loose_dominated,0.2,0.5,100.0,0.0,100.0,0.0,100.0
vertical,from_west,202,rear,2,loose_dominated,0.2,0.5,100.0,1.2020951331496788,88.67015666356163,11.329843336438373,88.67015666356163
vertical,from_west,202,front,2,loose_dominated,0.2,1.0,100.0,0.0,100.0,0.0,100.0
vertical,from_west,202,rear,2,loose_dominated,0.2,1.0,100.0,1.2020951331496788,78.9150465284075,21.0849534715925,78.9150465284075
vertical,from_west,202,front,2,loose_dominated,0.2,2.0,100.0,0.0,100.0,0.0,100.0
vertical,from_west,202,rear,2,loose_dominated,0.2,2.0,100.0,1.2020951331496788,63.263094037676616,36.736905962323384,63.263094037676616
vertical,from_west,202,front,2,adhered_dominated,0.7,0.5,100.0,0.0,100.0,0.0,100.0
vertical,from_west,202,rear,2,adhered_dominated,0.7,0.5,100.0,1.2020951331496788,95.19039361741808,4.809606382581919,95.19039361741808
vertical,from_west,202,front,2,adhered_dominated,0.7,1.0,100.0,0.0,100.0,0.0,100.0
vertical,from_west,202,rear,2,adhered_dominated,0.7,1.0,100.0,1.2020951331496788,90.97641818334186,9.023581816658137,90.97641818334186
vertical,from_west,202,front,2,adhered_dominated,0.7,2.0,100.0,0.0,100.0,0.0,100.0
vertical,from_west,202,rear,2,adhered_dominated,0.7,2.0,100.0,1.2020951331496788,84.01044799865238,15.989552001347619,84.01044799865238
vertical,from_west,202,front,5,loose_dominated,0.2,0.5,100.0,0.0,100.0,0.0,100.0
vertical,from_west,202,rear,5,loose_dominated,0.2,0.5,100.0,3.005237832874197,74.55650554838634,25.44349445161366,74.55650554838634
vertical,from_west,202,front,5,loose_dominated,0.2,1.0,100.0,0.0,100.0,0.0,100.0
vertical,from_west,202,rear,5,loose_dominated,0.2,1.0,100.0,3.005237832874197,57.00963234371609,42.99036765628391,57.00963234371609
vertical,from_west,202,front,5,loose_dominated,0.2,2.0,100.0,0.0,100.0,0.0,100.0
vertical,from_west,202,rear,5,loose_dominated,0.2,2.0,100.0,3.005237832874197,36.36591442577423,63.63408557422577,36.36591442577423
vertical,from_west,202,front,5,adhered_dominated,0.7,0.5,100.0,0.0,100.0,0.0,100.0
vertical,from_west,202,rear,5,adhered_dominated,0.7,0.5,100.0,3.005237832874197,89.0659613079495,10.934038692050507,89.0659613079495
vertical,from_west,202,front,5,adhered_dominated,0.7,1.0,100.0,0.0,100.0,0.0,100.0
vertical,from_west,202,rear,5,adhered_dominated,0.7,1.0,100.0,3.005237832874197,81.12462353479295,18.875376465207054,81.12462353479295
vertical,from_west,202,front,5,adhered_dominated,0.7,2.0,100.0,0.0,100.0,0.0,100.0
vertical,from_west,202,rear,5,adhered_dominated,0.7,2.0,100.0,3.005237832874197,70.75223956637912,29.247760433620883,70.75223956637912
vertical,from_west,202,front,10,loose_dominated,0.2,0.5,100.0,0.0,100.0,0.0,100.0
vertical,from_west,202,rear,10,loose_dominated,0.2,0.5,100.0,6.010475665748394,57.00963234371609,42.99036765628391,57.00963234371609
vertical,from_west,202,front,10,loose_dominated,0.2,1.0,100.0,0.0,100.0,0.0,100.0
vertical,from_west,202,rear,10,loose_dominated,0.2,1.0,100.0,6.010475665748394,36.36591442577423,63.63408557422577,36.36591442577423
vertical,from_west,202,front,10,loose_dominated,0.2,2.0,100.0,0.0,100.0,0.0,100.0
vertical,from_west,202,rear,10,loose_dominated,0.2,2.0,100.0,6.010475665748394,20.923981423605056,79.07601857639494,20.923981423605056
vertical,from_west,202,front,10,adhered_dominated,0.7,0.5,100.0,0.0,100.0,0.0,100.0
vertical,from_west,202,rear,10,adhered_dominated,0.7,0.5,100.0,6.010475665748394,81.12462353479295,18.875376465207054,81.12462353479295
vertical,from_west,202,front,10,adhered_dominated,0.7,1.0,100.0,0.0,100.0,0.0,100.0
vertical,from_west,202,rear,10,adhered_dominated,0.7,1.0,100.0,6.010475665748394,70.75223956637912,29.247760433620883,70.75223956637912
vertical,from_west,202,front,10,adhered_dominated,0.7,2.0,100.0,0.0,100.0,0.0,100.0
vertical,from_west,202,rear,10,adhered_dominated,0.7,2.0,100.0,6.010475665748394,60.04652815167866,39.95347184832134,60.04652815167866
vertical,from_west,202,front,20,loose_dominated,0.2,0.5,100.0,0.0,100.0,0.0,100.0
vertical,from_west,202,rear,20,loose_dominated,0.2,0.5,100.0,12.020951331496788,36.36591442577423,63.63408557422577,36.36591442577423
vertical,from_west,202,front,20,loose_dominated,0.2,1.0,100.0,0.0,100.0,0.0,100.0
vertical,from_west,202,rear,20,loose_dominated,0.2,1.0,100.0,12.020951331496788,20.923981423605056,79.07601857639494,20.923981423605056
vertical,from_west,202,front,20,loose_dominated,0.2,2.0,100.0,0.0,100.0,0.0,100.0
vertical,from_west,202,rear,20,loose_dominated,0.2,2.0,100.0,12.020951331496788,14.209041072451878,85.79095892754812,14.209041072451878
vertical,from_west,202,front,20,adhered_dominated,0.7,0.5,100.0,0.0,100.0,0.0,100.0
vertical,from_west,202,rear,20,adhered_dominated,0.7,0.5,100.0,12.020951331496788,70.75223956637912,29.247760433620883,70.75223956637912
vertical,from_west,202,front,20,adhered_dominated,0.7,1.0,100.0,0.0,100.0,0.0,100.0
vertical,from_west,202,rear,20,adhered_dominated,0.7,1.0,100.0,12.020951331496788,60.04652815167866,39.95347184832134,60.04652815167866
vertical,from_west,202,front,20,adhered_dominated,0.7,2.0,100.0,0.0,100.0,0.0,100.0
vertical,from_west,202,rear,20,adhered_dominated,0.7,2.0,100.0,12.020951331496788,48.94597928032042,51.05402071967958,48.94597928032042
vertical,from_west,202,front,40,loose_dominated,0.2,0.5,100.0,0.0,100.0,0.0,100.0
vertical,from_west,202,rear,40,loose_dominated,0.2,0.5,100.0,24.041902662993575,20.923981423605056,79.07601857639494,20.923981423605056
vertical,from_west,202,front,40,loose_dominated,0.2,1.0,100.0,0.0,100.0,0.0,100.0
vertical,from_west,202,rear,40,loose_dominated,0.2,1.0,100.0,24.041902662993575,14.209041072451878,85.79095892754812,14.209041072451878
vertical,from_west,202,front,40,loose_dominated,0.2,2.0,100.0,0.0,100.0,0.0,100.0
vertical,from_west,202,rear,40,loose_dominated,0.2,2.0,100.0,24.041902662993575,9.759927868086194,90.2400721319138,9.759927868086194
vertical,from_west,202,front,40,adhered_dominated,0.7,0.5,100.0,0.0,100.0,0.0,100.0
vertical,from_west,202,rear,40,adhered_dominated,0.7,0.5,100.0,24.041902662993575,60.04652815167866,39.95347184832134,60.04652815167866
vertical,from_west,202,front,40,adhered_dominated,0.7,1.0,100.0,0.0,100.0,0.0,100.0
vertical,from_west,202,rear,40,adhered_dominated,0.7,1.0,100.0,24.041902662993575,48.94597928032042,51.05402071967958,48.94597928032042
vertical,from_west,202,front,40,adhered_dominated,0.7,2.0,100.0,0.0,100.0,0.0,100.0
vertical,from_west,202,rear,40,adhered_dominated,0.7,2.0,100.0,24.041902662993575,34.15583652466063,65.84416347533937,34.15583652466063
vertical,from_west,203,front,0,loose_dominated,0.2,0.5,100.0,0.0,100.0,0.0,100.0
vertical,from_west,203,rear,0,loose_dominated,0.2,0.5,100.0,0.0,100.0,0.0,100.0
vertical,from_west,203,front,0,loose_dominated,0.2,1.0,100.0,0.0,100.0,0.0,100.0
vertical,from_west,203,rear,0,loose_dominated,0.2,1.0,100.0,0.0,100.0,0.0,100.0
vertical,from_west,203,front,0,loose_dominated,0.2,2.0,100.0,0.0,100.0,0.0,100.0
vertical,from_west,203,rear,0,loose_dominated,0.2,2.0,100.0,0.0,100.0,0.0,100.0
vertical,from_west,203,front,0,adhered_dominated,0.7,0.5,100.0,0.0,100.0,0.0,100.0
vertical,from_west,203,rear,0,adhered_dominated,0.7,0.5,100.0,0.0,100.0,0.0,100.0
vertical,from_west,203,front,0,adhered_dominated,0.7,1.0,100.0,0.0,100.0,0.0,100.0
vertical,from_west,203,rear,0,adhered_dominated,0.7,1.0,100.0,0.0,100.0,0.0,100.0
vertical,from_west,203,front,0,adhered_dominated,0.7,2.0,100.0,0.0,100.0,0.0,100.0
vertical,from_west,203,rear,0,adhered_dominated,0.7,2.0,100.0,0.0,100.0,0.0,100.0
vertical,from_west,203,front,0.5,loose_dominated,0.2,0.5,100.0,0.0,100.0,0.0,100.0
vertical,from_west,203,rear,0.5,loose_dominated,0.2,0.5,100.0,0.300426393808212,97.00717232416547,2.9928276758345334,97.00717232416545
vertical,from_west,203,front,0.5,loose_dominated,0.2,1.0,100.0,0.0,100.0,0.0,100.0
vertical,from_west,203,rear,0.5,loose_dominated,0.2,1.0,100.0,0.300426393808212,94.12448464650956,5.875515353490442,94.12448464650956
vertical,from_west,203,front,0.5,loose_dominated,0.2,2.0,100.0,0.0,100.0,0.0,100.0
vertical,from_west,203,rear,0.5,loose_dominated,0.2,2.0,100.0,0.300426393808212,88.67305726248121,11.326942737518792,88.67305726248122
vertical,from_west,203,front,0.5,adhered_dominated,0.7,0.5,100.0,0.0,100.0,0.0,100.0
vertical,from_west,203,rear,0.5,adhered_dominated,0.7,0.5,100.0,0.300426393808212,98.73702619037931,1.2629738096206893,98.73702619037931
vertical,from_west,203,front,0.5,adhered_dominated,0.7,1.0,100.0,0.0,100.0,0.0,100.0
vertical,from_west,203,rear,0.5,adhered_dominated,0.7,1.0,100.0,0.300426393808212,97.51567489079066,2.484325109209337,97.51567489079066
vertical,from_west,203,front,0.5,adhered_dominated,0.7,2.0,100.0,0.0,100.0,0.0,100.0
vertical,from_west,203,rear,0.5,adhered_dominated,0.7,2.0,100.0,0.300426393808212,95.1916607296656,4.8083392703344,95.1916607296656
vertical,from_west,203,front,2,loose_dominated,0.2,0.5,100.0,0.0,100.0,0.0,100.0
vertical,from_west,203,rear,2,loose_dominated,0.2,0.5,100.0,1.201705575232848,88.67305726248121,11.326942737518792,88.67305726248122
vertical,from_west,203,front,2,loose_dominated,0.2,1.0,100.0,0.0,100.0,0.0,100.0
vertical,from_west,203,rear,2,loose_dominated,0.2,1.0,100.0,1.201705575232848,78.91921930464487,21.08078069535513,78.91921930464487
vertical,from_west,203,front,2,loose_dominated,0.2,2.0,100.0,0.0,100.0,0.0,100.0
vertical,from_west,203,rear,2,loose_dominated,0.2,2.0,100.0,1.201705575232848,63.26703680280655,36.73296319719345,63.26703680280655
vertical,from_west,203,front,2,adhered_dominated,0.7,0.5,100.0,0.0,100.0,0.0,100.0
vertical,from_west,203,rear,2,adhered_dominated,0.7,0.5,100.0,1.201705575232848,95.1916607296656,4.8083392703344,95.1916607296656
vertical,from_west,203,front,2,adhered_dominated,0.7,1.0,100.0,0.0,100.0,0.0,100.0
vertical,from_west,203,rear,2,adhered_dominated,0.7,1.0,100.0,1.201705575232848,90.97833489009312,9.021665109906877,90.97833489009312
vertical,from_west,203,front,2,adhered_dominated,0.7,2.0,100.0,0.0,100.0,0.0,100.0
vertical,from_west,203,rear,2,adhered_dominated,0.7,2.0,100.0,1.201705575232848,84.01260507371691,15.987394926283088,84.01260507371691
vertical,from_west,203,front,5,loose_dominated,0.2,0.5,100.0,0.0,100.0,0.0,100.0
vertical,from_west,203,rear,5,loose_dominated,0.2,0.5,100.0,3.0042639380821203,74.56088751232814,25.439112487671864,74.56088751232814
vertical,from_west,203,front,5,loose_dominated,0.2,1.0,100.0,0.0,100.0,0.0,100.0
vertical,from_west,203,rear,5,loose_dominated,0.2,1.0,100.0,3.0042639380821203,57.01276949019659,42.98723050980341,57.01276949019659
vertical,from_west,203,front,5,loose_dominated,0.2,2.0,100.0,0.0,100.0,0.0,100.0
vertical,from_west,203,rear,5,loose_dominated,0.2,2.0,100.0,3.0042639380821203,36.36455460730053,63.63544539269947,36.36455460730053
vertical,from_west,203,front,5,adhered_dominated,0.7,0.5,100.0,0.0,100.0,0.0,100.0
vertical,from_west,203,rear,5,adhered_dominated,0.7,0.5,100.0,3.0042639380821203,89.06804067218114,10.93195932781886,89.06804067218114
vertical,from_west,203,front,5,adhered_dominated,0.7,1.0,100.0,0.0,100.0,0.0,100.0
vertical,from_west,203,rear,5,adhered_dominated,0.7,1.0,100.0,3.0042639380821203,81.12663223327152,18.873367766728478,81.12663223327152
vertical,from_west,203,front,5,adhered_dominated,0.7,2.0,100.0,0.0,100.0,0.0,100.0
vertical,from_west,203,rear,5,adhered_dominated,0.7,2.0,100.0,3.0042639380821203,70.75324481176952,29.24675518823048,70.75324481176952
vertical,from_west,203,front,10,loose_dominated,0.2,0.5,100.0,0.0,100.0,0.0,100.0
vertical,from_west,203,rear,10,loose_dominated,0.2,0.5,100.0,6.008527876164241,57.01276949019659,42.98723050980341,57.01276949019659
vertical,from_west,203,front,10,loose_dominated,0.2,1.0,100.0,0.0,100.0,0.0,100.0
vertical,from_west,203,rear,10,loose_dominated,0.2,1.0,100.0,6.008527876164241,36.36455460730053,63.63544539269947,36.36455460730053
vertical,from_west,203,front,10,loose_dominated,0.2,2.0,100.0,0.0,100.0,0.0,100.0
vertical,from_west,203,rear,10,loose_dominated,0.2,2.0,100.0,6.008527876164241,20.921490144729614,79.07850985527038,20.921490144729614
vertical,from_west,203,front,10,adhered_dominated,0.7,0.5,100.0,0.0,100.0,0.0,100.0
vertical,from_west,203,rear,10,adhered_dominated,0.7,0.5,100.0,6.008527876164241,81.12663223327152,18.873367766728478,81.12663223327152
vertical,from_west,203,front,10,adhered_dominated,0.7,1.0,100.0,0.0,100.0,0.0,100.0
vertical,from_west,203,rear,10,adhered_dominated,0.7,1.0,100.0,6.008527876164241,70.75324481176952,29.24675518823048,70.75324481176952
vertical,from_west,203,front,10,adhered_dominated,0.7,2.0,100.0,0.0,100.0,0.0,100.0
vertical,from_west,203,rear,10,adhered_dominated,0.7,2.0,100.0,6.008527876164241,60.0480905865866,39.9519094134134,60.0480905865866
vertical,from_west,203,front,20,loose_dominated,0.2,0.5,100.0,0.0,100.0,0.0,100.0
vertical,from_west,203,rear,20,loose_dominated,0.2,0.5,100.0,12.017055752328481,36.36455460730053,63.63544539269947,36.36455460730053
vertical,from_west,203,front,20,loose_dominated,0.2,1.0,100.0,0.0,100.0,0.0,100.0
vertical,from_west,203,rear,20,loose_dominated,0.2,1.0,100.0,12.017055752328481,20.921490144729614,79.07850985527038,20.921490144729614
vertical,from_west,203,front,20,loose_dominated,0.2,2.0,100.0,0.0,100.0,0.0,100.0
vertical,from_west,203,rear,20,loose_dominated,0.2,2.0,100.0,12.017055752328481,14.209879491821168,85.79012050817883,14.209879491821168
vertical,from_west,203,front,20,adhered_dominated,0.7,0.5,100.0,0.0,100.0,0.0,100.0
vertical,from_west,203,rear,20,adhered_dominated,0.7,0.5,100.0,12.017055752328481,70.75324481176952,29.24675518823048,70.75324481176952
vertical,from_west,203,front,20,adhered_dominated,0.7,1.0,100.0,0.0,100.0,0.0,100.0
vertical,from_west,203,rear,20,adhered_dominated,0.7,1.0,100.0,12.017055752328481,60.0480905865866,39.9519094134134,60.0480905865866
vertical,from_west,203,front,20,adhered_dominated,0.7,2.0,100.0,0.0,100.0,0.0,100.0
vertical,from_west,203,rear,20,adhered_dominated,0.7,2.0,100.0,12.017055752328481,48.94959398148552,51.05040601851448,48.94959398148552
vertical,from_west,203,front,40,loose_dominated,0.2,0.5,100.0,0.0,100.0,0.0,100.0
vertical,from_west,203,rear,40,loose_dominated,0.2,0.5,100.0,24.034111504656963,20.921490144729614,79.07850985527038,20.921490144729614
vertical,from_west,203,front,40,loose_dominated,0.2,1.0,100.0,0.0,100.0,0.0,100.0
vertical,from_west,203,rear,40,loose_dominated,0.2,1.0,100.0,24.034111504656963,14.209879491821168,85.79012050817883,14.209879491821168
vertical,from_west,203,front,40,loose_dominated,0.2,2.0,100.0,0.0,100.0,0.0,100.0
vertical,from_west,203,rear,40,loose_dominated,0.2,2.0,100.0,24.034111504656963,9.760723455557747,90.23927654444225,9.760723455557747
vertical,from_west,203,front,40,adhered_dominated,0.7,0.5,100.0,0.0,100.0,0.0,100.0
vertical,from_west,203,rear,40,adhered_dominated,0.7,0.5,100.0,24.034111504656963,60.0480905865866,39.9519094134134,60.0480905865866
vertical,from_west,203,front,40,adhered_dominated,0.7,1.0,100.0,0.0,100.0,0.0,100.0
vertical,from_west,203,rear,40,adhered_dominated,0.7,1.0,100.0,24.034111504656963,48.94959398148552,51.05040601851448,48.94959398148552
vertical,from_west,203,front,40,adhered_dominated,0.7,2.0,100.0,0.0,100.0,0.0,100.0
vertical,from_west,203,rear,40,adhered_dominated,0.7,2.0,100.0,24.034111504656963,34.15852556985522,65.84147443014479,34.15852556985522
vertical,from_north,201,front,0,loose_dominated,0.2,0.5,100.0,0.0,100.0,0.0,100.0
vertical,from_north,201,rear,0,loose_dominated,0.2,0.5,100.0,0.0,100.0,0.0,100.0
vertical,from_north,201,front,0,loose_dominated,0.2,1.0,100.0,0.0,100.0,0.0,100.0
vertical,from_north,201,rear,0,loose_dominated,0.2,1.0,100.0,0.0,100.0,0.0,100.0
vertical,from_north,201,front,0,loose_dominated,0.2,2.0,100.0,0.0,100.0,0.0,100.0
vertical,from_north,201,rear,0,loose_dominated,0.2,2.0,100.0,0.0,100.0,0.0,100.0
vertical,from_north,201,front,0,adhered_dominated,0.7,0.5,100.0,0.0,100.0,0.0,100.0
vertical,from_north,201,rear,0,adhered_dominated,0.7,0.5,100.0,0.0,100.0,0.0,100.0
vertical,from_north,201,front,0,adhered_dominated,0.7,1.0,100.0,0.0,100.0,0.0,100.0
vertical,from_north,201,rear,0,adhered_dominated,0.7,1.0,100.0,0.0,100.0,0.0,100.0
vertical,from_north,201,front,0,adhered_dominated,0.7,2.0,100.0,0.0,100.0,0.0,100.0
vertical,from_north,201,rear,0,adhered_dominated,0.7,2.0,100.0,0.0,100.0,0.0,100.0
vertical,from_north,201,front,0.5,loose_dominated,0.2,0.5,100.0,0.0,100.0,0.0,100.0
vertical,from_north,201,rear,0.5,loose_dominated,0.2,0.5,100.0,0.0,100.0,0.0,100.0
vertical,from_north,201,front,0.5,loose_dominated,0.2,1.0,100.0,0.0,100.0,0.0,100.0
vertical,from_north,201,rear,0.5,loose_dominated,0.2,1.0,100.0,0.0,100.0,0.0,100.0
vertical,from_north,201,front,0.5,loose_dominated,0.2,2.0,100.0,0.0,100.0,0.0,100.0
vertical,from_north,201,rear,0.5,loose_dominated,0.2,2.0,100.0,0.0,100.0,0.0,100.0
vertical,from_north,201,front,0.5,adhered_dominated,0.7,0.5,100.0,0.0,100.0,0.0,100.0
vertical,from_north,201,rear,0.5,adhered_dominated,0.7,0.5,100.0,0.0,100.0,0.0,100.0
vertical,from_north,201,front,0.5,adhered_dominated,0.7,1.0,100.0,0.0,100.0,0.0,100.0
vertical,from_north,201,rear,0.5,adhered_dominated,0.7,1.0,100.0,0.0,100.0,0.0,100.0
vertical,from_north,201,front,0.5,adhered_dominated,0.7,2.0,100.0,0.0,100.0,0.0,100.0
vertical,from_north,201,rear,0.5,adhered_dominated,0.7,2.0,100.0,0.0,100.0,0.0,100.0
vertical,from_north,201,front,2,loose_dominated,0.2,0.5,100.0,0.0,100.0,0.0,100.0
vertical,from_north,201,rear,2,loose_dominated,0.2,0.5,100.0,0.0,100.0,0.0,100.0
vertical,from_north,201,front,2,loose_dominated,0.2,1.0,100.0,0.0,100.0,0.0,100.0
vertical,from_north,201,rear,2,loose_dominated,0.2,1.0,100.0,0.0,100.0,0.0,100.0
vertical,from_north,201,front,2,loose_dominated,0.2,2.0,100.0,0.0,100.0,0.0,100.0
vertical,from_north,201,rear,2,loose_dominated,0.2,2.0,100.0,0.0,100.0,0.0,100.0
vertical,from_north,201,front,2,adhered_dominated,0.7,0.5,100.0,0.0,100.0,0.0,100.0
vertical,from_north,201,rear,2,adhered_dominated,0.7,0.5,100.0,0.0,100.0,0.0,100.0
vertical,from_north,201,front,2,adhered_dominated,0.7,1.0,100.0,0.0,100.0,0.0,100.0
vertical,from_north,201,rear,2,adhered_dominated,0.7,1.0,100.0,0.0,100.0,0.0,100.0
vertical,from_north,201,front,2,adhered_dominated,0.7,2.0,100.0,0.0,100.0,0.0,100.0
vertical,from_north,201,rear,2,adhered_dominated,0.7,2.0,100.0,0.0,100.0,0.0,100.0
vertical,from_north,201,front,5,loose_dominated,0.2,0.5,100.0,0.0,100.0,0.0,100.0
vertical,from_north,201,rear,5,loose_dominated,0.2,0.5,100.0,0.0,100.0,0.0,100.0
vertical,from_north,201,front,5,loose_dominated,0.2,1.0,100.0,0.0,100.0,0.0,100.0
vertical,from_north,201,rear,5,loose_dominated,0.2,1.0,100.0,0.0,100.0,0.0,100.0
vertical,from_north,201,front,5,loose_dominated,0.2,2.0,100.0,0.0,100.0,0.0,100.0
vertical,from_north,201,rear,5,loose_dominated,0.2,2.0,100.0,0.0,100.0,0.0,100.0
vertical,from_north,201,front,5,adhered_dominated,0.7,0.5,100.0,0.0,100.0,0.0,100.0
vertical,from_north,201,rear,5,adhered_dominated,0.7,0.5,100.0,0.0,100.0,0.0,100.0
vertical,from_north,201,front,5,adhered_dominated,0.7,1.0,100.0,0.0,100.0,0.0,100.0
vertical,from_north,201,rear,5,adhered_dominated,0.7,1.0,100.0,0.0,100.0,0.0,100.0
vertical,from_north,201,front,5,adhered_dominated,0.7,2.0,100.0,0.0,100.0,0.0,100.0
vertical,from_north,201,rear,5,adhered_dominated,0.7,2.0,100.0,0.0,100.0,0.0,100.0
vertical,from_north,201,front,10,loose_dominated,0.2,0.5,100.0,0.0,100.0,0.0,100.0
vertical,from_north,201,rear,10,loose_dominated,0.2,0.5,100.0,0.0,100.0,0.0,100.0
vertical,from_north,201,front,10,loose_dominated,0.2,1.0,100.0,0.0,100.0,0.0,100.0
vertical,from_north,201,rear,10,loose_dominated,0.2,1.0,100.0,0.0,100.0,0.0,100.0
vertical,from_north,201,front,10,loose_dominated,0.2,2.0,100.0,0.0,100.0,0.0,100.0
vertical,from_north,201,rear,10,loose_dominated,0.2,2.0,100.0,0.0,100.0,0.0,100.0
vertical,from_north,201,front,10,adhered_dominated,0.7,0.5,100.0,0.0,100.0,0.0,100.0
vertical,from_north,201,rear,10,adhered_dominated,0.7,0.5,100.0,0.0,100.0,0.0,100.0
vertical,from_north,201,front,10,adhered_dominated,0.7,1.0,100.0,0.0,100.0,0.0,100.0
vertical,from_north,201,rear,10,adhered_dominated,0.7,1.0,100.0,0.0,100.0,0.0,100.0
vertical,from_north,201,front,10,adhered_dominated,0.7,2.0,100.0,0.0,100.0,0.0,100.0
vertical,from_north,201,rear,10,adhered_dominated,0.7,2.0,100.0,0.0,100.0,0.0,100.0
vertical,from_north,201,front,20,loose_dominated,0.2,0.5,100.0,0.0,100.0,0.0,100.0
vertical,from_north,201,rear,20,loose_dominated,0.2,0.5,100.0,0.0,100.0,0.0,100.0
vertical,from_north,201,front,20,loose_dominated,0.2,1.0,100.0,0.0,100.0,0.0,100.0
vertical,from_north,201,rear,20,loose_dominated,0.2,1.0,100.0,0.0,100.0,0.0,100.0
vertical,from_north,201,front,20,loose_dominated,0.2,2.0,100.0,0.0,100.0,0.0,100.0
vertical,from_north,201,rear,20,loose_dominated,0.2,2.0,100.0,0.0,100.0,0.0,100.0
vertical,from_north,201,front,20,adhered_dominated,0.7,0.5,100.0,0.0,100.0,0.0,100.0
vertical,from_north,201,rear,20,adhered_dominated,0.7,0.5,100.0,0.0,100.0,0.0,100.0
vertical,from_north,201,front,20,adhered_dominated,0.7,1.0,100.0,0.0,100.0,0.0,100.0
vertical,from_north,201,rear,20,adhered_dominated,0.7,1.0,100.0,0.0,100.0,0.0,100.0
vertical,from_north,201,front,20,adhered_dominated,0.7,2.0,100.0,0.0,100.0,0.0,100.0
vertical,from_north,201,rear,20,adhered_dominated,0.7,2.0,100.0,0.0,100.0,0.0,100.0
vertical,from_north,201,front,40,loose_dominated,0.2,0.5,100.0,0.0,100.0,0.0,100.0
vertical,from_north,201,rear,40,loose_dominated,0.2,0.5,100.0,0.0,100.0,0.0,100.0
vertical,from_north,201,front,40,loose_dominated,0.2,1.0,100.0,0.0,100.0,0.0,100.0
vertical,from_north,201,rear,40,loose_dominated,0.2,1.0,100.0,0.0,100.0,0.0,100.0
vertical,from_north,201,front,40,loose_dominated,0.2,2.0,100.0,0.0,100.0,0.0,100.0
vertical,from_north,201,rear,40,loose_dominated,0.2,2.0,100.0,0.0,100.0,0.0,100.0
vertical,from_north,201,front,40,adhered_dominated,0.7,0.5,100.0,0.0,100.0,0.0,100.0
vertical,from_north,201,rear,40,adhered_dominated,0.7,0.5,100.0,0.0,100.0,0.0,100.0
vertical,from_north,201,front,40,adhered_dominated,0.7,1.0,100.0,0.0,100.0,0.0,100.0
vertical,from_north,201,rear,40,adhered_dominated,0.7,1.0,100.0,0.0,100.0,0.0,100.0
vertical,from_north,201,front,40,adhered_dominated,0.7,2.0,100.0,0.0,100.0,0.0,100.0
vertical,from_north,201,rear,40,adhered_dominated,0.7,2.0,100.0,0.0,100.0,0.0,100.0
vertical,from_north,202,front,0,loose_dominated,0.2,0.5,100.0,0.0,100.0,0.0,100.0
vertical,from_north,202,rear,0,loose_dominated,0.2,0.5,100.0,0.0,100.0,0.0,100.0
vertical,from_north,202,front,0,loose_dominated,0.2,1.0,100.0,0.0,100.0,0.0,100.0
vertical,from_north,202,rear,0,loose_dominated,0.2,1.0,100.0,0.0,100.0,0.0,100.0
vertical,from_north,202,front,0,loose_dominated,0.2,2.0,100.0,0.0,100.0,0.0,100.0
vertical,from_north,202,rear,0,loose_dominated,0.2,2.0,100.0,0.0,100.0,0.0,100.0
vertical,from_north,202,front,0,adhered_dominated,0.7,0.5,100.0,0.0,100.0,0.0,100.0
vertical,from_north,202,rear,0,adhered_dominated,0.7,0.5,100.0,0.0,100.0,0.0,100.0
vertical,from_north,202,front,0,adhered_dominated,0.7,1.0,100.0,0.0,100.0,0.0,100.0
vertical,from_north,202,rear,0,adhered_dominated,0.7,1.0,100.0,0.0,100.0,0.0,100.0
vertical,from_north,202,front,0,adhered_dominated,0.7,2.0,100.0,0.0,100.0,0.0,100.0
vertical,from_north,202,rear,0,adhered_dominated,0.7,2.0,100.0,0.0,100.0,0.0,100.0
vertical,from_north,202,front,0.5,loose_dominated,0.2,0.5,100.0,0.0,100.0,0.0,100.0
vertical,from_north,202,rear,0.5,loose_dominated,0.2,0.5,100.0,0.0,100.0,0.0,100.0
vertical,from_north,202,front,0.5,loose_dominated,0.2,1.0,100.0,0.0,100.0,0.0,100.0
vertical,from_north,202,rear,0.5,loose_dominated,0.2,1.0,100.0,0.0,100.0,0.0,100.0
vertical,from_north,202,front,0.5,loose_dominated,0.2,2.0,100.0,0.0,100.0,0.0,100.0
vertical,from_north,202,rear,0.5,loose_dominated,0.2,2.0,100.0,0.0,100.0,0.0,100.0
vertical,from_north,202,front,0.5,adhered_dominated,0.7,0.5,100.0,0.0,100.0,0.0,100.0
vertical,from_north,202,rear,0.5,adhered_dominated,0.7,0.5,100.0,0.0,100.0,0.0,100.0
vertical,from_north,202,front,0.5,adhered_dominated,0.7,1.0,100.0,0.0,100.0,0.0,100.0
vertical,from_north,202,rear,0.5,adhered_dominated,0.7,1.0,100.0,0.0,100.0,0.0,100.0
vertical,from_north,202,front,0.5,adhered_dominated,0.7,2.0,100.0,0.0,100.0,0.0,100.0
vertical,from_north,202,rear,0.5,adhered_dominated,0.7,2.0,100.0,0.0,100.0,0.0,100.0
vertical,from_north,202,front,2,loose_dominated,0.2,0.5,100.0,0.0,100.0,0.0,100.0
vertical,from_north,202,rear,2,loose_dominated,0.2,0.5,100.0,0.0,100.0,0.0,100.0
vertical,from_north,202,front,2,loose_dominated,0.2,1.0,100.0,0.0,100.0,0.0,100.0
vertical,from_north,202,rear,2,loose_dominated,0.2,1.0,100.0,0.0,100.0,0.0,100.0
vertical,from_north,202,front,2,loose_dominated,0.2,2.0,100.0,0.0,100.0,0.0,100.0
vertical,from_north,202,rear,2,loose_dominated,0.2,2.0,100.0,0.0,100.0,0.0,100.0
vertical,from_north,202,front,2,adhered_dominated,0.7,0.5,100.0,0.0,100.0,0.0,100.0
vertical,from_north,202,rear,2,adhered_dominated,0.7,0.5,100.0,0.0,100.0,0.0,100.0
vertical,from_north,202,front,2,adhered_dominated,0.7,1.0,100.0,0.0,100.0,0.0,100.0
vertical,from_north,202,rear,2,adhered_dominated,0.7,1.0,100.0,0.0,100.0,0.0,100.0
vertical,from_north,202,front,2,adhered_dominated,0.7,2.0,100.0,0.0,100.0,0.0,100.0
vertical,from_north,202,rear,2,adhered_dominated,0.7,2.0,100.0,0.0,100.0,0.0,100.0
vertical,from_north,202,front,5,loose_dominated,0.2,0.5,100.0,0.0,100.0,0.0,100.0
vertical,from_north,202,rear,5,loose_dominated,0.2,0.5,100.0,0.0,100.0,0.0,100.0
vertical,from_north,202,front,5,loose_dominated,0.2,1.0,100.0,0.0,100.0,0.0,100.0
vertical,from_north,202,rear,5,loose_dominated,0.2,1.0,100.0,0.0,100.0,0.0,100.0
vertical,from_north,202,front,5,loose_dominated,0.2,2.0,100.0,0.0,100.0,0.0,100.0
vertical,from_north,202,rear,5,loose_dominated,0.2,2.0,100.0,0.0,100.0,0.0,100.0
vertical,from_north,202,front,5,adhered_dominated,0.7,0.5,100.0,0.0,100.0,0.0,100.0
vertical,from_north,202,rear,5,adhered_dominated,0.7,0.5,100.0,0.0,100.0,0.0,100.0
vertical,from_north,202,front,5,adhered_dominated,0.7,1.0,100.0,0.0,100.0,0.0,100.0
vertical,from_north,202,rear,5,adhered_dominated,0.7,1.0,100.0,0.0,100.0,0.0,100.0
vertical,from_north,202,front,5,adhered_dominated,0.7,2.0,100.0,0.0,100.0,0.0,100.0
vertical,from_north,202,rear,5,adhered_dominated,0.7,2.0,100.0,0.0,100.0,0.0,100.0
vertical,from_north,202,front,10,loose_dominated,0.2,0.5,100.0,0.0,100.0,0.0,100.0
vertical,from_north,202,rear,10,loose_dominated,0.2,0.5,100.0,0.0,100.0,0.0,100.0
vertical,from_north,202,front,10,loose_dominated,0.2,1.0,100.0,0.0,100.0,0.0,100.0
vertical,from_north,202,rear,10,loose_dominated,0.2,1.0,100.0,0.0,100.0,0.0,100.0
vertical,from_north,202,front,10,loose_dominated,0.2,2.0,100.0,0.0,100.0,0.0,100.0
vertical,from_north,202,rear,10,loose_dominated,0.2,2.0,100.0,0.0,100.0,0.0,100.0
vertical,from_north,202,front,10,adhered_dominated,0.7,0.5,100.0,0.0,100.0,0.0,100.0
vertical,from_north,202,rear,10,adhered_dominated,0.7,0.5,100.0,0.0,100.0,0.0,100.0
vertical,from_north,202,front,10,adhered_dominated,0.7,1.0,100.0,0.0,100.0,0.0,100.0
vertical,from_north,202,rear,10,adhered_dominated,0.7,1.0,100.0,0.0,100.0,0.0,100.0
vertical,from_north,202,front,10,adhered_dominated,0.7,2.0,100.0,0.0,100.0,0.0,100.0
vertical,from_north,202,rear,10,adhered_dominated,0.7,2.0,100.0,0.0,100.0,0.0,100.0
vertical,from_north,202,front,20,loose_dominated,0.2,0.5,100.0,0.0,100.0,0.0,100.0
vertical,from_north,202,rear,20,loose_dominated,0.2,0.5,100.0,0.0,100.0,0.0,100.0
vertical,from_north,202,front,20,loose_dominated,0.2,1.0,100.0,0.0,100.0,0.0,100.0
vertical,from_north,202,rear,20,loose_dominated,0.2,1.0,100.0,0.0,100.0,0.0,100.0
vertical,from_north,202,front,20,loose_dominated,0.2,2.0,100.0,0.0,100.0,0.0,100.0
vertical,from_north,202,rear,20,loose_dominated,0.2,2.0,100.0,0.0,100.0,0.0,100.0
vertical,from_north,202,front,20,adhered_dominated,0.7,0.5,100.0,0.0,100.0,0.0,100.0
vertical,from_north,202,rear,20,adhered_dominated,0.7,0.5,100.0,0.0,100.0,0.0,100.0
vertical,from_north,202,front,20,adhered_dominated,0.7,1.0,100.0,0.0,100.0,0.0,100.0
vertical,from_north,202,rear,20,adhered_dominated,0.7,1.0,100.0,0.0,100.0,0.0,100.0
vertical,from_north,202,front,20,adhered_dominated,0.7,2.0,100.0,0.0,100.0,0.0,100.0
vertical,from_north,202,rear,20,adhered_dominated,0.7,2.0,100.0,0.0,100.0,0.0,100.0
vertical,from_north,202,front,40,loose_dominated,0.2,0.5,100.0,0.0,100.0,0.0,100.0
vertical,from_north,202,rear,40,loose_dominated,0.2,0.5,100.0,0.0,100.0,0.0,100.0
vertical,from_north,202,front,40,loose_dominated,0.2,1.0,100.0,0.0,100.0,0.0,100.0
vertical,from_north,202,rear,40,loose_dominated,0.2,1.0,100.0,0.0,100.0,0.0,100.0
vertical,from_north,202,front,40,loose_dominated,0.2,2.0,100.0,0.0,100.0,0.0,100.0
vertical,from_north,202,rear,40,loose_dominated,0.2,2.0,100.0,0.0,100.0,0.0,100.0
vertical,from_north,202,front,40,adhered_dominated,0.7,0.5,100.0,0.0,100.0,0.0,100.0
vertical,from_north,202,rear,40,adhered_dominated,0.7,0.5,100.0,0.0,100.0,0.0,100.0
vertical,from_north,202,front,40,adhered_dominated,0.7,1.0,100.0,0.0,100.0,0.0,100.0
vertical,from_north,202,rear,40,adhered_dominated,0.7,1.0,100.0,0.0,100.0,0.0,100.0
vertical,from_north,202,front,40,adhered_dominated,0.7,2.0,100.0,0.0,100.0,0.0,100.0
vertical,from_north,202,rear,40,adhered_dominated,0.7,2.0,100.0,0.0,100.0,0.0,100.0
vertical,from_north,203,front,0,loose_dominated,0.2,0.5,100.0,0.0,100.0,0.0,100.0
vertical,from_north,203,rear,0,loose_dominated,0.2,0.5,100.0,0.0,100.0,0.0,100.0
vertical,from_north,203,front,0,loose_dominated,0.2,1.0,100.0,0.0,100.0,0.0,100.0
vertical,from_north,203,rear,0,loose_dominated,0.2,1.0,100.0,0.0,100.0,0.0,100.0
vertical,from_north,203,front,0,loose_dominated,0.2,2.0,100.0,0.0,100.0,0.0,100.0
vertical,from_north,203,rear,0,loose_dominated,0.2,2.0,100.0,0.0,100.0,0.0,100.0
vertical,from_north,203,front,0,adhered_dominated,0.7,0.5,100.0,0.0,100.0,0.0,100.0
vertical,from_north,203,rear,0,adhered_dominated,0.7,0.5,100.0,0.0,100.0,0.0,100.0
vertical,from_north,203,front,0,adhered_dominated,0.7,1.0,100.0,0.0,100.0,0.0,100.0
vertical,from_north,203,rear,0,adhered_dominated,0.7,1.0,100.0,0.0,100.0,0.0,100.0
vertical,from_north,203,front,0,adhered_dominated,0.7,2.0,100.0,0.0,100.0,0.0,100.0
vertical,from_north,203,rear,0,adhered_dominated,0.7,2.0,100.0,0.0,100.0,0.0,100.0
vertical,from_north,203,front,0.5,loose_dominated,0.2,0.5,100.0,0.0,100.0,0.0,100.0
vertical,from_north,203,rear,0.5,loose_dominated,0.2,0.5,100.0,0.0,100.0,0.0,100.0
vertical,from_north,203,front,0.5,loose_dominated,0.2,1.0,100.0,0.0,100.0,0.0,100.0
vertical,from_north,203,rear,0.5,loose_dominated,0.2,1.0,100.0,0.0,100.0,0.0,100.0
vertical,from_north,203,front,0.5,loose_dominated,0.2,2.0,100.0,0.0,100.0,0.0,100.0
vertical,from_north,203,rear,0.5,loose_dominated,0.2,2.0,100.0,0.0,100.0,0.0,100.0
vertical,from_north,203,front,0.5,adhered_dominated,0.7,0.5,100.0,0.0,100.0,0.0,100.0
vertical,from_north,203,rear,0.5,adhered_dominated,0.7,0.5,100.0,0.0,100.0,0.0,100.0
vertical,from_north,203,front,0.5,adhered_dominated,0.7,1.0,100.0,0.0,100.0,0.0,100.0
vertical,from_north,203,rear,0.5,adhered_dominated,0.7,1.0,100.0,0.0,100.0,0.0,100.0
vertical,from_north,203,front,0.5,adhered_dominated,0.7,2.0,100.0,0.0,100.0,0.0,100.0
vertical,from_north,203,rear,0.5,adhered_dominated,0.7,2.0,100.0,0.0,100.0,0.0,100.0
vertical,from_north,203,front,2,loose_dominated,0.2,0.5,100.0,0.0,100.0,0.0,100.0
vertical,from_north,203,rear,2,loose_dominated,0.2,0.5,100.0,0.0,100.0,0.0,100.0
vertical,from_north,203,front,2,loose_dominated,0.2,1.0,100.0,0.0,100.0,0.0,100.0
vertical,from_north,203,rear,2,loose_dominated,0.2,1.0,100.0,0.0,100.0,0.0,100.0
vertical,from_north,203,front,2,loose_dominated,0.2,2.0,100.0,0.0,100.0,0.0,100.0
vertical,from_north,203,rear,2,loose_dominated,0.2,2.0,100.0,0.0,100.0,0.0,100.0
vertical,from_north,203,front,2,adhered_dominated,0.7,0.5,100.0,0.0,100.0,0.0,100.0
vertical,from_north,203,rear,2,adhered_dominated,0.7,0.5,100.0,0.0,100.0,0.0,100.0
vertical,from_north,203,front,2,adhered_dominated,0.7,1.0,100.0,0.0,100.0,0.0,100.0
vertical,from_north,203,rear,2,adhered_dominated,0.7,1.0,100.0,0.0,100.0,0.0,100.0
vertical,from_north,203,front,2,adhered_dominated,0.7,2.0,100.0,0.0,100.0,0.0,100.0
vertical,from_north,203,rear,2,adhered_dominated,0.7,2.0,100.0,0.0,100.0,0.0,100.0
vertical,from_north,203,front,5,loose_dominated,0.2,0.5,100.0,0.0,100.0,0.0,100.0
vertical,from_north,203,rear,5,loose_dominated,0.2,0.5,100.0,0.0,100.0,0.0,100.0
vertical,from_north,203,front,5,loose_dominated,0.2,1.0,100.0,0.0,100.0,0.0,100.0
vertical,from_north,203,rear,5,loose_dominated,0.2,1.0,100.0,0.0,100.0,0.0,100.0
vertical,from_north,203,front,5,loose_dominated,0.2,2.0,100.0,0.0,100.0,0.0,100.0
vertical,from_north,203,rear,5,loose_dominated,0.2,2.0,100.0,0.0,100.0,0.0,100.0
vertical,from_north,203,front,5,adhered_dominated,0.7,0.5,100.0,0.0,100.0,0.0,100.0
vertical,from_north,203,rear,5,adhered_dominated,0.7,0.5,100.0,0.0,100.0,0.0,100.0
vertical,from_north,203,front,5,adhered_dominated,0.7,1.0,100.0,0.0,100.0,0.0,100.0
vertical,from_north,203,rear,5,adhered_dominated,0.7,1.0,100.0,0.0,100.0,0.0,100.0
vertical,from_north,203,front,5,adhered_dominated,0.7,2.0,100.0,0.0,100.0,0.0,100.0
vertical,from_north,203,rear,5,adhered_dominated,0.7,2.0,100.0,0.0,100.0,0.0,100.0
vertical,from_north,203,front,10,loose_dominated,0.2,0.5,100.0,0.0,100.0,0.0,100.0
vertical,from_north,203,rear,10,loose_dominated,0.2,0.5,100.0,0.0,100.0,0.0,100.0
vertical,from_north,203,front,10,loose_dominated,0.2,1.0,100.0,0.0,100.0,0.0,100.0
vertical,from_north,203,rear,10,loose_dominated,0.2,1.0,100.0,0.0,100.0,0.0,100.0
vertical,from_north,203,front,10,loose_dominated,0.2,2.0,100.0,0.0,100.0,0.0,100.0
vertical,from_north,203,rear,10,loose_dominated,0.2,2.0,100.0,0.0,100.0,0.0,100.0
vertical,from_north,203,front,10,adhered_dominated,0.7,0.5,100.0,0.0,100.0,0.0,100.0
vertical,from_north,203,rear,10,adhered_dominated,0.7,0.5,100.0,0.0,100.0,0.0,100.0
vertical,from_north,203,front,10,adhered_dominated,0.7,1.0,100.0,0.0,100.0,0.0,100.0
vertical,from_north,203,rear,10,adhered_dominated,0.7,1.0,100.0,0.0,100.0,0.0,100.0
vertical,from_north,203,front,10,adhered_dominated,0.7,2.0,100.0,0.0,100.0,0.0,100.0
vertical,from_north,203,rear,10,adhered_dominated,0.7,2.0,100.0,0.0,100.0,0.0,100.0
vertical,from_north,203,front,20,loose_dominated,0.2,0.5,100.0,0.0,100.0,0.0,100.0
vertical,from_north,203,rear,20,loose_dominated,0.2,0.5,100.0,0.0,100.0,0.0,100.0
vertical,from_north,203,front,20,loose_dominated,0.2,1.0,100.0,0.0,100.0,0.0,100.0
vertical,from_north,203,rear,20,loose_dominated,0.2,1.0,100.0,0.0,100.0,0.0,100.0
vertical,from_north,203,front,20,loose_dominated,0.2,2.0,100.0,0.0,100.0,0.0,100.0
vertical,from_north,203,rear,20,loose_dominated,0.2,2.0,100.0,0.0,100.0,0.0,100.0
vertical,from_north,203,front,20,adhered_dominated,0.7,0.5,100.0,0.0,100.0,0.0,100.0
vertical,from_north,203,rear,20,adhered_dominated,0.7,0.5,100.0,0.0,100.0,0.0,100.0
vertical,from_north,203,front,20,adhered_dominated,0.7,1.0,100.0,0.0,100.0,0.0,100.0
vertical,from_north,203,rear,20,adhered_dominated,0.7,1.0,100.0,0.0,100.0,0.0,100.0
vertical,from_north,203,front,20,adhered_dominated,0.7,2.0,100.0,0.0,100.0,0.0,100.0
vertical,from_north,203,rear,20,adhered_dominated,0.7,2.0,100.0,0.0,100.0,0.0,100.0
vertical,from_north,203,front,40,loose_dominated,0.2,0.5,100.0,0.0,100.0,0.0,100.0
vertical,from_north,203,rear,40,loose_dominated,0.2,0.5,100.0,0.0,100.0,0.0,100.0
vertical,from_north,203,front,40,loose_dominated,0.2,1.0,100.0,0.0,100.0,0.0,100.0
vertical,from_north,203,rear,40,loose_dominated,0.2,1.0,100.0,0.0,100.0,0.0,100.0
vertical,from_north,203,front,40,loose_dominated,0.2,2.0,100.0,0.0,100.0,0.0,100.0
vertical,from_north,203,rear,40,loose_dominated,0.2,2.0,100.0,0.0,100.0,0.0,100.0
vertical,from_north,203,front,40,adhered_dominated,0.7,0.5,100.0,0.0,100.0,0.0,100.0
vertical,from_north,203,rear,40,adhered_dominated,0.7,0.5,100.0,0.0,100.0,0.0,100.0
vertical,from_north,203,front,40,adhered_dominated,0.7,1.0,100.0,0.0,100.0,0.0,100.0
vertical,from_north,203,rear,40,adhered_dominated,0.7,1.0,100.0,0.0,100.0,0.0,100.0
vertical,from_north,203,front,40,adhered_dominated,0.7,2.0,100.0,0.0,100.0,0.0,100.0
vertical,from_north,203,rear,40,adhered_dominated,0.7,2.0,100.0,0.0,100.0,0.0,100.0
vertical,from_south,201,front,0,loose_dominated,0.2,0.5,100.0,0.0,100.0,0.0,100.0
vertical,from_south,201,rear,0,loose_dominated,0.2,0.5,100.0,0.0,100.0,0.0,100.0
vertical,from_south,201,front,0,loose_dominated,0.2,1.0,100.0,0.0,100.0,0.0,100.0
vertical,from_south,201,rear,0,loose_dominated,0.2,1.0,100.0,0.0,100.0,0.0,100.0
vertical,from_south,201,front,0,loose_dominated,0.2,2.0,100.0,0.0,100.0,0.0,100.0
vertical,from_south,201,rear,0,loose_dominated,0.2,2.0,100.0,0.0,100.0,0.0,100.0
vertical,from_south,201,front,0,adhered_dominated,0.7,0.5,100.0,0.0,100.0,0.0,100.0
vertical,from_south,201,rear,0,adhered_dominated,0.7,0.5,100.0,0.0,100.0,0.0,100.0
vertical,from_south,201,front,0,adhered_dominated,0.7,1.0,100.0,0.0,100.0,0.0,100.0
vertical,from_south,201,rear,0,adhered_dominated,0.7,1.0,100.0,0.0,100.0,0.0,100.0
vertical,from_south,201,front,0,adhered_dominated,0.7,2.0,100.0,0.0,100.0,0.0,100.0
vertical,from_south,201,rear,0,adhered_dominated,0.7,2.0,100.0,0.0,100.0,0.0,100.0
vertical,from_south,201,front,0.5,loose_dominated,0.2,0.5,100.0,0.0,100.0,0.0,100.0
vertical,from_south,201,rear,0.5,loose_dominated,0.2,0.5,100.0,0.0,100.0,0.0,100.0
vertical,from_south,201,front,0.5,loose_dominated,0.2,1.0,100.0,0.0,100.0,0.0,100.0
vertical,from_south,201,rear,0.5,loose_dominated,0.2,1.0,100.0,0.0,100.0,0.0,100.0
vertical,from_south,201,front,0.5,loose_dominated,0.2,2.0,100.0,0.0,100.0,0.0,100.0
vertical,from_south,201,rear,0.5,loose_dominated,0.2,2.0,100.0,0.0,100.0,0.0,100.0
vertical,from_south,201,front,0.5,adhered_dominated,0.7,0.5,100.0,0.0,100.0,0.0,100.0
vertical,from_south,201,rear,0.5,adhered_dominated,0.7,0.5,100.0,0.0,100.0,0.0,100.0
vertical,from_south,201,front,0.5,adhered_dominated,0.7,1.0,100.0,0.0,100.0,0.0,100.0
vertical,from_south,201,rear,0.5,adhered_dominated,0.7,1.0,100.0,0.0,100.0,0.0,100.0
vertical,from_south,201,front,0.5,adhered_dominated,0.7,2.0,100.0,0.0,100.0,0.0,100.0
vertical,from_south,201,rear,0.5,adhered_dominated,0.7,2.0,100.0,0.0,100.0,0.0,100.0
vertical,from_south,201,front,2,loose_dominated,0.2,0.5,100.0,0.0,100.0,0.0,100.0
vertical,from_south,201,rear,2,loose_dominated,0.2,0.5,100.0,0.0,100.0,0.0,100.0
vertical,from_south,201,front,2,loose_dominated,0.2,1.0,100.0,0.0,100.0,0.0,100.0
vertical,from_south,201,rear,2,loose_dominated,0.2,1.0,100.0,0.0,100.0,0.0,100.0
vertical,from_south,201,front,2,loose_dominated,0.2,2.0,100.0,0.0,100.0,0.0,100.0
vertical,from_south,201,rear,2,loose_dominated,0.2,2.0,100.0,0.0,100.0,0.0,100.0
vertical,from_south,201,front,2,adhered_dominated,0.7,0.5,100.0,0.0,100.0,0.0,100.0
vertical,from_south,201,rear,2,adhered_dominated,0.7,0.5,100.0,0.0,100.0,0.0,100.0
vertical,from_south,201,front,2,adhered_dominated,0.7,1.0,100.0,0.0,100.0,0.0,100.0
vertical,from_south,201,rear,2,adhered_dominated,0.7,1.0,100.0,0.0,100.0,0.0,100.0
vertical,from_south,201,front,2,adhered_dominated,0.7,2.0,100.0,0.0,100.0,0.0,100.0
vertical,from_south,201,rear,2,adhered_dominated,0.7,2.0,100.0,0.0,100.0,0.0,100.0
vertical,from_south,201,front,5,loose_dominated,0.2,0.5,100.0,0.0,100.0,0.0,100.0
vertical,from_south,201,rear,5,loose_dominated,0.2,0.5,100.0,0.0,100.0,0.0,100.0
vertical,from_south,201,front,5,loose_dominated,0.2,1.0,100.0,0.0,100.0,0.0,100.0
vertical,from_south,201,rear,5,loose_dominated,0.2,1.0,100.0,0.0,100.0,0.0,100.0
vertical,from_south,201,front,5,loose_dominated,0.2,2.0,100.0,0.0,100.0,0.0,100.0
vertical,from_south,201,rear,5,loose_dominated,0.2,2.0,100.0,0.0,100.0,0.0,100.0
vertical,from_south,201,front,5,adhered_dominated,0.7,0.5,100.0,0.0,100.0,0.0,100.0
vertical,from_south,201,rear,5,adhered_dominated,0.7,0.5,100.0,0.0,100.0,0.0,100.0
vertical,from_south,201,front,5,adhered_dominated,0.7,1.0,100.0,0.0,100.0,0.0,100.0
vertical,from_south,201,rear,5,adhered_dominated,0.7,1.0,100.0,0.0,100.0,0.0,100.0
vertical,from_south,201,front,5,adhered_dominated,0.7,2.0,100.0,0.0,100.0,0.0,100.0
vertical,from_south,201,rear,5,adhered_dominated,0.7,2.0,100.0,0.0,100.0,0.0,100.0
vertical,from_south,201,front,10,loose_dominated,0.2,0.5,100.0,0.0,100.0,0.0,100.0
vertical,from_south,201,rear,10,loose_dominated,0.2,0.5,100.0,0.0,100.0,0.0,100.0
vertical,from_south,201,front,10,loose_dominated,0.2,1.0,100.0,0.0,100.0,0.0,100.0
vertical,from_south,201,rear,10,loose_dominated,0.2,1.0,100.0,0.0,100.0,0.0,100.0
vertical,from_south,201,front,10,loose_dominated,0.2,2.0,100.0,0.0,100.0,0.0,100.0
vertical,from_south,201,rear,10,loose_dominated,0.2,2.0,100.0,0.0,100.0,0.0,100.0
vertical,from_south,201,front,10,adhered_dominated,0.7,0.5,100.0,0.0,100.0,0.0,100.0
vertical,from_south,201,rear,10,adhered_dominated,0.7,0.5,100.0,0.0,100.0,0.0,100.0
vertical,from_south,201,front,10,adhered_dominated,0.7,1.0,100.0,0.0,100.0,0.0,100.0
vertical,from_south,201,rear,10,adhered_dominated,0.7,1.0,100.0,0.0,100.0,0.0,100.0
vertical,from_south,201,front,10,adhered_dominated,0.7,2.0,100.0,0.0,100.0,0.0,100.0
vertical,from_south,201,rear,10,adhered_dominated,0.7,2.0,100.0,0.0,100.0,0.0,100.0
vertical,from_south,201,front,20,loose_dominated,0.2,0.5,100.0,0.0,100.0,0.0,100.0
vertical,from_south,201,rear,20,loose_dominated,0.2,0.5,100.0,0.0,100.0,0.0,100.0
vertical,from_south,201,front,20,loose_dominated,0.2,1.0,100.0,0.0,100.0,0.0,100.0
vertical,from_south,201,rear,20,loose_dominated,0.2,1.0,100.0,0.0,100.0,0.0,100.0
vertical,from_south,201,front,20,loose_dominated,0.2,2.0,100.0,0.0,100.0,0.0,100.0
vertical,from_south,201,rear,20,loose_dominated,0.2,2.0,100.0,0.0,100.0,0.0,100.0
vertical,from_south,201,front,20,adhered_dominated,0.7,0.5,100.0,0.0,100.0,0.0,100.0
vertical,from_south,201,rear,20,adhered_dominated,0.7,0.5,100.0,0.0,100.0,0.0,100.0
vertical,from_south,201,front,20,adhered_dominated,0.7,1.0,100.0,0.0,100.0,0.0,100.0
vertical,from_south,201,rear,20,adhered_dominated,0.7,1.0,100.0,0.0,100.0,0.0,100.0
vertical,from_south,201,front,20,adhered_dominated,0.7,2.0,100.0,0.0,100.0,0.0,100.0
vertical,from_south,201,rear,20,adhered_dominated,0.7,2.0,100.0,0.0,100.0,0.0,100.0
vertical,from_south,201,front,40,loose_dominated,0.2,0.5,100.0,0.0,100.0,0.0,100.0
vertical,from_south,201,rear,40,loose_dominated,0.2,0.5,100.0,0.0,100.0,0.0,100.0
vertical,from_south,201,front,40,loose_dominated,0.2,1.0,100.0,0.0,100.0,0.0,100.0
vertical,from_south,201,rear,40,loose_dominated,0.2,1.0,100.0,0.0,100.0,0.0,100.0
vertical,from_south,201,front,40,loose_dominated,0.2,2.0,100.0,0.0,100.0,0.0,100.0
vertical,from_south,201,rear,40,loose_dominated,0.2,2.0,100.0,0.0,100.0,0.0,100.0
vertical,from_south,201,front,40,adhered_dominated,0.7,0.5,100.0,0.0,100.0,0.0,100.0
vertical,from_south,201,rear,40,adhered_dominated,0.7,0.5,100.0,0.0,100.0,0.0,100.0
vertical,from_south,201,front,40,adhered_dominated,0.7,1.0,100.0,0.0,100.0,0.0,100.0
vertical,from_south,201,rear,40,adhered_dominated,0.7,1.0,100.0,0.0,100.0,0.0,100.0
vertical,from_south,201,front,40,adhered_dominated,0.7,2.0,100.0,0.0,100.0,0.0,100.0
vertical,from_south,201,rear,40,adhered_dominated,0.7,2.0,100.0,0.0,100.0,0.0,100.0
vertical,from_south,202,front,0,loose_dominated,0.2,0.5,100.0,0.0,100.0,0.0,100.0
vertical,from_south,202,rear,0,loose_dominated,0.2,0.5,100.0,0.0,100.0,0.0,100.0
vertical,from_south,202,front,0,loose_dominated,0.2,1.0,100.0,0.0,100.0,0.0,100.0
vertical,from_south,202,rear,0,loose_dominated,0.2,1.0,100.0,0.0,100.0,0.0,100.0
vertical,from_south,202,front,0,loose_dominated,0.2,2.0,100.0,0.0,100.0,0.0,100.0
vertical,from_south,202,rear,0,loose_dominated,0.2,2.0,100.0,0.0,100.0,0.0,100.0
vertical,from_south,202,front,0,adhered_dominated,0.7,0.5,100.0,0.0,100.0,0.0,100.0
vertical,from_south,202,rear,0,adhered_dominated,0.7,0.5,100.0,0.0,100.0,0.0,100.0
vertical,from_south,202,front,0,adhered_dominated,0.7,1.0,100.0,0.0,100.0,0.0,100.0
vertical,from_south,202,rear,0,adhered_dominated,0.7,1.0,100.0,0.0,100.0,0.0,100.0
vertical,from_south,202,front,0,adhered_dominated,0.7,2.0,100.0,0.0,100.0,0.0,100.0
vertical,from_south,202,rear,0,adhered_dominated,0.7,2.0,100.0,0.0,100.0,0.0,100.0
vertical,from_south,202,front,0.5,loose_dominated,0.2,0.5,100.0,0.0,100.0,0.0,100.0
vertical,from_south,202,rear,0.5,loose_dominated,0.2,0.5,100.0,0.0,100.0,0.0,100.0
vertical,from_south,202,front,0.5,loose_dominated,0.2,1.0,100.0,0.0,100.0,0.0,100.0
vertical,from_south,202,rear,0.5,loose_dominated,0.2,1.0,100.0,0.0,100.0,0.0,100.0
vertical,from_south,202,front,0.5,loose_dominated,0.2,2.0,100.0,0.0,100.0,0.0,100.0
vertical,from_south,202,rear,0.5,loose_dominated,0.2,2.0,100.0,0.0,100.0,0.0,100.0
vertical,from_south,202,front,0.5,adhered_dominated,0.7,0.5,100.0,0.0,100.0,0.0,100.0
vertical,from_south,202,rear,0.5,adhered_dominated,0.7,0.5,100.0,0.0,100.0,0.0,100.0
vertical,from_south,202,front,0.5,adhered_dominated,0.7,1.0,100.0,0.0,100.0,0.0,100.0
vertical,from_south,202,rear,0.5,adhered_dominated,0.7,1.0,100.0,0.0,100.0,0.0,100.0
vertical,from_south,202,front,0.5,adhered_dominated,0.7,2.0,100.0,0.0,100.0,0.0,100.0
vertical,from_south,202,rear,0.5,adhered_dominated,0.7,2.0,100.0,0.0,100.0,0.0,100.0
vertical,from_south,202,front,2,loose_dominated,0.2,0.5,100.0,0.0,100.0,0.0,100.0
vertical,from_south,202,rear,2,loose_dominated,0.2,0.5,100.0,0.0,100.0,0.0,100.0
vertical,from_south,202,front,2,loose_dominated,0.2,1.0,100.0,0.0,100.0,0.0,100.0
vertical,from_south,202,rear,2,loose_dominated,0.2,1.0,100.0,0.0,100.0,0.0,100.0
vertical,from_south,202,front,2,loose_dominated,0.2,2.0,100.0,0.0,100.0,0.0,100.0
vertical,from_south,202,rear,2,loose_dominated,0.2,2.0,100.0,0.0,100.0,0.0,100.0
vertical,from_south,202,front,2,adhered_dominated,0.7,0.5,100.0,0.0,100.0,0.0,100.0
vertical,from_south,202,rear,2,adhered_dominated,0.7,0.5,100.0,0.0,100.0,0.0,100.0
vertical,from_south,202,front,2,adhered_dominated,0.7,1.0,100.0,0.0,100.0,0.0,100.0
vertical,from_south,202,rear,2,adhered_dominated,0.7,1.0,100.0,0.0,100.0,0.0,100.0
vertical,from_south,202,front,2,adhered_dominated,0.7,2.0,100.0,0.0,100.0,0.0,100.0
vertical,from_south,202,rear,2,adhered_dominated,0.7,2.0,100.0,0.0,100.0,0.0,100.0
vertical,from_south,202,front,5,loose_dominated,0.2,0.5,100.0,0.0,100.0,0.0,100.0
vertical,from_south,202,rear,5,loose_dominated,0.2,0.5,100.0,0.0,100.0,0.0,100.0
vertical,from_south,202,front,5,loose_dominated,0.2,1.0,100.0,0.0,100.0,0.0,100.0
vertical,from_south,202,rear,5,loose_dominated,0.2,1.0,100.0,0.0,100.0,0.0,100.0
vertical,from_south,202,front,5,loose_dominated,0.2,2.0,100.0,0.0,100.0,0.0,100.0
vertical,from_south,202,rear,5,loose_dominated,0.2,2.0,100.0,0.0,100.0,0.0,100.0
vertical,from_south,202,front,5,adhered_dominated,0.7,0.5,100.0,0.0,100.0,0.0,100.0
vertical,from_south,202,rear,5,adhered_dominated,0.7,0.5,100.0,0.0,100.0,0.0,100.0
vertical,from_south,202,front,5,adhered_dominated,0.7,1.0,100.0,0.0,100.0,0.0,100.0
vertical,from_south,202,rear,5,adhered_dominated,0.7,1.0,100.0,0.0,100.0,0.0,100.0
vertical,from_south,202,front,5,adhered_dominated,0.7,2.0,100.0,0.0,100.0,0.0,100.0
vertical,from_south,202,rear,5,adhered_dominated,0.7,2.0,100.0,0.0,100.0,0.0,100.0
vertical,from_south,202,front,10,loose_dominated,0.2,0.5,100.0,0.0,100.0,0.0,100.0
vertical,from_south,202,rear,10,loose_dominated,0.2,0.5,100.0,0.0,100.0,0.0,100.0
vertical,from_south,202,front,10,loose_dominated,0.2,1.0,100.0,0.0,100.0,0.0,100.0
vertical,from_south,202,rear,10,loose_dominated,0.2,1.0,100.0,0.0,100.0,0.0,100.0
vertical,from_south,202,front,10,loose_dominated,0.2,2.0,100.0,0.0,100.0,0.0,100.0
vertical,from_south,202,rear,10,loose_dominated,0.2,2.0,100.0,0.0,100.0,0.0,100.0
vertical,from_south,202,front,10,adhered_dominated,0.7,0.5,100.0,0.0,100.0,0.0,100.0
vertical,from_south,202,rear,10,adhered_dominated,0.7,0.5,100.0,0.0,100.0,0.0,100.0
vertical,from_south,202,front,10,adhered_dominated,0.7,1.0,100.0,0.0,100.0,0.0,100.0
vertical,from_south,202,rear,10,adhered_dominated,0.7,1.0,100.0,0.0,100.0,0.0,100.0
vertical,from_south,202,front,10,adhered_dominated,0.7,2.0,100.0,0.0,100.0,0.0,100.0
vertical,from_south,202,rear,10,adhered_dominated,0.7,2.0,100.0,0.0,100.0,0.0,100.0
vertical,from_south,202,front,20,loose_dominated,0.2,0.5,100.0,0.0,100.0,0.0,100.0
vertical,from_south,202,rear,20,loose_dominated,0.2,0.5,100.0,0.0,100.0,0.0,100.0
vertical,from_south,202,front,20,loose_dominated,0.2,1.0,100.0,0.0,100.0,0.0,100.0
vertical,from_south,202,rear,20,loose_dominated,0.2,1.0,100.0,0.0,100.0,0.0,100.0
vertical,from_south,202,front,20,loose_dominated,0.2,2.0,100.0,0.0,100.0,0.0,100.0
vertical,from_south,202,rear,20,loose_dominated,0.2,2.0,100.0,0.0,100.0,0.0,100.0
vertical,from_south,202,front,20,adhered_dominated,0.7,0.5,100.0,0.0,100.0,0.0,100.0
vertical,from_south,202,rear,20,adhered_dominated,0.7,0.5,100.0,0.0,100.0,0.0,100.0
vertical,from_south,202,front,20,adhered_dominated,0.7,1.0,100.0,0.0,100.0,0.0,100.0
vertical,from_south,202,rear,20,adhered_dominated,0.7,1.0,100.0,0.0,100.0,0.0,100.0
vertical,from_south,202,front,20,adhered_dominated,0.7,2.0,100.0,0.0,100.0,0.0,100.0
vertical,from_south,202,rear,20,adhered_dominated,0.7,2.0,100.0,0.0,100.0,0.0,100.0
vertical,from_south,202,front,40,loose_dominated,0.2,0.5,100.0,0.0,100.0,0.0,100.0
vertical,from_south,202,rear,40,loose_dominated,0.2,0.5,100.0,0.0,100.0,0.0,100.0
vertical,from_south,202,front,40,loose_dominated,0.2,1.0,100.0,0.0,100.0,0.0,100.0
vertical,from_south,202,rear,40,loose_dominated,0.2,1.0,100.0,0.0,100.0,0.0,100.0
vertical,from_south,202,front,40,loose_dominated,0.2,2.0,100.0,0.0,100.0,0.0,100.0
vertical,from_south,202,rear,40,loose_dominated,0.2,2.0,100.0,0.0,100.0,0.0,100.0
vertical,from_south,202,front,40,adhered_dominated,0.7,0.5,100.0,0.0,100.0,0.0,100.0
vertical,from_south,202,rear,40,adhered_dominated,0.7,0.5,100.0,0.0,100.0,0.0,100.0
vertical,from_south,202,front,40,adhered_dominated,0.7,1.0,100.0,0.0,100.0,0.0,100.0
vertical,from_south,202,rear,40,adhered_dominated,0.7,1.0,100.0,0.0,100.0,0.0,100.0
vertical,from_south,202,front,40,adhered_dominated,0.7,2.0,100.0,0.0,100.0,0.0,100.0
vertical,from_south,202,rear,40,adhered_dominated,0.7,2.0,100.0,0.0,100.0,0.0,100.0
vertical,from_south,203,front,0,loose_dominated,0.2,0.5,100.0,0.0,100.0,0.0,100.0
vertical,from_south,203,rear,0,loose_dominated,0.2,0.5,100.0,0.0,100.0,0.0,100.0
vertical,from_south,203,front,0,loose_dominated,0.2,1.0,100.0,0.0,100.0,0.0,100.0
vertical,from_south,203,rear,0,loose_dominated,0.2,1.0,100.0,0.0,100.0,0.0,100.0
vertical,from_south,203,front,0,loose_dominated,0.2,2.0,100.0,0.0,100.0,0.0,100.0
vertical,from_south,203,rear,0,loose_dominated,0.2,2.0,100.0,0.0,100.0,0.0,100.0
vertical,from_south,203,front,0,adhered_dominated,0.7,0.5,100.0,0.0,100.0,0.0,100.0
vertical,from_south,203,rear,0,adhered_dominated,0.7,0.5,100.0,0.0,100.0,0.0,100.0
vertical,from_south,203,front,0,adhered_dominated,0.7,1.0,100.0,0.0,100.0,0.0,100.0
vertical,from_south,203,rear,0,adhered_dominated,0.7,1.0,100.0,0.0,100.0,0.0,100.0
vertical,from_south,203,front,0,adhered_dominated,0.7,2.0,100.0,0.0,100.0,0.0,100.0
vertical,from_south,203,rear,0,adhered_dominated,0.7,2.0,100.0,0.0,100.0,0.0,100.0
vertical,from_south,203,front,0.5,loose_dominated,0.2,0.5,100.0,0.0,100.0,0.0,100.0
vertical,from_south,203,rear,0.5,loose_dominated,0.2,0.5,100.0,0.0,100.0,0.0,100.0
vertical,from_south,203,front,0.5,loose_dominated,0.2,1.0,100.0,0.0,100.0,0.0,100.0
vertical,from_south,203,rear,0.5,loose_dominated,0.2,1.0,100.0,0.0,100.0,0.0,100.0
vertical,from_south,203,front,0.5,loose_dominated,0.2,2.0,100.0,0.0,100.0,0.0,100.0
vertical,from_south,203,rear,0.5,loose_dominated,0.2,2.0,100.0,0.0,100.0,0.0,100.0
vertical,from_south,203,front,0.5,adhered_dominated,0.7,0.5,100.0,0.0,100.0,0.0,100.0
vertical,from_south,203,rear,0.5,adhered_dominated,0.7,0.5,100.0,0.0,100.0,0.0,100.0
vertical,from_south,203,front,0.5,adhered_dominated,0.7,1.0,100.0,0.0,100.0,0.0,100.0
vertical,from_south,203,rear,0.5,adhered_dominated,0.7,1.0,100.0,0.0,100.0,0.0,100.0
vertical,from_south,203,front,0.5,adhered_dominated,0.7,2.0,100.0,0.0,100.0,0.0,100.0
vertical,from_south,203,rear,0.5,adhered_dominated,0.7,2.0,100.0,0.0,100.0,0.0,100.0
vertical,from_south,203,front,2,loose_dominated,0.2,0.5,100.0,0.0,100.0,0.0,100.0
vertical,from_south,203,rear,2,loose_dominated,0.2,0.5,100.0,0.0,100.0,0.0,100.0
vertical,from_south,203,front,2,loose_dominated,0.2,1.0,100.0,0.0,100.0,0.0,100.0
vertical,from_south,203,rear,2,loose_dominated,0.2,1.0,100.0,0.0,100.0,0.0,100.0
vertical,from_south,203,front,2,loose_dominated,0.2,2.0,100.0,0.0,100.0,0.0,100.0
vertical,from_south,203,rear,2,loose_dominated,0.2,2.0,100.0,0.0,100.0,0.0,100.0
vertical,from_south,203,front,2,adhered_dominated,0.7,0.5,100.0,0.0,100.0,0.0,100.0
vertical,from_south,203,rear,2,adhered_dominated,0.7,0.5,100.0,0.0,100.0,0.0,100.0
vertical,from_south,203,front,2,adhered_dominated,0.7,1.0,100.0,0.0,100.0,0.0,100.0
vertical,from_south,203,rear,2,adhered_dominated,0.7,1.0,100.0,0.0,100.0,0.0,100.0
vertical,from_south,203,front,2,adhered_dominated,0.7,2.0,100.0,0.0,100.0,0.0,100.0
vertical,from_south,203,rear,2,adhered_dominated,0.7,2.0,100.0,0.0,100.0,0.0,100.0
vertical,from_south,203,front,5,loose_dominated,0.2,0.5,100.0,0.0,100.0,0.0,100.0
vertical,from_south,203,rear,5,loose_dominated,0.2,0.5,100.0,0.0,100.0,0.0,100.0
vertical,from_south,203,front,5,loose_dominated,0.2,1.0,100.0,0.0,100.0,0.0,100.0
vertical,from_south,203,rear,5,loose_dominated,0.2,1.0,100.0,0.0,100.0,0.0,100.0
vertical,from_south,203,front,5,loose_dominated,0.2,2.0,100.0,0.0,100.0,0.0,100.0
vertical,from_south,203,rear,5,loose_dominated,0.2,2.0,100.0,0.0,100.0,0.0,100.0
vertical,from_south,203,front,5,adhered_dominated,0.7,0.5,100.0,0.0,100.0,0.0,100.0
vertical,from_south,203,rear,5,adhered_dominated,0.7,0.5,100.0,0.0,100.0,0.0,100.0
vertical,from_south,203,front,5,adhered_dominated,0.7,1.0,100.0,0.0,100.0,0.0,100.0
vertical,from_south,203,rear,5,adhered_dominated,0.7,1.0,100.0,0.0,100.0,0.0,100.0
vertical,from_south,203,front,5,adhered_dominated,0.7,2.0,100.0,0.0,100.0,0.0,100.0
vertical,from_south,203,rear,5,adhered_dominated,0.7,2.0,100.0,0.0,100.0,0.0,100.0
vertical,from_south,203,front,10,loose_dominated,0.2,0.5,100.0,0.0,100.0,0.0,100.0
vertical,from_south,203,rear,10,loose_dominated,0.2,0.5,100.0,0.0,100.0,0.0,100.0
vertical,from_south,203,front,10,loose_dominated,0.2,1.0,100.0,0.0,100.0,0.0,100.0
vertical,from_south,203,rear,10,loose_dominated,0.2,1.0,100.0,0.0,100.0,0.0,100.0
vertical,from_south,203,front,10,loose_dominated,0.2,2.0,100.0,0.0,100.0,0.0,100.0
vertical,from_south,203,rear,10,loose_dominated,0.2,2.0,100.0,0.0,100.0,0.0,100.0
vertical,from_south,203,front,10,adhered_dominated,0.7,0.5,100.0,0.0,100.0,0.0,100.0
vertical,from_south,203,rear,10,adhered_dominated,0.7,0.5,100.0,0.0,100.0,0.0,100.0
vertical,from_south,203,front,10,adhered_dominated,0.7,1.0,100.0,0.0,100.0,0.0,100.0
vertical,from_south,203,rear,10,adhered_dominated,0.7,1.0,100.0,0.0,100.0,0.0,100.0
vertical,from_south,203,front,10,adhered_dominated,0.7,2.0,100.0,0.0,100.0,0.0,100.0
vertical,from_south,203,rear,10,adhered_dominated,0.7,2.0,100.0,0.0,100.0,0.0,100.0
vertical,from_south,203,front,20,loose_dominated,0.2,0.5,100.0,0.0,100.0,0.0,100.0
vertical,from_south,203,rear,20,loose_dominated,0.2,0.5,100.0,0.0,100.0,0.0,100.0
vertical,from_south,203,front,20,loose_dominated,0.2,1.0,100.0,0.0,100.0,0.0,100.0
vertical,from_south,203,rear,20,loose_dominated,0.2,1.0,100.0,0.0,100.0,0.0,100.0
vertical,from_south,203,front,20,loose_dominated,0.2,2.0,100.0,0.0,100.0,0.0,100.0
vertical,from_south,203,rear,20,loose_dominated,0.2,2.0,100.0,0.0,100.0,0.0,100.0
vertical,from_south,203,front,20,adhered_dominated,0.7,0.5,100.0,0.0,100.0,0.0,100.0
vertical,from_south,203,rear,20,adhered_dominated,0.7,0.5,100.0,0.0,100.0,0.0,100.0
vertical,from_south,203,front,20,adhered_dominated,0.7,1.0,100.0,0.0,100.0,0.0,100.0
vertical,from_south,203,rear,20,adhered_dominated,0.7,1.0,100.0,0.0,100.0,0.0,100.0
vertical,from_south,203,front,20,adhered_dominated,0.7,2.0,100.0,0.0,100.0,0.0,100.0
vertical,from_south,203,rear,20,adhered_dominated,0.7,2.0,100.0,0.0,100.0,0.0,100.0
vertical,from_south,203,front,40,loose_dominated,0.2,0.5,100.0,0.0,100.0,0.0,100.0
vertical,from_south,203,rear,40,loose_dominated,0.2,0.5,100.0,0.0,100.0,0.0,100.0
vertical,from_south,203,front,40,loose_dominated,0.2,1.0,100.0,0.0,100.0,0.0,100.0
vertical,from_south,203,rear,40,loose_dominated,0.2,1.0,100.0,0.0,100.0,0.0,100.0
vertical,from_south,203,front,40,loose_dominated,0.2,2.0,100.0,0.0,100.0,0.0,100.0
vertical,from_south,203,rear,40,loose_dominated,0.2,2.0,100.0,0.0,100.0,0.0,100.0
vertical,from_south,203,front,40,adhered_dominated,0.7,0.5,100.0,0.0,100.0,0.0,100.0
vertical,from_south,203,rear,40,adhered_dominated,0.7,0.5,100.0,0.0,100.0,0.0,100.0
vertical,from_south,203,front,40,adhered_dominated,0.7,1.0,100.0,0.0,100.0,0.0,100.0
vertical,from_south,203,rear,40,adhered_dominated,0.7,1.0,100.0,0.0,100.0,0.0,100.0
vertical,from_south,203,front,40,adhered_dominated,0.7,2.0,100.0,0.0,100.0,0.0,100.0
vertical,from_south,203,rear,40,adhered_dominated,0.7,2.0,100.0,0.0,100.0,0.0,100.0
tilted,calm,201,front,0,loose_dominated,0.2,0.5,100.0,0.0,100.0,0.0,100.0
tilted,calm,201,rear,0,loose_dominated,0.2,0.5,100.0,0.0,100.0,0.0,100.0
tilted,calm,201,front,0,loose_dominated,0.2,1.0,100.0,0.0,100.0,0.0,100.0
tilted,calm,201,rear,0,loose_dominated,0.2,1.0,100.0,0.0,100.0,0.0,100.0
tilted,calm,201,front,0,loose_dominated,0.2,2.0,100.0,0.0,100.0,0.0,100.0
tilted,calm,201,rear,0,loose_dominated,0.2,2.0,100.0,0.0,100.0,0.0,100.0
tilted,calm,201,front,0,adhered_dominated,0.7,0.5,100.0,0.0,100.0,0.0,100.0
tilted,calm,201,rear,0,adhered_dominated,0.7,0.5,100.0,0.0,100.0,0.0,100.0
tilted,calm,201,front,0,adhered_dominated,0.7,1.0,100.0,0.0,100.0,0.0,100.0
tilted,calm,201,rear,0,adhered_dominated,0.7,1.0,100.0,0.0,100.0,0.0,100.0
tilted,calm,201,front,0,adhered_dominated,0.7,2.0,100.0,0.0,100.0,0.0,100.0
tilted,calm,201,rear,0,adhered_dominated,0.7,2.0,100.0,0.0,100.0,0.0,100.0
tilted,calm,201,front,0.5,loose_dominated,0.2,0.5,100.0,0.43299328512396695,95.72140002648035,4.278599973519647,95.72140002648035
tilted,calm,201,rear,0.5,loose_dominated,0.2,0.5,100.0,0.0,100.0,0.0,100.0
tilted,calm,201,front,0.5,loose_dominated,0.2,1.0,100.0,0.43299328512396695,91.66700900793076,8.332990992069242,91.66700900793076
tilted,calm,201,rear,0.5,loose_dominated,0.2,1.0,100.0,0.0,100.0,0.0,100.0
tilted,calm,201,front,0.5,loose_dominated,0.2,2.0,100.0,0.43299328512396695,84.18343486785889,15.816565132141108,84.18343486785889
tilted,calm,201,rear,0.5,loose_dominated,0.2,2.0,100.0,0.0,100.0,0.0,100.0
tilted,calm,201,front,0.5,adhered_dominated,0.7,0.5,100.0,0.43299328512396695,98.19289073149363,1.807109268506366,98.19289073149362
tilted,calm,201,rear,0.5,adhered_dominated,0.7,0.5,100.0,0.0,100.0,0.0,100.0
tilted,calm,201,front,0.5,adhered_dominated,0.7,1.0,100.0,0.43299328512396695,96.47052454551061,3.5294754544893863,96.47052454551061
tilted,calm,201,rear,0.5,adhered_dominated,0.7,1.0,100.0,0.0,100.0,0.0,100.0
tilted,calm,201,front,0.5,adhered_dominated,0.7,2.0,100.0,0.43299328512396695,93.26222669680914,6.737773303190863,93.26222669680914
tilted,calm,201,rear,0.5,adhered_dominated,0.7,2.0,100.0,0.0,100.0,0.0,100.0
tilted,calm,201,front,2,loose_dominated,0.2,0.5,100.0,1.7319731404958678,84.18343486785889,15.816565132141108,84.18343486785889
tilted,calm,201,rear,2,loose_dominated,0.2,0.5,100.0,0.0,100.0,0.0,100.0
tilted,calm,201,front,2,loose_dominated,0.2,1.0,100.0,1.7319731404958678,71.41969571113586,28.58030428886414,71.41969571113586
tilted,calm,201,rear,2,loose_dominated,0.2,1.0,100.0,0.0,100.0,0.0,100.0
tilted,calm,201,front,2,loose_dominated,0.2,2.0,100.0,1.7319731404958678,52.761142963171004,47.238857036828996,52.761142963171004
tilted,calm,201,rear,2,loose_dominated,0.2,2.0,100.0,0.0,100.0,0.0,100.0
tilted,calm,201,front,2,adhered_dominated,0.7,0.5,100.0,1.7319731404958678,93.26222669680914,6.737773303190863,93.26222669680914
tilted,calm,201,rear,2,adhered_dominated,0.7,0.5,100.0,0.0,100.0,0.0,100.0
tilted,calm,201,front,2,adhered_dominated,0.7,1.0,100.0,1.7319731404958678,87.6797709663709,12.320229033629104,87.67977096637088
tilted,calm,201,rear,2,adhered_dominated,0.7,1.0,100.0,0.0,100.0,0.0,100.0
tilted,calm,201,front,2,adhered_dominated,0.7,2.0,100.0,1.7319731404958678,79.12168449560801,20.878315504391992,79.12168449560801
tilted,calm,201,rear,2,adhered_dominated,0.7,2.0,100.0,0.0,100.0,0.0,100.0
tilted,calm,201,front,5,loose_dominated,0.2,0.5,100.0,4.329932851239669,65.9894094367822,34.010590563217804,65.9894094367822
tilted,calm,201,rear,5,loose_dominated,0.2,0.5,100.0,0.0,100.0,0.0,100.0
tilted,calm,201,front,5,loose_dominated,0.2,1.0,100.0,4.329932851239669,45.997196064392725,54.002803935607275,45.99719606439273
tilted,calm,201,rear,5,loose_dominated,0.2,1.0,100.0,0.0,100.0,0.0,100.0
tilted,calm,201,front,5,loose_dominated,0.2,2.0,100.0,4.329932851239669,26.954653439919152,73.04534656008084,26.954653439919152
tilted,calm,201,rear,5,loose_dominated,0.2,2.0,100.0,0.0,100.0,0.0,100.0
tilted,calm,201,front,5,adhered_dominated,0.7,0.5,100.0,4.329932851239669,85.24928589661916,14.750714103380844,85.24928589661914
tilted,calm,201,rear,5,adhered_dominated,0.7,0.5,100.0,0.0,100.0,0.0,100.0
tilted,calm,201,front,5,adhered_dominated,0.7,1.0,100.0,4.329932851239669,75.81985687414804,24.180143125851956,75.81985687414804
tilted,calm,201,rear,5,adhered_dominated,0.7,1.0,100.0,0.0,100.0,0.0,100.0
tilted,calm,201,front,5,adhered_dominated,0.7,2.0,100.0,4.329932851239669,64.99907272855441,35.00092727144559,64.99907272855441
tilted,calm,201,rear,5,adhered_dominated,0.7,2.0,100.0,0.0,100.0,0.0,100.0
tilted,calm,201,front,10,loose_dominated,0.2,0.5,100.0,8.659865702479339,45.997196064392725,54.002803935607275,45.99719606439273
tilted,calm,201,rear,10,loose_dominated,0.2,0.5,100.0,0.0,100.0,0.0,100.0
tilted,calm,201,front,10,loose_dominated,0.2,1.0,100.0,8.659865702479339,26.954653439919152,73.04534656008084,26.954653439919152
tilted,calm,201,rear,10,loose_dominated,0.2,1.0,100.0,0.0,100.0,0.0,100.0
tilted,calm,201,front,10,loose_dominated,0.2,2.0,100.0,8.659865702479339,16.580480644603572,83.41951935539643,16.580480644603572
tilted,calm,201,rear,10,loose_dominated,0.2,2.0,100.0,0.0,100.0,0.0,100.0
tilted,calm,201,front,10,adhered_dominated,0.7,0.5,100.0,8.659865702479339,75.81985687414804,24.180143125851956,75.81985687414804
tilted,calm,201,rear,10,adhered_dominated,0.7,0.5,100.0,0.0,100.0,0.0,100.0
tilted,calm,201,front,10,adhered_dominated,0.7,1.0,100.0,8.659865702479339,64.99907272855441,35.00092727144559,64.99907272855441
tilted,calm,201,rear,10,adhered_dominated,0.7,1.0,100.0,0.0,100.0,0.0,100.0
tilted,calm,201,front,10,adhered_dominated,0.7,2.0,100.0,8.659865702479339,54.434083817402524,45.565916182597476,54.434083817402524
tilted,calm,201,rear,10,adhered_dominated,0.7,2.0,100.0,0.0,100.0,0.0,100.0
tilted,calm,201,front,20,loose_dominated,0.2,0.5,100.0,17.319731404958677,26.954653439919152,73.04534656008084,26.954653439919152
tilted,calm,201,rear,20,loose_dominated,0.2,0.5,100.0,0.0,100.0,0.0,100.0
tilted,calm,201,front,20,loose_dominated,0.2,1.0,100.0,17.319731404958677,16.580480644603572,83.41951935539643,16.580480644603572
tilted,calm,201,rear,20,loose_dominated,0.2,1.0,100.0,0.0,100.0,0.0,100.0
tilted,calm,201,front,20,loose_dominated,0.2,2.0,100.0,17.319731404958677,11.93044235408306,88.06955764591694,11.93044235408306
tilted,calm,201,rear,20,loose_dominated,0.2,2.0,100.0,0.0,100.0,0.0,100.0
tilted,calm,201,front,20,adhered_dominated,0.7,0.5,100.0,17.319731404958677,64.99907272855441,35.00092727144559,64.99907272855441
tilted,calm,201,rear,20,adhered_dominated,0.7,0.5,100.0,0.0,100.0,0.0,100.0
tilted,calm,201,front,20,adhered_dominated,0.7,1.0,100.0,17.319731404958677,54.434083817402524,45.565916182597476,54.434083817402524
tilted,calm,201,rear,20,adhered_dominated,0.7,1.0,100.0,0.0,100.0,0.0,100.0
tilted,calm,201,front,20,adhered_dominated,0.7,2.0,100.0,17.319731404958677,41.69543988108635,58.30456011891365,41.69543988108635
tilted,calm,201,rear,20,adhered_dominated,0.7,2.0,100.0,0.0,100.0,0.0,100.0
tilted,calm,201,front,40,loose_dominated,0.2,0.5,100.0,34.639462809917354,16.580480644603572,83.41951935539643,16.580480644603572
tilted,calm,201,rear,40,loose_dominated,0.2,0.5,100.0,0.0,100.0,0.0,100.0
tilted,calm,201,front,40,loose_dominated,0.2,1.0,100.0,34.639462809917354,11.93044235408306,88.06955764591694,11.93044235408306
tilted,calm,201,rear,40,loose_dominated,0.2,1.0,100.0,0.0,100.0,0.0,100.0
tilted,calm,201,front,40,loose_dominated,0.2,2.0,100.0,34.639462809917354,7.1119865583876765,92.88801344161233,7.1119865583876765
tilted,calm,201,rear,40,loose_dominated,0.2,2.0,100.0,0.0,100.0,0.0,100.0
tilted,calm,201,front,40,adhered_dominated,0.7,0.5,100.0,34.639462809917354,54.434083817402524,45.565916182597476,54.434083817402524
tilted,calm,201,rear,40,adhered_dominated,0.7,0.5,100.0,0.0,100.0,0.0,100.0
tilted,calm,201,front,40,adhered_dominated,0.7,1.0,100.0,34.639462809917354,41.69543988108635,58.30456011891365,41.69543988108635
tilted,calm,201,rear,40,adhered_dominated,0.7,1.0,100.0,0.0,100.0,0.0,100.0
tilted,calm,201,front,40,adhered_dominated,0.7,2.0,100.0,34.639462809917354,24.89192541241646,75.10807458758354,24.89192541241646
tilted,calm,201,rear,40,adhered_dominated,0.7,2.0,100.0,0.0,100.0,0.0,100.0
tilted,calm,202,front,0,loose_dominated,0.2,0.5,100.0,0.0,100.0,0.0,100.0
tilted,calm,202,rear,0,loose_dominated,0.2,0.5,100.0,0.0,100.0,0.0,100.0
tilted,calm,202,front,0,loose_dominated,0.2,1.0,100.0,0.0,100.0,0.0,100.0
tilted,calm,202,rear,0,loose_dominated,0.2,1.0,100.0,0.0,100.0,0.0,100.0
tilted,calm,202,front,0,loose_dominated,0.2,2.0,100.0,0.0,100.0,0.0,100.0
tilted,calm,202,rear,0,loose_dominated,0.2,2.0,100.0,0.0,100.0,0.0,100.0
tilted,calm,202,front,0,adhered_dominated,0.7,0.5,100.0,0.0,100.0,0.0,100.0
tilted,calm,202,rear,0,adhered_dominated,0.7,0.5,100.0,0.0,100.0,0.0,100.0
tilted,calm,202,front,0,adhered_dominated,0.7,1.0,100.0,0.0,100.0,0.0,100.0
tilted,calm,202,rear,0,adhered_dominated,0.7,1.0,100.0,0.0,100.0,0.0,100.0
tilted,calm,202,front,0,adhered_dominated,0.7,2.0,100.0,0.0,100.0,0.0,100.0
tilted,calm,202,rear,0,adhered_dominated,0.7,2.0,100.0,0.0,100.0,0.0,100.0
tilted,calm,202,front,0.5,loose_dominated,0.2,0.5,100.0,0.4324100378787879,95.72700044314067,4.272999556859332,95.72700044314065
tilted,calm,202,rear,0.5,loose_dominated,0.2,0.5,100.0,0.0,100.0,0.0,100.0
tilted,calm,202,front,0.5,loose_dominated,0.2,1.0,100.0,0.4324100378787879,91.67760716676712,8.322392833232882,91.67760716676712
tilted,calm,202,rear,0.5,loose_dominated,0.2,1.0,100.0,0.0,100.0,0.0,100.0
tilted,calm,202,front,0.5,loose_dominated,0.2,2.0,100.0,0.4324100378787879,84.20241935650508,15.797580643494925,84.20241935650508
tilted,calm,202,rear,0.5,loose_dominated,0.2,2.0,100.0,0.0,100.0,0.0,100.0
tilted,calm,202,front,0.5,adhered_dominated,0.7,0.5,100.0,0.4324100378787879,98.19526345729828,1.8047365427017183,98.19526345729828
tilted,calm,202,rear,0.5,adhered_dominated,0.7,0.5,100.0,0.0,100.0,0.0,100.0
tilted,calm,202,front,0.5,adhered_dominated,0.7,1.0,100.0,0.4324100378787879,96.47504191795984,3.5249580820401576,96.47504191795984
tilted,calm,202,rear,0.5,adhered_dominated,0.7,1.0,100.0,0.0,100.0,0.0,100.0
tilted,calm,202,front,0.5,adhered_dominated,0.7,2.0,100.0,0.4324100378787879,93.27042479515076,6.72957520484924,93.27042479515076
tilted,calm,202,rear,0.5,adhered_dominated,0.7,2.0,100.0,0.0,100.0,0.0,100.0
tilted,calm,202,front,2,loose_dominated,0.2,0.5,100.0,1.7296401515151516,84.20241935650508,15.797580643494925,84.20241935650508
tilted,calm,202,rear,2,loose_dominated,0.2,0.5,100.0,0.0,100.0,0.0,100.0
tilted,calm,202,front,2,loose_dominated,0.2,1.0,100.0,1.7296401515151516,71.45021271308264,28.549787286917365,71.45021271308264
tilted,calm,202,rear,2,loose_dominated,0.2,1.0,100.0,0.0,100.0,0.0,100.0
tilted,calm,202,front,2,loose_dominated,0.2,2.0,100.0,1.7296401515151516,52.80090498129527,47.19909501870473,52.80090498129527
tilted,calm,202,rear,2,loose_dominated,0.2,2.0,100.0,0.0,100.0,0.0,100.0
tilted,calm,202,front,2,adhered_dominated,0.7,0.5,100.0,1.7296401515151516,93.27042479515076,6.72957520484924,93.27042479515076
tilted,calm,202,rear,2,adhered_dominated,0.7,0.5,100.0,0.0,100.0,0.0,100.0
tilted,calm,202,front,2,adhered_dominated,0.7,1.0,100.0,1.7296401515151516,87.69334368308385,12.306656316916147,87.69334368308385
tilted,calm,202,rear,2,adhered_dominated,0.7,1.0,100.0,0.0,100.0,0.0,100.0
tilted,calm,202,front,2,adhered_dominated,0.7,2.0,100.0,1.7296401515151516,79.14073955615362,20.85926044384638,79.14073955615362
tilted,calm,202,rear,2,adhered_dominated,0.7,2.0,100.0,0.0,100.0,0.0,100.0
tilted,calm,202,front,5,loose_dominated,0.2,0.5,100.0,4.324100378787879,66.02364267110825,33.97635732889175,66.02364267110825
tilted,calm,202,rear,5,loose_dominated,0.2,0.5,100.0,0.0,100.0,0.0,100.0
tilted,calm,202,front,5,loose_dominated,0.2,1.0,100.0,4.324100378787879,46.03750284910202,53.96249715089798,46.03750284910202
tilted,calm,202,rear,5,loose_dominated,0.2,1.0,100.0,0.0,100.0,0.0,100.0
tilted,calm,202,front,5,loose_dominated,0.2,2.0,100.0,4.324100378787879,26.984655942519506,73.01534405748049,26.984655942519506
tilted,calm,202,rear,5,loose_dominated,0.2,2.0,100.0,0.0,100.0,0.0,100.0
tilted,calm,202,front,5,adhered_dominated,0.7,0.5,100.0,4.324100378787879,85.26476657390594,14.735233426094055,85.26476657390594
tilted,calm,202,rear,5,adhered_dominated,0.7,0.5,100.0,0.0,100.0,0.0,100.0
tilted,calm,202,front,5,adhered_dominated,0.7,1.0,100.0,4.324100378787879,75.84008274475734,24.15991725524266,75.84008274475734
tilted,calm,202,rear,5,adhered_dominated,0.7,1.0,100.0,0.0,100.0,0.0,100.0
tilted,calm,202,front,5,adhered_dominated,0.7,2.0,100.0,4.324100378787879,65.01987964312235,34.98012035687765,65.01987964312235
tilted,calm,202,rear,5,adhered_dominated,0.7,2.0,100.0,0.0,100.0,0.0,100.0
tilted,calm,202,front,10,loose_dominated,0.2,0.5,100.0,8.648200757575758,46.03750284910202,53.96249715089798,46.03750284910202
tilted,calm,202,rear,10,loose_dominated,0.2,0.5,100.0,0.0,100.0,0.0,100.0
tilted,calm,202,front,10,loose_dominated,0.2,1.0,100.0,8.648200757575758,26.984655942519506,73.01534405748049,26.984655942519506
tilted,calm,202,rear,10,loose_dominated,0.2,1.0,100.0,0.0,100.0,0.0,100.0
tilted,calm,202,front,10,loose_dominated,0.2,2.0,100.0,8.648200757575758,16.593464167416094,83.4065358325839,16.593464167416094
tilted,calm,202,rear,10,loose_dominated,0.2,2.0,100.0,0.0,100.0,0.0,100.0
tilted,calm,202,front,10,adhered_dominated,0.7,0.5,100.0,8.648200757575758,75.84008274475734,24.15991725524266,75.84008274475734
tilted,calm,202,rear,10,adhered_dominated,0.7,0.5,100.0,0.0,100.0,0.0,100.0
tilted,calm,202,front,10,adhered_dominated,0.7,1.0,100.0,8.648200757575758,65.01987964312235,34.98012035687765,65.01987964312235
tilted,calm,202,rear,10,adhered_dominated,0.7,1.0,100.0,0.0,100.0,0.0,100.0
tilted,calm,202,front,10,adhered_dominated,0.7,2.0,100.0,8.648200757575758,54.455663202206296,45.544336797793704,54.455663202206296
tilted,calm,202,rear,10,adhered_dominated,0.7,2.0,100.0,0.0,100.0,0.0,100.0
tilted,calm,202,front,20,loose_dominated,0.2,0.5,100.0,17.296401515151516,26.984655942519506,73.01534405748049,26.984655942519506
tilted,calm,202,rear,20,loose_dominated,0.2,0.5,100.0,0.0,100.0,0.0,100.0
tilted,calm,202,front,20,loose_dominated,0.2,1.0,100.0,17.296401515151516,16.593464167416094,83.4065358325839,16.593464167416094
tilted,calm,202,rear,20,loose_dominated,0.2,1.0,100.0,0.0,100.0,0.0,100.0
tilted,calm,202,front,20,loose_dominated,0.2,2.0,100.0,17.296401515151516,11.939104654888313,88.06089534511169,11.939104654888313
tilted,calm,202,rear,20,loose_dominated,0.2,2.0,100.0,0.0,100.0,0.0,100.0
tilted,calm,202,front,20,adhered_dominated,0.7,0.5,100.0,17.296401515151516,65.01987964312235,34.98012035687765,65.01987964312235
tilted,calm,202,rear,20,adhered_dominated,0.7,0.5,100.0,0.0,100.0,0.0,100.0
tilted,calm,202,front,20,adhered_dominated,0.7,1.0,100.0,17.296401515151516,54.455663202206296,45.544336797793704,54.455663202206296
tilted,calm,202,rear,20,adhered_dominated,0.7,1.0,100.0,0.0,100.0,0.0,100.0
tilted,calm,202,front,20,adhered_dominated,0.7,2.0,100.0,17.296401515151516,41.72428824305534,58.27571175694466,41.72428824305534
tilted,calm,202,rear,20,adhered_dominated,0.7,2.0,100.0,0.0,100.0,0.0,100.0
tilted,calm,202,front,40,loose_dominated,0.2,0.5,100.0,34.59280303030303,16.593464167416094,83.4065358325839,16.593464167416094
tilted,calm,202,rear,40,loose_dominated,0.2,0.5,100.0,0.0,100.0,0.0,100.0
tilted,calm,202,front,40,loose_dominated,0.2,1.0,100.0,34.59280303030303,11.939104654888313,88.06089534511169,11.939104654888313
tilted,calm,202,rear,40,loose_dominated,0.2,1.0,100.0,0.0,100.0,0.0,100.0
tilted,calm,202,front,40,loose_dominated,0.2,2.0,100.0,34.59280303030303,7.12167917440335,92.87832082559665,7.121679174403351
tilted,calm,202,rear,40,loose_dominated,0.2,2.0,100.0,0.0,100.0,0.0,100.0
tilted,calm,202,front,40,adhered_dominated,0.7,0.5,100.0,34.59280303030303,54.455663202206296,45.544336797793704,54.455663202206296
tilted,calm,202,rear,40,adhered_dominated,0.7,0.5,100.0,0.0,100.0,0.0,100.0
tilted,calm,202,front,40,adhered_dominated,0.7,1.0,100.0,34.59280303030303,41.72428824305534,58.27571175694466,41.72428824305534
tilted,calm,202,rear,40,adhered_dominated,0.7,1.0,100.0,0.0,100.0,0.0,100.0
tilted,calm,202,front,40,adhered_dominated,0.7,2.0,100.0,34.59280303030303,24.925845412413278,75.07415458758672,24.925845412413278
tilted,calm,202,rear,40,adhered_dominated,0.7,2.0,100.0,0.0,100.0,0.0,100.0
tilted,calm,203,front,0,loose_dominated,0.2,0.5,100.0,0.0,100.0,0.0,100.0
tilted,calm,203,rear,0,loose_dominated,0.2,0.5,100.0,0.0,100.0,0.0,100.0
tilted,calm,203,front,0,loose_dominated,0.2,1.0,100.0,0.0,100.0,0.0,100.0
tilted,calm,203,rear,0,loose_dominated,0.2,1.0,100.0,0.0,100.0,0.0,100.0
tilted,calm,203,front,0,loose_dominated,0.2,2.0,100.0,0.0,100.0,0.0,100.0
tilted,calm,203,rear,0,loose_dominated,0.2,2.0,100.0,0.0,100.0,0.0,100.0
tilted,calm,203,front,0,adhered_dominated,0.7,0.5,100.0,0.0,100.0,0.0,100.0
tilted,calm,203,rear,0,adhered_dominated,0.7,0.5,100.0,0.0,100.0,0.0,100.0
tilted,calm,203,front,0,adhered_dominated,0.7,1.0,100.0,0.0,100.0,0.0,100.0
tilted,calm,203,rear,0,adhered_dominated,0.7,1.0,100.0,0.0,100.0,0.0,100.0
tilted,calm,203,front,0,adhered_dominated,0.7,2.0,100.0,0.0,100.0,0.0,100.0
tilted,calm,203,rear,0,adhered_dominated,0.7,2.0,100.0,0.0,100.0,0.0,100.0
tilted,calm,203,front,0.5,loose_dominated,0.2,0.5,100.0,0.43231964531680445,95.72782010634741,4.272179893652591,95.72782010634741
tilted,calm,203,rear,0.5,loose_dominated,0.2,0.5,100.0,0.0,100.0,0.0,100.0
tilted,calm,203,front,0.5,loose_dominated,0.2,1.0,100.0,0.43231964531680445,91.67906597852706,8.320934021472937,91.67906597852706
tilted,calm,203,rear,0.5,loose_dominated,0.2,1.0,100.0,0.0,100.0,0.0,100.0
tilted,calm,203,front,0.5,loose_dominated,0.2,2.0,100.0,0.43231964531680445,84.20469880898794,15.795301191012058,84.20469880898794
tilted,calm,203,rear,0.5,loose_dominated,0.2,2.0,100.0,0.0,100.0,0.0,100.0
tilted,calm,203,front,0.5,adhered_dominated,0.7,0.5,100.0,0.43231964531680445,98.19561301469803,1.8043869853019743,98.19561301469803
tilted,calm,203,rear,0.5,adhered_dominated,0.7,0.5,100.0,0.0,100.0,0.0,100.0
tilted,calm,203,front,0.5,adhered_dominated,0.7,1.0,100.0,0.43231964531680445,96.47567262649537,3.524327373504633,96.47567262649537
tilted,calm,203,rear,0.5,adhered_dominated,0.7,1.0,100.0,0.0,100.0,0.0,100.0
tilted,calm,203,front,0.5,adhered_dominated,0.7,2.0,100.0,0.43231964531680445,93.2714446425438,6.728555357456202,93.2714446425438
tilted,calm,203,rear,0.5,adhered_dominated,0.7,2.0,100.0,0.0,100.0,0.0,100.0
tilted,calm,203,front,2,loose_dominated,0.2,0.5,100.0,1.7292785812672178,84.20469880898794,15.795301191012058,84.20469880898794
tilted,calm,203,rear,2,loose_dominated,0.2,0.5,100.0,0.0,100.0,0.0,100.0
tilted,calm,203,front,2,loose_dominated,0.2,1.0,100.0,1.7292785812672178,71.45278220375378,28.547217796246215,71.45278220375378
tilted,calm,203,rear,2,loose_dominated,0.2,1.0,100.0,0.0,100.0,0.0,100.0
tilted,calm,203,front,2,loose_dominated,0.2,2.0,100.0,1.7292785812672178,52.801321876049045,47.198678123950955,52.801321876049045
tilted,calm,203,rear,2,loose_dominated,0.2,2.0,100.0,0.0,100.0,0.0,100.0
tilted,calm,203,front,2,adhered_dominated,0.7,0.5,100.0,1.7292785812672178,93.2714446425438,6.728555357456202,93.2714446425438
tilted,calm,203,rear,2,adhered_dominated,0.7,0.5,100.0,0.0,100.0,0.0,100.0
tilted,calm,203,front,2,adhered_dominated,0.7,1.0,100.0,1.7292785812672178,87.69462832609813,12.305371673901874,87.69462832609811
tilted,calm,203,rear,2,adhered_dominated,0.7,1.0,100.0,0.0,100.0,0.0,100.0
tilted,calm,203,front,2,adhered_dominated,0.7,2.0,100.0,1.7292785812672178,79.1415033141772,20.8584966858228,79.1415033141772
tilted,calm,203,rear,2,adhered_dominated,0.7,2.0,100.0,0.0,100.0,0.0,100.0
tilted,calm,203,front,5,loose_dominated,0.2,0.5,100.0,4.323196453168045,66.02590086460114,33.97409913539886,66.02590086460114
tilted,calm,203,rear,5,loose_dominated,0.2,0.5,100.0,0.0,100.0,0.0,100.0
tilted,calm,203,front,5,loose_dominated,0.2,1.0,100.0,4.323196453168045,46.03642471631368,53.96357528368632,46.03642471631369
tilted,calm,203,rear,5,loose_dominated,0.2,1.0,100.0,0.0,100.0,0.0,100.0
tilted,calm,203,front,5,loose_dominated,0.2,2.0,100.0,4.323196453168045,26.97864026029905,73.02135973970096,26.97864026029905
tilted,calm,203,rear,5,loose_dominated,0.2,2.0,100.0,0.0,100.0,0.0,100.0
tilted,calm,203,front,5,adhered_dominated,0.7,0.5,100.0,4.323196453168045,85.26600913206737,14.733990867932633,85.26600913206738
tilted,calm,203,rear,5,adhered_dominated,0.7,0.5,100.0,0.0,100.0,0.0,100.0
tilted,calm,203,front,5,adhered_dominated,0.7,1.0,100.0,4.323196453168045,75.84041689236959,24.15958310763041,75.84041689236959
tilted,calm,203,rear,5,adhered_dominated,0.7,1.0,100.0,0.0,100.0,0.0,100.0
tilted,calm,203,front,5,adhered_dominated,0.7,2.0,100.0,4.323196453168045,65.01890259186426,34.98109740813574,65.01890259186426
tilted,calm,203,rear,5,adhered_dominated,0.7,2.0,100.0,0.0,100.0,0.0,100.0
tilted,calm,203,front,10,loose_dominated,0.2,0.5,100.0,8.64639290633609,46.03642471631368,53.96357528368632,46.03642471631369
tilted,calm,203,rear,10,loose_dominated,0.2,0.5,100.0,0.0,100.0,0.0,100.0
tilted,calm,203,front,10,loose_dominated,0.2,1.0,100.0,8.64639290633609,26.97864026029905,73.02135973970096,26.97864026029905
tilted,calm,203,rear,10,loose_dominated,0.2,1.0,100.0,0.0,100.0,0.0,100.0
tilted,calm,203,front,10,loose_dominated,0.2,2.0,100.0,8.64639290633609,16.589533191919326,83.41046680808067,16.589533191919326
tilted,calm,203,rear,10,loose_dominated,0.2,2.0,100.0,0.0,100.0,0.0,100.0
tilted,calm,203,front,10,adhered_dominated,0.7,0.5,100.0,8.64639290633609,75.84041689236959,24.15958310763041,75.84041689236959
tilted,calm,203,rear,10,adhered_dominated,0.7,0.5,100.0,0.0,100.0,0.0,100.0
tilted,calm,203,front,10,adhered_dominated,0.7,1.0,100.0,8.64639290633609,65.01890259186426,34.98109740813574,65.01890259186426
tilted,calm,203,rear,10,adhered_dominated,0.7,1.0,100.0,0.0,100.0,0.0,100.0
tilted,calm,203,front,10,adhered_dominated,0.7,2.0,100.0,8.64639290633609,54.45606422821681,45.54393577178319,54.45606422821681
tilted,calm,203,rear,10,adhered_dominated,0.7,2.0,100.0,0.0,100.0,0.0,100.0
tilted,calm,203,front,20,loose_dominated,0.2,0.5,100.0,17.29278581267218,26.97864026029905,73.02135973970096,26.97864026029905
tilted,calm,203,rear,20,loose_dominated,0.2,0.5,100.0,0.0,100.0,0.0,100.0
tilted,calm,203,front,20,loose_dominated,0.2,1.0,100.0,17.29278581267218,16.589533191919326,83.41046680808067,16.589533191919326
tilted,calm,203,rear,20,loose_dominated,0.2,1.0,100.0,0.0,100.0,0.0,100.0
tilted,calm,203,front,20,loose_dominated,0.2,2.0,100.0,17.29278581267218,11.939273891846339,88.06072610815366,11.939273891846339
tilted,calm,203,rear,20,loose_dominated,0.2,2.0,100.0,0.0,100.0,0.0,100.0
tilted,calm,203,front,20,adhered_dominated,0.7,0.5,100.0,17.29278581267218,65.01890259186426,34.98109740813574,65.01890259186426
tilted,calm,203,rear,20,adhered_dominated,0.7,0.5,100.0,0.0,100.0,0.0,100.0
tilted,calm,203,front,20,adhered_dominated,0.7,1.0,100.0,17.29278581267218,54.45606422821681,45.54393577178319,54.45606422821681
tilted,calm,203,rear,20,adhered_dominated,0.7,1.0,100.0,0.0,100.0,0.0,100.0
tilted,calm,203,front,20,adhered_dominated,0.7,2.0,100.0,17.29278581267218,41.72608308196068,58.27391691803932,41.72608308196068
tilted,calm,203,rear,20,adhered_dominated,0.7,2.0,100.0,0.0,100.0,0.0,100.0
tilted,calm,203,front,40,loose_dominated,0.2,0.5,100.0,34.58557162534436,16.589533191919326,83.41046680808067,16.589533191919326
tilted,calm,203,rear,40,loose_dominated,0.2,0.5,100.0,0.0,100.0,0.0,100.0
tilted,calm,203,front,40,loose_dominated,0.2,1.0,100.0,34.58557162534436,11.939273891846339,88.06072610815366,11.939273891846339
tilted,calm,203,rear,40,loose_dominated,0.2,1.0,100.0,0.0,100.0,0.0,100.0
tilted,calm,203,front,40,loose_dominated,0.2,2.0,100.0,34.58557162534436,7.121426589041948,92.87857341095805,7.121426589041948
tilted,calm,203,rear,40,loose_dominated,0.2,2.0,100.0,0.0,100.0,0.0,100.0
tilted,calm,203,front,40,adhered_dominated,0.7,0.5,100.0,34.58557162534436,54.45606422821681,45.54393577178319,54.45606422821681
tilted,calm,203,rear,40,adhered_dominated,0.7,0.5,100.0,0.0,100.0,0.0,100.0
tilted,calm,203,front,40,adhered_dominated,0.7,1.0,100.0,34.58557162534436,41.72608308196068,58.27391691803932,41.72608308196068
tilted,calm,203,rear,40,adhered_dominated,0.7,1.0,100.0,0.0,100.0,0.0,100.0
tilted,calm,203,front,40,adhered_dominated,0.7,2.0,100.0,34.58557162534436,24.92496409614881,75.07503590385119,24.92496409614881
tilted,calm,203,rear,40,adhered_dominated,0.7,2.0,100.0,0.0,100.0,0.0,100.0
tilted,from_east,201,front,0,loose_dominated,0.2,0.5,100.0,0.0,100.0,0.0,100.0
tilted,from_east,201,rear,0,loose_dominated,0.2,0.5,100.0,0.0,100.0,0.0,100.0
tilted,from_east,201,front,0,loose_dominated,0.2,1.0,100.0,0.0,100.0,0.0,100.0
tilted,from_east,201,rear,0,loose_dominated,0.2,1.0,100.0,0.0,100.0,0.0,100.0
tilted,from_east,201,front,0,loose_dominated,0.2,2.0,100.0,0.0,100.0,0.0,100.0
tilted,from_east,201,rear,0,loose_dominated,0.2,2.0,100.0,0.0,100.0,0.0,100.0
tilted,from_east,201,front,0,adhered_dominated,0.7,0.5,100.0,0.0,100.0,0.0,100.0
tilted,from_east,201,rear,0,adhered_dominated,0.7,0.5,100.0,0.0,100.0,0.0,100.0
tilted,from_east,201,front,0,adhered_dominated,0.7,1.0,100.0,0.0,100.0,0.0,100.0
tilted,from_east,201,rear,0,adhered_dominated,0.7,1.0,100.0,0.0,100.0,0.0,100.0
tilted,from_east,201,front,0,adhered_dominated,0.7,2.0,100.0,0.0,100.0,0.0,100.0
tilted,from_east,201,rear,0,adhered_dominated,0.7,2.0,100.0,0.0,100.0,0.0,100.0
tilted,from_east,201,front,0.5,loose_dominated,0.2,0.5,100.0,0.43264573002754825,95.72478353182474,4.275216468175259,95.72478353182474
tilted,from_east,201,rear,0.5,loose_dominated,0.2,0.5,100.0,0.0,100.0,0.0,100.0
tilted,from_east,201,front,0.5,loose_dominated,0.2,1.0,100.0,0.43264573002754825,91.67349974314372,8.326500256856278,91.67349974314374
tilted,from_east,201,rear,0.5,loose_dominated,0.2,1.0,100.0,0.0,100.0,0.0,100.0
tilted,from_east,201,front,0.5,loose_dominated,0.2,2.0,100.0,0.43264573002754825,84.19538293679555,15.804617063204446,84.19538293679555
tilted,from_east,201,rear,0.5,loose_dominated,0.2,2.0,100.0,0.0,100.0,0.0,100.0
tilted,from_east,201,front,0.5,adhered_dominated,0.7,0.5,100.0,0.43264573002754825,98.19432428280513,1.8056757171948732,98.19432428280511
tilted,from_east,201,rear,0.5,adhered_dominated,0.7,0.5,100.0,0.0,100.0,0.0,100.0
tilted,from_east,201,front,0.5,adhered_dominated,0.7,1.0,100.0,0.43264573002754825,96.47328204313914,3.526717956860864,96.47328204313914
tilted,from_east,201,rear,0.5,adhered_dominated,0.7,1.0,100.0,0.0,100.0,0.0,100.0
tilted,from_east,201,front,0.5,adhered_dominated,0.7,2.0,100.0,0.43264573002754825,93.26735109488169,6.73264890511831,93.26735109488169
tilted,from_east,201,rear,0.5,adhered_dominated,0.7,2.0,100.0,0.0,100.0,0.0,100.0
tilted,from_east,201,front,2,loose_dominated,0.2,0.5,100.0,1.730582920110193,84.19538293679555,15.804617063204446,84.19538293679555
tilted,from_east,201,rear,2,loose_dominated,0.2,0.5,100.0,0.0,100.0,0.0,100.0
tilted,from_east,201,front,2,loose_dominated,0.2,1.0,100.0,1.730582920110193,71.43993638555209,28.560063614447913,71.43993638555209
tilted,from_east,201,rear,2,loose_dominated,0.2,1.0,100.0,0.0,100.0,0.0,100.0
tilted,from_east,201,front,2,loose_dominated,0.2,2.0,100.0,1.730582920110193,52.79023073116938,47.20976926883062,52.79023073116937
tilted,from_east,201,rear,2,loose_dominated,0.2,2.0,100.0,0.0,100.0,0.0,100.0
tilted,from_east,201,front,2,adhered_dominated,0.7,0.5,100.0,1.730582920110193,93.26735109488169,6.73264890511831,93.26735109488169
tilted,from_east,201,rear,2,adhered_dominated,0.7,0.5,100.0,0.0,100.0,0.0,100.0
tilted,from_east,201,front,2,adhered_dominated,0.7,1.0,100.0,1.730582920110193,87.6886386791865,12.311361320813504,87.6886386791865
tilted,from_east,201,rear,2,adhered_dominated,0.7,1.0,100.0,0.0,100.0,0.0,100.0
tilted,from_east,201,front,2,adhered_dominated,0.7,2.0,100.0,1.730582920110193,79.13509529034296,20.86490470965704,79.13509529034296
tilted,from_east,201,rear,2,adhered_dominated,0.7,2.0,100.0,0.0,100.0,0.0,100.0
tilted,from_east,201,front,5,loose_dominated,0.2,0.5,100.0,4.326457300275482,66.01269949674607,33.987300503253934,66.01269949674607
tilted,from_east,201,rear,5,loose_dominated,0.2,0.5,100.0,0.0,100.0,0.0,100.0
tilted,from_east,201,front,5,loose_dominated,0.2,1.0,100.0,4.326457300275482,46.02804400324821,53.97195599675179,46.02804400324821
tilted,from_east,201,rear,5,loose_dominated,0.2,1.0,100.0,0.0,100.0,0.0,100.0
tilted,from_east,201,front,5,loose_dominated,0.2,2.0,100.0,4.326457300275482,26.98209354877472,73.01790645122529,26.98209354877472
tilted,from_east,201,rear,5,loose_dominated,0.2,2.0,100.0,0.0,100.0,0.0,100.0
tilted,from_east,201,front,5,adhered_dominated,0.7,0.5,100.0,4.326457300275482,85.25960805416108,14.740391945838923,85.25960805416108
tilted,from_east,201,rear,5,adhered_dominated,0.7,0.5,100.0,0.0,100.0,0.0,100.0
tilted,from_east,201,front,5,adhered_dominated,0.7,1.0,100.0,4.326457300275482,75.83452153205872,24.165478467941284,75.83452153205872
tilted,from_east,201,rear,5,adhered_dominated,0.7,1.0,100.0,0.0,100.0,0.0,100.0
tilted,from_east,201,front,5,adhered_dominated,0.7,2.0,100.0,4.326457300275482,65.01525134245554,34.98474865754446,65.01525134245554
tilted,from_east,201,rear,5,adhered_dominated,0.7,2.0,100.0,0.0,100.0,0.0,100.0
tilted,from_east,201,front,10,loose_dominated,0.2,0.5,100.0,8.652914600550965,46.02804400324821,53.97195599675179,46.02804400324821
tilted,from_east,201,rear,10,loose_dominated,0.2,0.5,100.0,0.0,100.0,0.0,100.0
tilted,from_east,201,front,10,loose_dominated,0.2,1.0,100.0,8.652914600550965,26.98209354877472,73.01790645122529,26.98209354877472
tilted,from_east,201,rear,10,loose_dominated,0.2,1.0,100.0,0.0,100.0,0.0,100.0
tilted,from_east,201,front,10,loose_dominated,0.2,2.0,100.0,8.652914600550965,16.59307894607385,83.40692105392615,16.59307894607385
tilted,from_east,201,rear,10,loose_dominated,0.2,2.0,100.0,0.0,100.0,0.0,100.0
tilted,from_east,201,front,10,adhered_dominated,0.7,0.5,100.0,8.652914600550965,75.83452153205872,24.165478467941284,75.83452153205872
tilted,from_east,201,rear,10,adhered_dominated,0.7,0.5,100.0,0.0,100.0,0.0,100.0
tilted,from_east,201,front,10,adhered_dominated,0.7,1.0,100.0,8.652914600550965,65.01525134245554,34.98474865754446,65.01525134245554
tilted,from_east,201,rear,10,adhered_dominated,0.7,1.0,100.0,0.0,100.0,0.0,100.0
tilted,from_east,201,front,10,adhered_dominated,0.7,2.0,100.0,8.652914600550965,54.44945044318835,45.55054955681165,54.44945044318834
tilted,from_east,201,rear,10,adhered_dominated,0.7,2.0,100.0,0.0,100.0,0.0,100.0
tilted,from_east,201,front,20,loose_dominated,0.2,0.5,100.0,17.30582920110193,26.98209354877472,73.01790645122529,26.98209354877472
tilted,from_east,201,rear,20,loose_dominated,0.2,0.5,100.0,0.0,100.0,0.0,100.0
tilted,from_east,201,front,20,loose_dominated,0.2,1.0,100.0,17.30582920110193,16.59307894607385,83.40692105392615,16.59307894607385
tilted,from_east,201,rear,20,loose_dominated,0.2,1.0,100.0,0.0,100.0,0.0,100.0
tilted,from_east,201,front,20,loose_dominated,0.2,2.0,100.0,17.30582920110193,11.93656490445137,88.06343509554863,11.93656490445137
tilted,from_east,201,rear,20,loose_dominated,0.2,2.0,100.0,0.0,100.0,0.0,100.0
tilted,from_east,201,front,20,adhered_dominated,0.7,0.5,100.0,17.30582920110193,65.01525134245554,34.98474865754446,65.01525134245554
tilted,from_east,201,rear,20,adhered_dominated,0.7,0.5,100.0,0.0,100.0,0.0,100.0
tilted,from_east,201,front,20,adhered_dominated,0.7,1.0,100.0,17.30582920110193,54.44945044318835,45.55054955681165,54.44945044318834
tilted,from_east,201,rear,20,adhered_dominated,0.7,1.0,100.0,0.0,100.0,0.0,100.0
tilted,from_east,201,front,20,adhered_dominated,0.7,2.0,100.0,17.30582920110193,41.7151132106781,58.2848867893219,41.7151132106781
tilted,from_east,201,rear,20,adhered_dominated,0.7,2.0,100.0,0.0,100.0,0.0,100.0
tilted,from_east,201,front,40,loose_dominated,0.2,0.5,100.0,34.61165840220386,16.59307894607385,83.40692105392615,16.59307894607385
tilted,from_east,201,rear,40,loose_dominated,0.2,0.5,100.0,0.0,100.0,0.0,100.0
tilted,from_east,201,front,40,loose_dominated,0.2,1.0,100.0,34.61165840220386,11.93656490445137,88.06343509554863,11.93656490445137
tilted,from_east,201,rear,40,loose_dominated,0.2,1.0,100.0,0.0,100.0,0.0,100.0
tilted,from_east,201,front,40,loose_dominated,0.2,2.0,100.0,34.61165840220386,7.119400014728308,92.88059998527169,7.119400014728308
tilted,from_east,201,rear,40,loose_dominated,0.2,2.0,100.0,0.0,100.0,0.0,100.0
tilted,from_east,201,front,40,adhered_dominated,0.7,0.5,100.0,34.61165840220386,54.44945044318835,45.55054955681165,54.44945044318834
tilted,from_east,201,rear,40,adhered_dominated,0.7,0.5,100.0,0.0,100.0,0.0,100.0
tilted,from_east,201,front,40,adhered_dominated,0.7,1.0,100.0,34.61165840220386,41.7151132106781,58.2848867893219,41.7151132106781
tilted,from_east,201,rear,40,adhered_dominated,0.7,1.0,100.0,0.0,100.0,0.0,100.0
tilted,from_east,201,front,40,adhered_dominated,0.7,2.0,100.0,34.61165840220386,24.91786857644717,75.08213142355282,24.917868576447166
tilted,from_east,201,rear,40,adhered_dominated,0.7,2.0,100.0,0.0,100.0,0.0,100.0
tilted,from_east,202,front,0,loose_dominated,0.2,0.5,100.0,0.0,100.0,0.0,100.0
tilted,from_east,202,rear,0,loose_dominated,0.2,0.5,100.0,0.0,100.0,0.0,100.0
tilted,from_east,202,front,0,loose_dominated,0.2,1.0,100.0,0.0,100.0,0.0,100.0
tilted,from_east,202,rear,0,loose_dominated,0.2,1.0,100.0,0.0,100.0,0.0,100.0
tilted,from_east,202,front,0,loose_dominated,0.2,2.0,100.0,0.0,100.0,0.0,100.0
tilted,from_east,202,rear,0,loose_dominated,0.2,2.0,100.0,0.0,100.0,0.0,100.0
tilted,from_east,202,front,0,adhered_dominated,0.7,0.5,100.0,0.0,100.0,0.0,100.0
tilted,from_east,202,rear,0,adhered_dominated,0.7,0.5,100.0,0.0,100.0,0.0,100.0
tilted,from_east,202,front,0,adhered_dominated,0.7,1.0,100.0,0.0,100.0,0.0,100.0
tilted,from_east,202,rear,0,adhered_dominated,0.7,1.0,100.0,0.0,100.0,0.0,100.0
tilted,from_east,202,front,0,adhered_dominated,0.7,2.0,100.0,0.0,100.0,0.0,100.0
tilted,from_east,202,rear,0,adhered_dominated,0.7,2.0,100.0,0.0,100.0,0.0,100.0
tilted,from_east,202,front,0.5,loose_dominated,0.2,0.5,100.0,0.4325928374655648,95.72524259885152,4.274757401148477,95.72524259885152
tilted,from_east,202,rear,0.5,loose_dominated,0.2,0.5,100.0,0.0,100.0,0.0,100.0
tilted,from_east,202,front,0.5,loose_dominated,0.2,1.0,100.0,0.4325928374655648,91.67427569627762,8.325724303722382,91.67427569627762
tilted,from_east,202,rear,0.5,loose_dominated,0.2,1.0,100.0,0.0,100.0,0.0,100.0
tilted,from_east,202,front,0.5,loose_dominated,0.2,2.0,100.0,0.4325928374655648,84.19644050598144,15.803559494018558,84.19644050598144
tilted,from_east,202,rear,0.5,loose_dominated,0.2,2.0,100.0,0.0,100.0,0.0,100.0
tilted,from_east,202,front,0.5,adhered_dominated,0.7,0.5,100.0,0.4325928374655648,98.19452111323675,1.8054788867632539,98.19452111323675
tilted,from_east,202,rear,0.5,adhered_dominated,0.7,0.5,100.0,0.0,100.0,0.0,100.0
tilted,from_east,202,front,0.5,adhered_dominated,0.7,1.0,100.0,0.4325928374655648,96.47362154722214,3.5263784527778625,96.47362154722214
tilted,from_east,202,rear,0.5,adhered_dominated,0.7,1.0,100.0,0.0,100.0,0.0,100.0
tilted,from_east,202,front,0.5,adhered_dominated,0.7,2.0,100.0,0.4325928374655648,93.26784330209097,6.7321566979090335,93.26784330209097
tilted,from_east,202,rear,0.5,adhered_dominated,0.7,2.0,100.0,0.0,100.0,0.0,100.0
tilted,from_east,202,front,2,loose_dominated,0.2,0.5,100.0,1.7303713498622593,84.19644050598144,15.803559494018558,84.19644050598144
tilted,from_east,202,rear,2,loose_dominated,0.2,0.5,100.0,0.0,100.0,0.0,100.0
tilted,from_east,202,front,2,loose_dominated,0.2,1.0,100.0,1.7303713498622593,71.44056509335836,28.55943490664164,71.44056509335836
tilted,from_east,202,rear,2,loose_dominated,0.2,1.0,100.0,0.0,100.0,0.0,100.0
tilted,from_east,202,front,2,loose_dominated,0.2,2.0,100.0,1.7303713498622593,52.788285636901854,47.211714363098146,52.788285636901854
tilted,from_east,202,rear,2,loose_dominated,0.2,2.0,100.0,0.0,100.0,0.0,100.0
tilted,from_east,202,front,2,adhered_dominated,0.7,0.5,100.0,1.7303713498622593,93.26784330209097,6.7321566979090335,93.26784330209097
tilted,from_east,202,rear,2,adhered_dominated,0.7,0.5,100.0,0.0,100.0,0.0,100.0
tilted,from_east,202,front,2,adhered_dominated,0.7,1.0,100.0,1.7303713498622593,87.68905851046244,12.310941489537555,87.68905851046243
tilted,from_east,202,rear,2,adhered_dominated,0.7,1.0,100.0,0.0,100.0,0.0,100.0
tilted,from_east,202,front,2,adhered_dominated,0.7,2.0,100.0,1.7303713498622593,79.13470624287923,20.865293757120767,79.13470624287923
tilted,from_east,202,rear,2,adhered_dominated,0.7,2.0,100.0,0.0,100.0,0.0,100.0
tilted,from_east,202,front,5,loose_dominated,0.2,0.5,100.0,4.325928374655648,66.0128051996231,33.9871948003769,66.0128051996231
tilted,from_east,202,rear,5,loose_dominated,0.2,0.5,100.0,0.0,100.0,0.0,100.0
tilted,from_east,202,front,5,loose_dominated,0.2,1.0,100.0,4.325928374655648,46.02470910549164,53.97529089450836,46.02470910549164
tilted,from_east,202,rear,5,loose_dominated,0.2,1.0,100.0,0.0,100.0,0.0,100.0
tilted,from_east,202,front,5,loose_dominated,0.2,2.0,100.0,4.325928374655648,26.97524397671223,73.02475602328778,26.97524397671223
tilted,from_east,202,rear,5,loose_dominated,0.2,2.0,100.0,0.0,100.0,0.0,100.0
tilted,from_east,202,front,5,adhered_dominated,0.7,0.5,100.0,4.325928374655648,85.25987348953883,14.740126510461167,85.25987348953885
tilted,from_east,202,rear,5,adhered_dominated,0.7,0.5,100.0,0.0,100.0,0.0,100.0
tilted,from_east,202,front,5,adhered_dominated,0.7,1.0,100.0,4.325928374655648,75.83368027210236,24.166319727897644,75.83368027210236
tilted,from_east,202,rear,5,adhered_dominated,0.7,1.0,100.0,0.0,100.0,0.0,100.0
tilted,from_east,202,front,5,adhered_dominated,0.7,2.0,100.0,4.325928374655648,65.0133459965388,34.9866540034612,65.0133459965388
tilted,from_east,202,rear,5,adhered_dominated,0.7,2.0,100.0,0.0,100.0,0.0,100.0
tilted,from_east,202,front,10,loose_dominated,0.2,0.5,100.0,8.651856749311296,46.02470910549164,53.97529089450836,46.02470910549164
tilted,from_east,202,rear,10,loose_dominated,0.2,0.5,100.0,0.0,100.0,0.0,100.0
tilted,from_east,202,front,10,loose_dominated,0.2,1.0,100.0,8.651856749311296,26.97524397671223,73.02475602328778,26.97524397671223
tilted,from_east,202,rear,10,loose_dominated,0.2,1.0,100.0,0.0,100.0,0.0,100.0
tilted,from_east,202,front,10,loose_dominated,0.2,2.0,100.0,8.651856749311296,16.589514673749605,83.4104853262504,16.589514673749605
tilted,from_east,202,rear,10,loose_dominated,0.2,2.0,100.0,0.0,100.0,0.0,100.0
tilted,from_east,202,front,10,adhered_dominated,0.7,0.5,100.0,8.651856749311296,75.83368027210236,24.166319727897644,75.83368027210236
tilted,from_east,202,rear,10,adhered_dominated,0.7,0.5,100.0,0.0,100.0,0.0,100.0
tilted,from_east,202,front,10,adhered_dominated,0.7,1.0,100.0,8.651856749311296,65.0133459965388,34.9866540034612,65.0133459965388
tilted,from_east,202,rear,10,adhered_dominated,0.7,1.0,100.0,0.0,100.0,0.0,100.0
tilted,from_east,202,front,10,adhered_dominated,0.7,2.0,100.0,8.651856749311296,54.44891461928685,45.55108538071315,54.44891461928685
tilted,from_east,202,rear,10,adhered_dominated,0.7,2.0,100.0,0.0,100.0,0.0,100.0
tilted,from_east,202,front,20,loose_dominated,0.2,0.5,100.0,17.303713498622592,26.97524397671223,73.02475602328778,26.97524397671223
tilted,from_east,202,rear,20,loose_dominated,0.2,0.5,100.0,0.0,100.0,0.0,100.0
tilted,from_east,202,front,20,loose_dominated,0.2,1.0,100.0,17.303713498622592,16.589514673749605,83.4104853262504,16.589514673749605
tilted,from_east,202,rear,20,loose_dominated,0.2,1.0,100.0,0.0,100.0,0.0,100.0
tilted,from_east,202,front,20,loose_dominated,0.2,2.0,100.0,17.303713498622592,11.936369143426418,88.06363085657358,11.936369143426418
tilted,from_east,202,rear,20,loose_dominated,0.2,2.0,100.0,0.0,100.0,0.0,100.0
tilted,from_east,202,front,20,adhered_dominated,0.7,0.5,100.0,17.303713498622592,65.0133459965388,34.9866540034612,65.0133459965388
tilted,from_east,202,rear,20,adhered_dominated,0.7,0.5,100.0,0.0,100.0,0.0,100.0
tilted,from_east,202,front,20,adhered_dominated,0.7,1.0,100.0,17.303713498622592,54.44891461928685,45.55108538071315,54.44891461928685
tilted,from_east,202,rear,20,adhered_dominated,0.7,1.0,100.0,0.0,100.0,0.0,100.0
tilted,from_east,202,front,20,adhered_dominated,0.7,2.0,100.0,17.303713498622592,41.715158055226006,58.284841944773994,41.715158055226
tilted,from_east,202,rear,20,adhered_dominated,0.7,2.0,100.0,0.0,100.0,0.0,100.0
tilted,from_east,202,front,40,loose_dominated,0.2,0.5,100.0,34.607426997245184,16.589514673749605,83.4104853262504,16.589514673749605
tilted,from_east,202,rear,40,loose_dominated,0.2,0.5,100.0,0.0,100.0,0.0,100.0
tilted,from_east,202,front,40,loose_dominated,0.2,1.0,100.0,34.607426997245184,11.936369143426418,88.06363085657358,11.936369143426418
tilted,from_east,202,rear,40,loose_dominated,0.2,1.0,100.0,0.0,100.0,0.0,100.0
tilted,from_east,202,front,40,loose_dominated,0.2,2.0,100.0,34.607426997245184,7.118601184338331,92.88139881566167,7.118601184338331
tilted,from_east,202,rear,40,loose_dominated,0.2,2.0,100.0,0.0,100.0,0.0,100.0
tilted,from_east,202,front,40,adhered_dominated,0.7,0.5,100.0,34.607426997245184,54.44891461928685,45.55108538071315,54.44891461928685
tilted,from_east,202,rear,40,adhered_dominated,0.7,0.5,100.0,0.0,100.0,0.0,100.0
tilted,from_east,202,front,40,adhered_dominated,0.7,1.0,100.0,34.607426997245184,41.715158055226006,58.284841944773994,41.715158055226
tilted,from_east,202,rear,40,adhered_dominated,0.7,1.0,100.0,0.0,100.0,0.0,100.0
tilted,from_east,202,front,40,adhered_dominated,0.7,2.0,100.0,34.607426997245184,24.915073371926944,75.08492662807305,24.91507337192694
tilted,from_east,202,rear,40,adhered_dominated,0.7,2.0,100.0,0.0,100.0,0.0,100.0
tilted,from_east,203,front,0,loose_dominated,0.2,0.5,100.0,0.0,100.0,0.0,100.0
tilted,from_east,203,rear,0,loose_dominated,0.2,0.5,100.0,0.0,100.0,0.0,100.0
tilted,from_east,203,front,0,loose_dominated,0.2,1.0,100.0,0.0,100.0,0.0,100.0
tilted,from_east,203,rear,0,loose_dominated,0.2,1.0,100.0,0.0,100.0,0.0,100.0
tilted,from_east,203,front,0,loose_dominated,0.2,2.0,100.0,0.0,100.0,0.0,100.0
tilted,from_east,203,rear,0,loose_dominated,0.2,2.0,100.0,0.0,100.0,0.0,100.0
tilted,from_east,203,front,0,adhered_dominated,0.7,0.5,100.0,0.0,100.0,0.0,100.0
tilted,from_east,203,rear,0,adhered_dominated,0.7,0.5,100.0,0.0,100.0,0.0,100.0
tilted,from_east,203,front,0,adhered_dominated,0.7,1.0,100.0,0.0,100.0,0.0,100.0
tilted,from_east,203,rear,0,adhered_dominated,0.7,1.0,100.0,0.0,100.0,0.0,100.0
tilted,from_east,203,front,0,adhered_dominated,0.7,2.0,100.0,0.0,100.0,0.0,100.0
tilted,from_east,203,rear,0,adhered_dominated,0.7,2.0,100.0,0.0,100.0,0.0,100.0
tilted,from_east,203,front,0.5,loose_dominated,0.2,0.5,100.0,0.4325994490358127,95.7251844326655,4.2748155673345,95.7251844326655
tilted,from_east,203,rear,0.5,loose_dominated,0.2,0.5,100.0,0.0,100.0,0.0,100.0
tilted,from_east,203,front,0.5,loose_dominated,0.2,1.0,100.0,0.4325994490358127,91.6741760691007,8.325823930899304,91.67417606910071
tilted,from_east,203,rear,0.5,loose_dominated,0.2,1.0,100.0,0.0,100.0,0.0,100.0
tilted,from_east,203,front,0.5,loose_dominated,0.2,2.0,100.0,0.4325994490358127,84.19629811843237,15.803701881567633,84.19629811843237
tilted,from_east,203,rear,0.5,loose_dominated,0.2,2.0,100.0,0.0,100.0,0.0,100.0
tilted,from_east,203,front,0.5,adhered_dominated,0.7,0.5,100.0,0.4325994490358127,98.1944961031278,1.805503896872196,98.1944961031278
tilted,from_east,203,rear,0.5,adhered_dominated,0.7,0.5,100.0,0.0,100.0,0.0,100.0
tilted,from_east,203,front,0.5,adhered_dominated,0.7,1.0,100.0,0.4325994490358127,96.47357830603917,3.5264216939608275,96.47357830603919
tilted,from_east,203,rear,0.5,adhered_dominated,0.7,1.0,100.0,0.0,100.0,0.0,100.0
tilted,from_east,203,front,0.5,adhered_dominated,0.7,2.0,100.0,0.4325994490358127,93.26777772903442,6.732222270965579,93.26777772903442
tilted,from_east,203,rear,0.5,adhered_dominated,0.7,2.0,100.0,0.0,100.0,0.0,100.0
tilted,from_east,203,front,2,loose_dominated,0.2,0.5,100.0,1.7303977961432508,84.19629811843237,15.803701881567633,84.19629811843237
tilted,from_east,203,rear,2,loose_dominated,0.2,0.5,100.0,0.0,100.0,0.0,100.0
tilted,from_east,203,front,2,loose_dominated,0.2,1.0,100.0,1.7303977961432508,71.44044954578082,28.559550454219178,71.44044954578082
tilted,from_east,203,rear,2,loose_dominated,0.2,1.0,100.0,0.0,100.0,0.0,100.0
tilted,from_east,203,front,2,loose_dominated,0.2,2.0,100.0,1.7303977961432508,52.78841442664464,47.21158557335536,52.78841442664464
tilted,from_east,203,rear,2,loose_dominated,0.2,2.0,100.0,0.0,100.0,0.0,100.0
tilted,from_east,203,front,2,adhered_dominated,0.7,0.5,100.0,1.7303977961432508,93.26777772903442,6.732222270965579,93.26777772903442
tilted,from_east,203,rear,2,adhered_dominated,0.7,0.5,100.0,0.0,100.0,0.0,100.0
tilted,from_east,203,front,2,adhered_dominated,0.7,1.0,100.0,1.7303977961432508,87.68899207909902,12.311007920900977,87.68899207909902
tilted,from_east,203,rear,2,adhered_dominated,0.7,1.0,100.0,0.0,100.0,0.0,100.0
tilted,from_east,203,front,2,adhered_dominated,0.7,2.0,100.0,1.7303977961432508,79.13471148411433,20.865288515885666,79.13471148411433
tilted,from_east,203,rear,2,adhered_dominated,0.7,2.0,100.0,0.0,100.0,0.0,100.0
tilted,from_east,203,front,5,loose_dominated,0.2,0.5,100.0,4.325994490358127,66.01273708144824,33.987262918551764,66.01273708144824
tilted,from_east,203,rear,5,loose_dominated,0.2,0.5,100.0,0.0,100.0,0.0,100.0
tilted,from_east,203,front,5,loose_dominated,0.2,1.0,100.0,4.325994490358127,46.02497359315554,53.97502640684446,46.02497359315554
tilted,from_east,203,rear,5,loose_dominated,0.2,1.0,100.0,0.0,100.0,0.0,100.0
tilted,from_east,203,front,5,loose_dominated,0.2,2.0,100.0,4.325994490358127,26.975878762205443,73.02412123779456,26.975878762205443
tilted,from_east,203,rear,5,loose_dominated,0.2,2.0,100.0,0.0,100.0,0.0,100.0
tilted,from_east,203,front,5,adhered_dominated,0.7,0.5,100.0,4.325994490358127,85.25981934070587,14.740180659294126,85.25981934070587
tilted,from_east,203,rear,5,adhered_dominated,0.7,0.5,100.0,0.0,100.0,0.0,100.0
tilted,from_east,203,front,5,adhered_dominated,0.7,1.0,100.0,4.325994490358127,75.83372738361359,24.166272616386408,75.83372738361359
tilted,from_east,203,rear,5,adhered_dominated,0.7,1.0,100.0,0.0,100.0,0.0,100.0
tilted,from_east,203,front,5,adhered_dominated,0.7,2.0,100.0,4.325994490358127,65.01349819501242,34.98650180498758,65.01349819501242
tilted,from_east,203,rear,5,adhered_dominated,0.7,2.0,100.0,0.0,100.0,0.0,100.0
tilted,from_east,203,front,10,loose_dominated,0.2,0.5,100.0,8.651988980716254,46.02497359315554,53.97502640684446,46.02497359315554
tilted,from_east,203,rear,10,loose_dominated,0.2,0.5,100.0,0.0,100.0,0.0,100.0
tilted,from_east,203,front,10,loose_dominated,0.2,1.0,100.0,8.651988980716254,26.975878762205443,73.02412123779456,26.975878762205443
tilted,from_east,203,rear,10,loose_dominated,0.2,1.0,100.0,0.0,100.0,0.0,100.0
tilted,from_east,203,front,10,loose_dominated,0.2,2.0,100.0,8.651988980716254,16.589947980145613,83.41005201985439,16.589947980145613
tilted,from_east,203,rear,10,loose_dominated,0.2,2.0,100.0,0.0,100.0,0.0,100.0
tilted,from_east,203,front,10,adhered_dominated,0.7,0.5,100.0,8.651988980716254,75.83372738361359,24.166272616386408,75.83372738361359
tilted,from_east,203,rear,10,adhered_dominated,0.7,0.5,100.0,0.0,100.0,0.0,100.0
tilted,from_east,203,front,10,adhered_dominated,0.7,1.0,100.0,8.651988980716254,65.01349819501242,34.98650180498758,65.01349819501242
tilted,from_east,203,rear,10,adhered_dominated,0.7,1.0,100.0,0.0,100.0,0.0,100.0
tilted,from_east,203,front,10,adhered_dominated,0.7,2.0,100.0,8.651988980716254,54.448965851465864,45.551034148534136,54.448965851465864
tilted,from_east,203,rear,10,adhered_dominated,0.7,2.0,100.0,0.0,100.0,0.0,100.0
tilted,from_east,203,front,20,loose_dominated,0.2,0.5,100.0,17.30397796143251,26.975878762205443,73.02412123779456,26.975878762205443
tilted,from_east,203,rear,20,loose_dominated,0.2,0.5,100.0,0.0,100.0,0.0,100.0
tilted,from_east,203,front,20,loose_dominated,0.2,1.0,100.0,17.30397796143251,16.589947980145613,83.41005201985439,16.589947980145613
tilted,from_east,203,rear,20,loose_dominated,0.2,1.0,100.0,0.0,100.0,0.0,100.0
tilted,from_east,203,front,20,loose_dominated,0.2,2.0,100.0,17.30397796143251,11.936422330637773,88.06357766936223,11.936422330637775
tilted,from_east,203,rear,20,loose_dominated,0.2,2.0,100.0,0.0,100.0,0.0,100.0
tilted,from_east,203,front,20,adhered_dominated,0.7,0.5,100.0,17.30397796143251,65.01349819501242,34.98650180498758,65.01349819501242
tilted,from_east,203,rear,20,adhered_dominated,0.7,0.5,100.0,0.0,100.0,0.0,100.0
tilted,from_east,203,front,20,adhered_dominated,0.7,1.0,100.0,17.30397796143251,54.448965851465864,45.551034148534136,54.448965851465864
tilted,from_east,203,rear,20,adhered_dominated,0.7,1.0,100.0,0.0,100.0,0.0,100.0
tilted,from_east,203,front,20,adhered_dominated,0.7,2.0,100.0,17.30397796143251,41.715123397111896,58.284876602888104,41.715123397111896
tilted,from_east,203,rear,20,adhered_dominated,0.7,2.0,100.0,0.0,100.0,0.0,100.0
tilted,from_east,203,front,40,loose_dominated,0.2,0.5,100.0,34.60795592286502,16.589947980145613,83.41005201985439,16.589947980145613
tilted,from_east,203,rear,40,loose_dominated,0.2,0.5,100.0,0.0,100.0,0.0,100.0
tilted,from_east,203,front,40,loose_dominated,0.2,1.0,100.0,34.60795592286502,11.936422330637773,88.06357766936223,11.936422330637775
tilted,from_east,203,rear,40,loose_dominated,0.2,1.0,100.0,0.0,100.0,0.0,100.0
tilted,from_east,203,front,40,loose_dominated,0.2,2.0,100.0,34.60795592286502,7.118665166695913,92.88133483330408,7.118665166695913
tilted,from_east,203,rear,40,loose_dominated,0.2,2.0,100.0,0.0,100.0,0.0,100.0
tilted,from_east,203,front,40,adhered_dominated,0.7,0.5,100.0,34.60795592286502,54.448965851465864,45.551034148534136,54.448965851465864
tilted,from_east,203,rear,40,adhered_dominated,0.7,0.5,100.0,0.0,100.0,0.0,100.0
tilted,from_east,203,front,40,adhered_dominated,0.7,1.0,100.0,34.60795592286502,41.715123397111896,58.284876602888104,41.715123397111896
tilted,from_east,203,rear,40,adhered_dominated,0.7,1.0,100.0,0.0,100.0,0.0,100.0
tilted,from_east,203,front,40,adhered_dominated,0.7,2.0,100.0,34.60795592286502,24.91529607574145,75.08470392425855,24.91529607574145
tilted,from_east,203,rear,40,adhered_dominated,0.7,2.0,100.0,0.0,100.0,0.0,100.0
tilted,from_west,201,front,0,loose_dominated,0.2,0.5,100.0,0.0,100.0,0.0,100.0
tilted,from_west,201,rear,0,loose_dominated,0.2,0.5,100.0,0.0,100.0,0.0,100.0
tilted,from_west,201,front,0,loose_dominated,0.2,1.0,100.0,0.0,100.0,0.0,100.0
tilted,from_west,201,rear,0,loose_dominated,0.2,1.0,100.0,0.0,100.0,0.0,100.0
tilted,from_west,201,front,0,loose_dominated,0.2,2.0,100.0,0.0,100.0,0.0,100.0
tilted,from_west,201,rear,0,loose_dominated,0.2,2.0,100.0,0.0,100.0,0.0,100.0
tilted,from_west,201,front,0,adhered_dominated,0.7,0.5,100.0,0.0,100.0,0.0,100.0
tilted,from_west,201,rear,0,adhered_dominated,0.7,0.5,100.0,0.0,100.0,0.0,100.0
tilted,from_west,201,front,0,adhered_dominated,0.7,1.0,100.0,0.0,100.0,0.0,100.0
tilted,from_west,201,rear,0,adhered_dominated,0.7,1.0,100.0,0.0,100.0,0.0,100.0
tilted,from_west,201,front,0,adhered_dominated,0.7,2.0,100.0,0.0,100.0,0.0,100.0
tilted,from_west,201,rear,0,adhered_dominated,0.7,2.0,100.0,0.0,100.0,0.0,100.0
tilted,from_west,201,front,0.5,loose_dominated,0.2,0.5,100.0,0.4334964187327824,95.7165614326795,4.283438567320502,95.7165614326795
tilted,from_west,201,rear,0.5,loose_dominated,0.2,0.5,100.0,0.0,100.0,0.0,100.0
tilted,from_west,201,front,0.5,loose_dominated,0.2,1.0,100.0,0.4334964187327824,91.65784032344818,8.342159676551816,91.65784032344818
tilted,from_west,201,rear,0.5,loose_dominated,0.2,1.0,100.0,0.0,100.0,0.0,100.0
tilted,from_west,201,front,0.5,loose_dominated,0.2,2.0,100.0,0.4334964187327824,84.16697937250137,15.833020627498627,84.16697937250137
tilted,from_west,201,rear,0.5,loose_dominated,0.2,2.0,100.0,0.0,100.0,0.0,100.0
tilted,from_west,201,front,0.5,adhered_dominated,0.7,0.5,100.0,0.4334964187327824,98.19084348281224,1.809156517187759,98.19084348281223
tilted,from_west,201,rear,0.5,adhered_dominated,0.7,0.5,100.0,0.0,100.0,0.0,100.0
tilted,from_west,201,front,0.5,adhered_dominated,0.7,1.0,100.0,0.4334964187327824,96.46661688089371,3.53338311910629,96.46661688089371
tilted,from_west,201,rear,0.5,adhered_dominated,0.7,1.0,100.0,0.0,100.0,0.0,100.0
tilted,from_west,201,front,0.5,adhered_dominated,0.7,2.0,100.0,0.4334964187327824,93.25512350002924,6.744876499970758,93.25512350002924
tilted,from_west,201,rear,0.5,adhered_dominated,0.7,2.0,100.0,0.0,100.0,0.0,100.0
tilted,from_west,201,front,2,loose_dominated,0.2,0.5,100.0,1.7339856749311295,84.16697937250137,15.833020627498627,84.16697937250137
tilted,from_west,201,rear,2,loose_dominated,0.2,0.5,100.0,0.0,100.0,0.0,100.0
tilted,from_west,201,front,2,loose_dominated,0.2,1.0,100.0,1.7339856749311295,71.3931900580724,28.606809941927594,71.3931900580724
tilted,from_west,201,rear,2,loose_dominated,0.2,1.0,100.0,0.0,100.0,0.0,100.0
tilted,from_west,201,front,2,loose_dominated,0.2,2.0,100.0,1.7339856749311295,52.726771299044294,47.273228700955706,52.726771299044294
tilted,from_west,201,rear,2,loose_dominated,0.2,2.0,100.0,0.0,100.0,0.0,100.0
tilted,from_west,201,front,2,adhered_dominated,0.7,0.5,100.0,1.7339856749311295,93.25512350002924,6.744876499970758,93.25512350002924
tilted,from_west,201,rear,2,adhered_dominated,0.7,0.5,100.0,0.0,100.0,0.0,100.0
tilted,from_west,201,front,2,adhered_dominated,0.7,1.0,100.0,1.7339856749311295,87.66799383560816,12.332006164391842,87.66799383560816
tilted,from_west,201,rear,2,adhered_dominated,0.7,1.0,100.0,0.0,100.0,0.0,100.0
tilted,from_west,201,front,2,adhered_dominated,0.7,2.0,100.0,1.7339856749311295,79.10521459579468,20.894785404205322,79.10521459579468
tilted,from_west,201,rear,2,adhered_dominated,0.7,2.0,100.0,0.0,100.0,0.0,100.0
tilted,from_west,201,front,5,loose_dominated,0.2,0.5,100.0,4.334964187327824,65.95967874924342,34.04032125075658,65.95967874924342
tilted,from_west,201,rear,5,loose_dominated,0.2,0.5,100.0,0.0,100.0,0.0,100.0
tilted,from_west,201,front,5,loose_dominated,0.2,1.0,100.0,4.334964187327824,45.96259166399638,54.03740833600362,45.962591663996385
tilted,from_west,201,rear,5,loose_dominated,0.2,1.0,100.0,0.0,100.0,0.0,100.0
tilted,from_west,201,front,5,loose_dominated,0.2,2.0,100.0,4.334964187327824,26.93078213830789,73.06921786169211,26.93078213830789
tilted,from_west,201,rear,5,loose_dominated,0.2,2.0,100.0,0.0,100.0,0.0,100.0
tilted,from_west,201,front,5,adhered_dominated,0.7,0.5,100.0,4.334964187327824,85.2358547925949,14.764145207405093,85.2358547925949
tilted,from_west,201,rear,5,adhered_dominated,0.7,0.5,100.0,0.0,100.0,0.0,100.0
tilted,from_west,201,front,5,adhered_dominated,0.7,1.0,100.0,4.334964187327824,75.8024629553159,24.197537044684097,75.8024629553159
tilted,from_west,201,rear,5,adhered_dominated,0.7,1.0,100.0,0.0,100.0,0.0,100.0
tilted,from_west,201,front,5,adhered_dominated,0.7,2.0,100.0,4.334964187327824,64.98185064196586,35.01814935803414,64.98185064196586
tilted,from_west,201,rear,5,adhered_dominated,0.7,2.0,100.0,0.0,100.0,0.0,100.0
tilted,from_west,201,front,10,loose_dominated,0.2,0.5,100.0,8.669928374655647,45.96259166399638,54.03740833600362,45.962591663996385
tilted,from_west,201,rear,10,loose_dominated,0.2,0.5,100.0,0.0,100.0,0.0,100.0
tilted,from_west,201,front,10,loose_dominated,0.2,1.0,100.0,8.669928374655647,26.93078213830789,73.06921786169211,26.93078213830789
tilted,from_west,201,rear,10,loose_dominated,0.2,1.0,100.0,0.0,100.0,0.0,100.0
tilted,from_west,201,front,10,loose_dominated,0.2,2.0,100.0,8.669928374655647,16.572060493131477,83.42793950686853,16.572060493131477
tilted,from_west,201,rear,10,loose_dominated,0.2,2.0,100.0,0.0,100.0,0.0,100.0
tilted,from_west,201,front,10,adhered_dominated,0.7,0.5,100.0,8.669928374655647,75.8024629553159,24.197537044684097,75.8024629553159
tilted,from_west,201,rear,10,adhered_dominated,0.7,0.5,100.0,0.0,100.0,0.0,100.0
tilted,from_west,201,front,10,adhered_dominated,0.7,1.0,100.0,8.669928374655647,64.98185064196586,35.01814935803414,64.98185064196586
tilted,from_west,201,rear,10,adhered_dominated,0.7,1.0,100.0,0.0,100.0,0.0,100.0
tilted,from_west,201,front,10,adhered_dominated,0.7,2.0,100.0,8.669928374655647,54.416431391239165,45.583568608760835,54.416431391239165
tilted,from_west,201,rear,10,adhered_dominated,0.7,2.0,100.0,0.0,100.0,0.0,100.0
tilted,from_west,201,front,20,loose_dominated,0.2,0.5,100.0,17.339856749311295,26.93078213830789,73.06921786169211,26.93078213830789
tilted,from_west,201,rear,20,loose_dominated,0.2,0.5,100.0,0.0,100.0,0.0,100.0
tilted,from_west,201,front,20,loose_dominated,0.2,1.0,100.0,17.339856749311295,16.572060493131477,83.42793950686853,16.572060493131477
tilted,from_west,201,rear,20,loose_dominated,0.2,1.0,100.0,0.0,100.0,0.0,100.0
tilted,from_west,201,front,20,loose_dominated,0.2,2.0,100.0,17.339856749311295,11.923366705079873,88.07663329492013,11.923366705079873
tilted,from_west,201,rear,20,loose_dominated,0.2,2.0,100.0,0.0,100.0,0.0,100.0
tilted,from_west,201,front,20,adhered_dominated,0.7,0.5,100.0,17.339856749311295,64.98185064196586,35.01814935803414,64.98185064196586
tilted,from_west,201,rear,20,adhered_dominated,0.7,0.5,100.0,0.0,100.0,0.0,100.0
tilted,from_west,201,front,20,adhered_dominated,0.7,1.0,100.0,17.339856749311295,54.416431391239165,45.583568608760835,54.416431391239165
tilted,from_west,201,rear,20,adhered_dominated,0.7,1.0,100.0,0.0,100.0,0.0,100.0
tilted,from_west,201,front,20,adhered_dominated,0.7,2.0,100.0,17.339856749311295,41.670548381408054,58.329451618591946,41.670548381408054
tilted,from_west,201,rear,20,adhered_dominated,0.7,2.0,100.0,0.0,100.0,0.0,100.0
tilted,from_west,201,front,40,loose_dominated,0.2,0.5,100.0,34.67971349862259,16.572060493131477,83.42793950686853,16.572060493131477
tilted,from_west,201,rear,40,loose_dominated,0.2,0.5,100.0,0.0,100.0,0.0,100.0
tilted,from_west,201,front,40,loose_dominated,0.2,1.0,100.0,34.67971349862259,11.923366705079873,88.07663329492013,11.923366705079873
tilted,from_west,201,rear,40,loose_dominated,0.2,1.0,100.0,0.0,100.0,0.0,100.0
tilted,from_west,201,front,40,loose_dominated,0.2,2.0,100.0,34.67971349862259,7.103655295073986,92.89634470492601,7.103655295073986
tilted,from_west,201,rear,40,loose_dominated,0.2,2.0,100.0,0.0,100.0,0.0,100.0
tilted,from_west,201,front,40,adhered_dominated,0.7,0.5,100.0,34.67971349862259,54.416431391239165,45.583568608760835,54.416431391239165
tilted,from_west,201,rear,40,adhered_dominated,0.7,0.5,100.0,0.0,100.0,0.0,100.0
tilted,from_west,201,front,40,adhered_dominated,0.7,1.0,100.0,34.67971349862259,41.670548381408054,58.329451618591946,41.670548381408054
tilted,from_west,201,rear,40,adhered_dominated,0.7,1.0,100.0,0.0,100.0,0.0,100.0
tilted,from_west,201,front,40,adhered_dominated,0.7,2.0,100.0,34.67971349862259,24.862763590614,75.13723640938599,24.862763590613998
tilted,from_west,201,rear,40,adhered_dominated,0.7,2.0,100.0,0.0,100.0,0.0,100.0
tilted,from_west,202,front,0,loose_dominated,0.2,0.5,100.0,0.0,100.0,0.0,100.0
tilted,from_west,202,rear,0,loose_dominated,0.2,0.5,100.0,0.0,100.0,0.0,100.0
tilted,from_west,202,front,0,loose_dominated,0.2,1.0,100.0,0.0,100.0,0.0,100.0
tilted,from_west,202,rear,0,loose_dominated,0.2,1.0,100.0,0.0,100.0,0.0,100.0
tilted,from_west,202,front,0,loose_dominated,0.2,2.0,100.0,0.0,100.0,0.0,100.0
tilted,from_west,202,rear,0,loose_dominated,0.2,2.0,100.0,0.0,100.0,0.0,100.0
tilted,from_west,202,front,0,adhered_dominated,0.7,0.5,100.0,0.0,100.0,0.0,100.0
tilted,from_west,202,rear,0,adhered_dominated,0.7,0.5,100.0,0.0,100.0,0.0,100.0
tilted,from_west,202,front,0,adhered_dominated,0.7,1.0,100.0,0.0,100.0,0.0,100.0
tilted,from_west,202,rear,0,adhered_dominated,0.7,1.0,100.0,0.0,100.0,0.0,100.0
tilted,from_west,202,front,0,adhered_dominated,0.7,2.0,100.0,0.0,100.0,0.0,100.0
tilted,from_west,202,rear,0,adhered_dominated,0.7,2.0,100.0,0.0,100.0,0.0,100.0
tilted,from_west,202,front,0.5,loose_dominated,0.2,0.5,100.0,0.43275371900826454,95.72371458212534,4.276285417874661,95.72371458212534
tilted,from_west,202,rear,0.5,loose_dominated,0.2,0.5,100.0,0.0,100.0,0.0,100.0
tilted,from_west,202,front,0.5,loose_dominated,0.2,1.0,100.0,0.43275371900826454,91.6714170853297,8.328582914670307,91.67141708532968
tilted,from_west,202,rear,0.5,loose_dominated,0.2,1.0,100.0,0.0,100.0,0.0,100.0
tilted,from_west,202,front,0.5,loose_dominated,0.2,2.0,100.0,0.43275371900826454,84.19144123792648,15.808558762073517,84.19144123792648
tilted,from_west,202,rear,0.5,loose_dominated,0.2,2.0,100.0,0.0,100.0,0.0,100.0
tilted,from_west,202,front,0.5,adhered_dominated,0.7,0.5,100.0,0.43275371900826454,98.19387284914653,1.8061271508534702,98.19387284914654
tilted,from_west,202,rear,0.5,adhered_dominated,0.7,0.5,100.0,0.0,100.0,0.0,100.0
tilted,from_west,202,front,0.5,adhered_dominated,0.7,1.0,100.0,0.43275371900826454,96.47240006526312,3.527599934736884,96.47240006526312
tilted,from_west,202,rear,0.5,adhered_dominated,0.7,1.0,100.0,0.0,100.0,0.0,100.0
tilted,from_west,202,front,0.5,adhered_dominated,0.7,2.0,100.0,0.43275371900826454,93.26567141215007,6.73432858784993,93.26567141215008
tilted,from_west,202,rear,0.5,adhered_dominated,0.7,2.0,100.0,0.0,100.0,0.0,100.0
tilted,from_west,202,front,2,loose_dominated,0.2,0.5,100.0,1.7310148760330581,84.19144123792648,15.808558762073517,84.19144123792648
tilted,from_west,202,rear,2,loose_dominated,0.2,0.5,100.0,0.0,100.0,0.0,100.0
tilted,from_west,202,front,2,loose_dominated,0.2,1.0,100.0,1.7310148760330581,71.43294857343038,28.56705142656962,71.43294857343038
tilted,from_west,202,rear,2,loose_dominated,0.2,1.0,100.0,0.0,100.0,0.0,100.0
tilted,from_west,202,front,2,loose_dominated,0.2,2.0,100.0,1.7310148760330581,52.7795937259992,47.2204062740008,52.779593725999206
tilted,from_west,202,rear,2,loose_dominated,0.2,2.0,100.0,0.0,100.0,0.0,100.0
tilted,from_west,202,front,2,adhered_dominated,0.7,0.5,100.0,1.7310148760330581,93.26567141215007,6.73432858784993,93.26567141215008
tilted,from_west,202,rear,2,adhered_dominated,0.7,0.5,100.0,0.0,100.0,0.0,100.0
tilted,from_west,202,front,2,adhered_dominated,0.7,1.0,100.0,1.7310148760330581,87.6856182138125,12.314381786187496,87.6856182138125
tilted,from_west,202,rear,2,adhered_dominated,0.7,1.0,100.0,0.0,100.0,0.0,100.0
tilted,from_west,202,front,2,adhered_dominated,0.7,2.0,100.0,1.7310148760330581,79.13031597137451,20.869684028625485,79.13031597137451
tilted,from_west,202,rear,2,adhered_dominated,0.7,2.0,100.0,0.0,100.0,0.0,100.0
tilted,from_west,202,front,5,loose_dominated,0.2,0.5,100.0,4.327537190082645,66.00451150735219,33.99548849264781,66.00451150735219
tilted,from_west,202,rear,5,loose_dominated,0.2,0.5,100.0,0.0,100.0,0.0,100.0
tilted,from_west,202,front,5,loose_dominated,0.2,1.0,100.0,4.327537190082645,46.01658592422803,53.98341407577197,46.01658592422803
tilted,from_west,202,rear,5,loose_dominated,0.2,1.0,100.0,0.0,100.0,0.0,100.0
tilted,from_west,202,front,5,loose_dominated,0.2,2.0,100.0,4.327537190082645,26.972022287050883,73.02797771294911,26.97202228705088
tilted,from_west,202,rear,5,loose_dominated,0.2,2.0,100.0,0.0,100.0,0.0,100.0
tilted,from_west,202,front,5,adhered_dominated,0.7,0.5,100.0,4.327537190082645,85.25603906313579,14.743960936864212,85.2560390631358
tilted,from_west,202,rear,5,adhered_dominated,0.7,0.5,100.0,0.0,100.0,0.0,100.0
tilted,from_west,202,front,5,adhered_dominated,0.7,1.0,100.0,4.327537190082645,75.82924305200576,24.170756947994235,75.82924305200576
tilted,from_west,202,rear,5,adhered_dominated,0.7,1.0,100.0,0.0,100.0,0.0,100.0
tilted,from_west,202,front,5,adhered_dominated,0.7,2.0,100.0,4.327537190082645,65.00957330067952,34.99042669932048,65.00957330067952
tilted,from_west,202,rear,5,adhered_dominated,0.7,2.0,100.0,0.0,100.0,0.0,100.0
tilted,from_west,202,front,10,loose_dominated,0.2,0.5,100.0,8.65507438016529,46.01658592422803,53.98341407577197,46.01658592422803
tilted,from_west,202,rear,10,loose_dominated,0.2,0.5,100.0,0.0,100.0,0.0,100.0
tilted,from_west,202,front,10,loose_dominated,0.2,1.0,100.0,8.65507438016529,26.972022287050883,73.02797771294911,26.97202228705088
tilted,from_west,202,rear,10,loose_dominated,0.2,1.0,100.0,0.0,100.0,0.0,100.0
tilted,from_west,202,front,10,loose_dominated,0.2,2.0,100.0,8.65507438016529,16.58952512194713,83.41047487805287,16.58952512194713
tilted,from_west,202,rear,10,loose_dominated,0.2,2.0,100.0,0.0,100.0,0.0,100.0
tilted,from_west,202,front,10,adhered_dominated,0.7,0.5,100.0,8.65507438016529,75.82924305200576,24.170756947994235,75.82924305200576
tilted,from_west,202,rear,10,adhered_dominated,0.7,0.5,100.0,0.0,100.0,0.0,100.0
tilted,from_west,202,front,10,adhered_dominated,0.7,1.0,100.0,8.65507438016529,65.00957330067952,34.99042669932048,65.00957330067952
tilted,from_west,202,rear,10,adhered_dominated,0.7,1.0,100.0,0.0,100.0,0.0,100.0
tilted,from_west,202,front,10,adhered_dominated,0.7,2.0,100.0,8.65507438016529,54.44456718961398,45.55543281038602,54.444567189613984
tilted,from_west,202,rear,10,adhered_dominated,0.7,2.0,100.0,0.0,100.0,0.0,100.0
tilted,from_west,202,front,20,loose_dominated,0.2,0.5,100.0,17.31014876033058,26.972022287050883,73.02797771294911,26.97202228705088
tilted,from_west,202,rear,20,loose_dominated,0.2,0.5,100.0,0.0,100.0,0.0,100.0
tilted,from_west,202,front,20,loose_dominated,0.2,1.0,100.0,17.31014876033058,16.58952512194713,83.41047487805287,16.58952512194713
tilted,from_west,202,rear,20,loose_dominated,0.2,1.0,100.0,0.0,100.0,0.0,100.0
tilted,from_west,202,front,20,loose_dominated,0.2,2.0,100.0,17.31014876033058,11.934673858682315,88.06532614131768,11.934673858682315
tilted,from_west,202,rear,20,loose_dominated,0.2,2.0,100.0,0.0,100.0,0.0,100.0
tilted,from_west,202,front,20,adhered_dominated,0.7,0.5,100.0,17.31014876033058,65.00957330067952,34.99042669932048,65.00957330067952
tilted,from_west,202,rear,20,adhered_dominated,0.7,0.5,100.0,0.0,100.0,0.0,100.0
tilted,from_west,202,front,20,adhered_dominated,0.7,1.0,100.0,17.31014876033058,54.44456718961398,45.55543281038602,54.444567189613984
tilted,from_west,202,rear,20,adhered_dominated,0.7,1.0,100.0,0.0,100.0,0.0,100.0
tilted,from_west,202,front,20,adhered_dominated,0.7,2.0,100.0,17.31014876033058,41.708301556110385,58.291698443889615,41.708301556110385
tilted,from_west,202,rear,20,adhered_dominated,0.7,2.0,100.0,0.0,100.0,0.0,100.0
tilted,from_west,202,front,40,loose_dominated,0.2,0.5,100.0,34.62029752066116,16.58952512194713,83.41047487805287,16.58952512194713
tilted,from_west,202,rear,40,loose_dominated,0.2,0.5,100.0,0.0,100.0,0.0,100.0
tilted,from_west,202,front,40,loose_dominated,0.2,1.0,100.0,34.62029752066116,11.934673858682315,88.06532614131768,11.934673858682315
tilted,from_west,202,rear,40,loose_dominated,0.2,1.0,100.0,0.0,100.0,0.0,100.0
tilted,from_west,202,front,40,loose_dominated,0.2,2.0,100.0,34.62029752066116,7.1166421999533975,92.8833578000466,7.1166421999533975
tilted,from_west,202,rear,40,loose_dominated,0.2,2.0,100.0,0.0,100.0,0.0,100.0
tilted,from_west,202,front,40,adhered_dominated,0.7,0.5,100.0,34.62029752066116,54.44456718961398,45.55543281038602,54.444567189613984
tilted,from_west,202,rear,40,adhered_dominated,0.7,0.5,100.0,0.0,100.0,0.0,100.0
tilted,from_west,202,front,40,adhered_dominated,0.7,1.0,100.0,34.62029752066116,41.708301556110385,58.291698443889615,41.708301556110385
tilted,from_west,202,rear,40,adhered_dominated,0.7,1.0,100.0,0.0,100.0,0.0,100.0
tilted,from_west,202,front,40,adhered_dominated,0.7,2.0,100.0,34.62029752066116,24.908212408423424,75.09178759157658,24.908212408423424
tilted,from_west,202,rear,40,adhered_dominated,0.7,2.0,100.0,0.0,100.0,0.0,100.0
tilted,from_west,203,front,0,loose_dominated,0.2,0.5,100.0,0.0,100.0,0.0,100.0
tilted,from_west,203,rear,0,loose_dominated,0.2,0.5,100.0,0.0,100.0,0.0,100.0
tilted,from_west,203,front,0,loose_dominated,0.2,1.0,100.0,0.0,100.0,0.0,100.0
tilted,from_west,203,rear,0,loose_dominated,0.2,1.0,100.0,0.0,100.0,0.0,100.0
tilted,from_west,203,front,0,loose_dominated,0.2,2.0,100.0,0.0,100.0,0.0,100.0
tilted,from_west,203,rear,0,loose_dominated,0.2,2.0,100.0,0.0,100.0,0.0,100.0
tilted,from_west,203,front,0,adhered_dominated,0.7,0.5,100.0,0.0,100.0,0.0,100.0
tilted,from_west,203,rear,0,adhered_dominated,0.7,0.5,100.0,0.0,100.0,0.0,100.0
tilted,from_west,203,front,0,adhered_dominated,0.7,1.0,100.0,0.0,100.0,0.0,100.0
tilted,from_west,203,rear,0,adhered_dominated,0.7,1.0,100.0,0.0,100.0,0.0,100.0
tilted,from_west,203,front,0,adhered_dominated,0.7,2.0,100.0,0.0,100.0,0.0,100.0
tilted,from_west,203,rear,0,adhered_dominated,0.7,2.0,100.0,0.0,100.0,0.0,100.0
tilted,from_west,203,front,0.5,loose_dominated,0.2,0.5,100.0,0.43237245179063366,95.72737288475037,4.272627115249634,95.72737288475037
tilted,from_west,203,rear,0.5,loose_dominated,0.2,0.5,100.0,0.0,100.0,0.0,100.0
tilted,from_west,203,front,0.5,loose_dominated,0.2,1.0,100.0,0.43237245179063366,91.67833293279013,8.321667067209873,91.67833293279013
tilted,from_west,203,rear,0.5,loose_dominated,0.2,1.0,100.0,0.0,100.0,0.0,100.0
tilted,from_west,203,front,0.5,loose_dominated,0.2,2.0,100.0,0.43237245179063366,84.20379628340403,15.796203716595969,84.20379628340403
tilted,from_west,203,rear,0.5,loose_dominated,0.2,2.0,100.0,0.0,100.0,0.0,100.0
tilted,from_west,203,front,0.5,adhered_dominated,0.7,0.5,100.0,0.43237245179063366,98.19542305072149,1.8045769492785126,98.19542305072149
tilted,from_west,203,rear,0.5,adhered_dominated,0.7,0.5,100.0,0.0,100.0,0.0,100.0
tilted,from_west,203,front,0.5,adhered_dominated,0.7,1.0,100.0,0.43237245179063366,96.47534849246343,3.524651507536575,96.47534849246341
tilted,from_west,203,rear,0.5,adhered_dominated,0.7,1.0,100.0,0.0,100.0,0.0,100.0
tilted,from_west,203,front,0.5,adhered_dominated,0.7,2.0,100.0,0.43237245179063366,93.27100998957953,6.728990010420475,93.27100998957953
tilted,from_west,203,rear,0.5,adhered_dominated,0.7,2.0,100.0,0.0,100.0,0.0,100.0
tilted,from_west,203,front,2,loose_dominated,0.2,0.5,100.0,1.7294898071625346,84.20379628340403,15.796203716595969,84.20379628340403
tilted,from_west,203,rear,2,loose_dominated,0.2,0.5,100.0,0.0,100.0,0.0,100.0
tilted,from_west,203,front,2,loose_dominated,0.2,1.0,100.0,1.7294898071625346,71.45264039436977,28.547359605630234,71.45264039436977
tilted,from_west,203,rear,2,loose_dominated,0.2,1.0,100.0,0.0,100.0,0.0,100.0
tilted,from_west,203,front,2,loose_dominated,0.2,2.0,100.0,1.7294898071625346,52.804497110843656,47.195502889156344,52.804497110843656
tilted,from_west,203,rear,2,loose_dominated,0.2,2.0,100.0,0.0,100.0,0.0,100.0
tilted,from_west,203,front,2,adhered_dominated,0.7,0.5,100.0,1.7294898071625346,93.27100998957953,6.728990010420475,93.27100998957953
tilted,from_west,203,rear,2,adhered_dominated,0.7,0.5,100.0,0.0,100.0,0.0,100.0
tilted,from_west,203,front,2,adhered_dominated,0.7,1.0,100.0,1.7294898071625346,87.69439384142558,12.30560615857442,87.69439384142557
tilted,from_west,203,rear,2,adhered_dominated,0.7,1.0,100.0,0.0,100.0,0.0,100.0
tilted,from_west,203,front,2,adhered_dominated,0.7,2.0,100.0,1.7294898071625346,79.14236185550689,20.85763814449311,79.14236185550689
tilted,from_west,203,rear,2,adhered_dominated,0.7,2.0,100.0,0.0,100.0,0.0,100.0
tilted,from_west,203,front,5,loose_dominated,0.2,0.5,100.0,4.323724517906337,66.0264731546243,33.9735268453757,66.0264731546243
tilted,from_west,203,rear,5,loose_dominated,0.2,0.5,100.0,0.0,100.0,0.0,100.0
tilted,from_west,203,front,5,loose_dominated,0.2,1.0,100.0,4.323724517906337,46.041290640830994,53.958709359169006,46.041290640830994
tilted,from_west,203,rear,5,loose_dominated,0.2,1.0,100.0,0.0,100.0,0.0,100.0
tilted,from_west,203,front,5,loose_dominated,0.2,2.0,100.0,4.323724517906337,26.987430983781813,73.01256901621818,26.987430983781813
tilted,from_west,203,rear,5,loose_dominated,0.2,2.0,100.0,0.0,100.0,0.0,100.0
tilted,from_west,203,front,5,adhered_dominated,0.7,0.5,100.0,4.323724517906337,85.26600182056427,14.73399817943573,85.26600182056427
tilted,from_west,203,rear,5,adhered_dominated,0.7,0.5,100.0,0.0,100.0,0.0,100.0
tilted,from_west,203,front,5,adhered_dominated,0.7,1.0,100.0,4.323724517906337,75.8418451309204,24.158154869079596,75.8418451309204
tilted,from_west,203,rear,5,adhered_dominated,0.7,1.0,100.0,0.0,100.0,0.0,100.0
tilted,from_west,203,front,5,adhered_dominated,0.7,2.0,100.0,4.323724517906337,65.02158441742262,34.978415582577384,65.02158441742262
tilted,from_west,203,rear,5,adhered_dominated,0.7,2.0,100.0,0.0,100.0,0.0,100.0
tilted,from_west,203,front,10,loose_dominated,0.2,0.5,100.0,8.647449035812674,46.041290640830994,53.958709359169006,46.041290640830994
tilted,from_west,203,rear,10,loose_dominated,0.2,0.5,100.0,0.0,100.0,0.0,100.0
tilted,from_west,203,front,10,loose_dominated,0.2,1.0,100.0,8.647449035812674,26.987430983781813,73.01256901621818,26.987430983781813
tilted,from_west,203,rear,10,loose_dominated,0.2,1.0,100.0,0.0,100.0,0.0,100.0
tilted,from_west,203,front,10,loose_dominated,0.2,2.0,100.0,8.647449035812674,16.5938628817598,83.4061371182402,16.5938628817598
tilted,from_west,203,rear,10,loose_dominated,0.2,2.0,100.0,0.0,100.0,0.0,100.0
tilted,from_west,203,front,10,adhered_dominated,0.7,0.5,100.0,8.647449035812674,75.8418451309204,24.158154869079596,75.8418451309204
tilted,from_west,203,rear,10,adhered_dominated,0.7,0.5,100.0,0.0,100.0,0.0,100.0
tilted,from_west,203,front,10,adhered_dominated,0.7,1.0,100.0,8.647449035812674,65.02158441742262,34.978415582577384,65.02158441742262
tilted,from_west,203,rear,10,adhered_dominated,0.7,1.0,100.0,0.0,100.0,0.0,100.0
tilted,from_west,203,front,10,adhered_dominated,0.7,2.0,100.0,8.647449035812674,54.45705267389615,45.54294732610385,54.45705267389615
tilted,from_west,203,rear,10,adhered_dominated,0.7,2.0,100.0,0.0,100.0,0.0,100.0
tilted,from_west,203,front,20,loose_dominated,0.2,0.5,100.0,17.294898071625347,26.987430983781813,73.01256901621818,26.987430983781813
tilted,from_west,203,rear,20,loose_dominated,0.2,0.5,100.0,0.0,100.0,0.0,100.0
tilted,from_west,203,front,20,loose_dominated,0.2,1.0,100.0,17.294898071625347,16.5938628817598,83.4061371182402,16.5938628817598
tilted,from_west,203,rear,20,loose_dominated,0.2,1.0,100.0,0.0,100.0,0.0,100.0
tilted,from_west,203,front,20,loose_dominated,0.2,2.0,100.0,17.294898071625347,11.939635585248471,88.06036441475153,11.939635585248471
tilted,from_west,203,rear,20,loose_dominated,0.2,2.0,100.0,0.0,100.0,0.0,100.0
tilted,from_west,203,front,20,adhered_dominated,0.7,0.5,100.0,17.294898071625347,65.02158441742262,34.978415582577384,65.02158441742262
tilted,from_west,203,rear,20,adhered_dominated,0.7,0.5,100.0,0.0,100.0,0.0,100.0
tilted,from_west,203,front,20,adhered_dominated,0.7,1.0,100.0,17.294898071625347,54.45705267389615,45.54294732610385,54.45705267389615
tilted,from_west,203,rear,20,adhered_dominated,0.7,1.0,100.0,0.0,100.0,0.0,100.0
tilted,from_west,203,front,20,adhered_dominated,0.7,2.0,100.0,17.294898071625347,41.7265988945961,58.2734011054039,41.7265988945961
tilted,from_west,203,rear,20,adhered_dominated,0.7,2.0,100.0,0.0,100.0,0.0,100.0
tilted,from_west,203,front,40,loose_dominated,0.2,0.5,100.0,34.589796143250695,16.5938628817598,83.4061371182402,16.5938628817598
tilted,from_west,203,rear,40,loose_dominated,0.2,0.5,100.0,0.0,100.0,0.0,100.0
tilted,from_west,203,front,40,loose_dominated,0.2,1.0,100.0,34.589796143250695,11.939635585248471,88.06036441475153,11.939635585248471
tilted,from_west,203,rear,40,loose_dominated,0.2,1.0,100.0,0.0,100.0,0.0,100.0
tilted,from_west,203,front,40,loose_dominated,0.2,2.0,100.0,34.589796143250695,7.122593727459511,92.87740627254048,7.122593727459511
tilted,from_west,203,rear,40,loose_dominated,0.2,2.0,100.0,0.0,100.0,0.0,100.0
tilted,from_west,203,front,40,adhered_dominated,0.7,0.5,100.0,34.589796143250695,54.45705267389615,45.54294732610385,54.45705267389615
tilted,from_west,203,rear,40,adhered_dominated,0.7,0.5,100.0,0.0,100.0,0.0,100.0
tilted,from_west,203,front,40,adhered_dominated,0.7,1.0,100.0,34.589796143250695,41.7265988945961,58.2734011054039,41.7265988945961
tilted,from_west,203,rear,40,adhered_dominated,0.7,1.0,100.0,0.0,100.0,0.0,100.0
tilted,from_west,203,front,40,adhered_dominated,0.7,2.0,100.0,34.589796143250695,24.92904791533947,75.07095208466053,24.92904791533947
tilted,from_west,203,rear,40,adhered_dominated,0.7,2.0,100.0,0.0,100.0,0.0,100.0
tilted,from_north,201,front,0,loose_dominated,0.2,0.5,100.0,0.0,100.0,0.0,100.0
tilted,from_north,201,rear,0,loose_dominated,0.2,0.5,100.0,0.0,100.0,0.0,100.0
tilted,from_north,201,front,0,loose_dominated,0.2,1.0,100.0,0.0,100.0,0.0,100.0
tilted,from_north,201,rear,0,loose_dominated,0.2,1.0,100.0,0.0,100.0,0.0,100.0
tilted,from_north,201,front,0,loose_dominated,0.2,2.0,100.0,0.0,100.0,0.0,100.0
tilted,from_north,201,rear,0,loose_dominated,0.2,2.0,100.0,0.0,100.0,0.0,100.0
tilted,from_north,201,front,0,adhered_dominated,0.7,0.5,100.0,0.0,100.0,0.0,100.0
tilted,from_north,201,rear,0,adhered_dominated,0.7,0.5,100.0,0.0,100.0,0.0,100.0
tilted,from_north,201,front,0,adhered_dominated,0.7,1.0,100.0,0.0,100.0,0.0,100.0
tilted,from_north,201,rear,0,adhered_dominated,0.7,1.0,100.0,0.0,100.0,0.0,100.0
tilted,from_north,201,front,0,adhered_dominated,0.7,2.0,100.0,0.0,100.0,0.0,100.0
tilted,from_north,201,rear,0,adhered_dominated,0.7,2.0,100.0,0.0,100.0,0.0,100.0
tilted,from_north,201,front,0.5,loose_dominated,0.2,0.5,100.0,0.2837443526170799,97.1705051223437,2.829494877656302,97.1705051223437
tilted,from_north,201,rear,0.5,loose_dominated,0.2,0.5,100.0,0.0,100.0,0.0,100.0
tilted,from_north,201,front,0.5,loose_dominated,0.2,1.0,100.0,0.2837443526170799,94.43960571686426,5.560394283135736,94.43960571686426
tilted,from_north,201,rear,0.5,loose_dominated,0.2,1.0,100.0,0.0,100.0,0.0,100.0
tilted,from_north,201,front,0.5,loose_dominated,0.2,2.0,100.0,0.2837443526170799,89.25959813992182,10.74040186007818,89.25959813992182
tilted,from_north,201,rear,0.5,loose_dominated,0.2,2.0,100.0,0.0,100.0,0.0,100.0
tilted,from_north,201,front,0.5,adhered_dominated,0.7,0.5,100.0,0.2837443526170799,98.80607863664628,1.1939213633537236,98.80607863664628
tilted,from_north,201,rear,0.5,adhered_dominated,0.7,0.5,100.0,0.0,100.0,0.0,100.0
tilted,from_north,201,front,0.5,adhered_dominated,0.7,1.0,100.0,0.2837443526170799,97.64941607316335,2.3505839268366486,97.64941607316335
tilted,from_north,201,rear,0.5,adhered_dominated,0.7,1.0,100.0,0.0,100.0,0.0,100.0
tilted,from_north,201,front,0.5,adhered_dominated,0.7,2.0,100.0,0.2837443526170799,95.44261911710103,4.557380882898968,95.44261911710105
tilted,from_north,201,rear,0.5,adhered_dominated,0.7,2.0,100.0,0.0,100.0,0.0,100.0
tilted,from_north,201,front,2,loose_dominated,0.2,0.5,100.0,1.1349774104683197,89.25959813992182,10.74040186007818,89.25959813992182
tilted,from_north,201,rear,2,loose_dominated,0.2,0.5,100.0,0.0,100.0,0.0,100.0
tilted,from_north,201,front,2,loose_dominated,0.2,1.0,100.0,1.1349774104683197,79.93569679260254,20.064303207397458,79.93569679260254
tilted,from_north,201,rear,2,loose_dominated,0.2,1.0,100.0,0.0,100.0,0.0,100.0
tilted,from_north,201,front,2,loose_dominated,0.2,2.0,100.0,1.1349774104683197,64.79629317323366,35.203706826766336,64.79629317323366
tilted,from_north,201,rear,2,loose_dominated,0.2,2.0,100.0,0.0,100.0,0.0,100.0
tilted,from_north,201,front,2,adhered_dominated,0.7,0.5,100.0,1.1349774104683197,95.44261911710103,4.557380882898968,95.44261911710105
tilted,from_north,201,rear,2,adhered_dominated,0.7,0.5,100.0,0.0,100.0,0.0,100.0
tilted,from_north,201,front,2,adhered_dominated,0.7,1.0,100.0,1.1349774104683197,91.42098396221796,8.57901603778204,91.42098396221796
tilted,from_north,201,rear,2,adhered_dominated,0.7,1.0,100.0,0.0,100.0,0.0,100.0
tilted,from_north,201,front,2,adhered_dominated,0.7,2.0,100.0,1.1349774104683197,84.70687889258066,15.293121107419339,84.70687889258066
tilted,from_north,201,rear,2,adhered_dominated,0.7,2.0,100.0,0.0,100.0,0.0,100.0
tilted,from_north,201,front,5,loose_dominated,0.2,0.5,100.0,2.8374435261707993,75.74390239318213,24.256097606817875,75.74390239318213
tilted,from_north,201,rear,5,loose_dominated,0.2,0.5,100.0,0.0,100.0,0.0,100.0
tilted,from_north,201,front,5,loose_dominated,0.2,1.0,100.0,2.8374435261707993,58.67242340048154,41.32757659951846,58.67242340048154
tilted,from_north,201,rear,5,loose_dominated,0.2,1.0,100.0,0.0,100.0,0.0,100.0
tilted,from_north,201,front,5,loose_dominated,0.2,2.0,100.0,2.8374435261707993,38.02353174686432,61.97646825313568,38.02353174686432
tilted,from_north,201,rear,5,loose_dominated,0.2,2.0,100.0,0.0,100.0,0.0,100.0
tilted,from_north,201,front,5,adhered_dominated,0.7,0.5,100.0,2.8374435261707993,89.58817286491394,10.411827135086057,89.58817286491394
tilted,from_north,201,rear,5,adhered_dominated,0.7,0.5,100.0,0.0,100.0,0.0,100.0
tilted,from_north,201,front,5,adhered_dominated,0.7,1.0,100.0,2.8374435261707993,81.89868948062261,18.101310519377392,81.89868948062261
tilted,from_north,201,rear,5,adhered_dominated,0.7,1.0,100.0,0.0,100.0,0.0,100.0
tilted,from_north,201,front,5,adhered_dominated,0.7,2.0,100.0,2.8374435261707993,71.66190095345179,28.33809904654821,71.66190095345179
tilted,from_north,201,rear,5,adhered_dominated,0.7,2.0,100.0,0.0,100.0,0.0,100.0
tilted,from_north,201,front,10,loose_dominated,0.2,0.5,100.0,5.674887052341599,58.67242340048154,41.32757659951846,58.67242340048154
tilted,from_north,201,rear,10,loose_dominated,0.2,0.5,100.0,0.0,100.0,0.0,100.0
tilted,from_north,201,front,10,loose_dominated,0.2,1.0,100.0,5.674887052341599,38.02353174686432,61.97646825313568,38.02353174686432
tilted,from_north,201,rear,10,loose_dominated,0.2,1.0,100.0,0.0,100.0,0.0,100.0
tilted,from_north,201,front,10,loose_dominated,0.2,2.0,100.0,5.674887052341599,21.84493504166603,78.15506495833397,21.84493504166603
tilted,from_north,201,rear,10,loose_dominated,0.2,2.0,100.0,0.0,100.0,0.0,100.0
tilted,from_north,201,front,10,adhered_dominated,0.7,0.5,100.0,5.674887052341599,81.89868948062261,18.101310519377392,81.89868948062261
tilted,from_north,201,rear,10,adhered_dominated,0.7,0.5,100.0,0.0,100.0,0.0,100.0
tilted,from_north,201,front,10,adhered_dominated,0.7,1.0,100.0,5.674887052341599,71.66190095345179,28.33809904654821,71.66190095345179
tilted,from_north,201,rear,10,adhered_dominated,0.7,1.0,100.0,0.0,100.0,0.0,100.0
tilted,from_north,201,front,10,adhered_dominated,0.7,2.0,100.0,5.674887052341599,60.91941913167636,39.08058086832364,60.91941913167636
tilted,from_north,201,rear,10,adhered_dominated,0.7,2.0,100.0,0.0,100.0,0.0,100.0
tilted,from_north,201,front,20,loose_dominated,0.2,0.5,100.0,11.349774104683197,38.02353174686432,61.97646825313568,38.02353174686432
tilted,from_north,201,rear,20,loose_dominated,0.2,0.5,100.0,0.0,100.0,0.0,100.0
tilted,from_north,201,front,20,loose_dominated,0.2,1.0,100.0,11.349774104683197,21.84493504166603,78.15506495833397,21.84493504166603
tilted,from_north,201,rear,20,loose_dominated,0.2,1.0,100.0,0.0,100.0,0.0,100.0
tilted,from_north,201,front,20,loose_dominated,0.2,2.0,100.0,11.349774104683197,14.586725823581219,85.41327417641878,14.586725823581219
tilted,from_north,201,rear,20,loose_dominated,0.2,2.0,100.0,0.0,100.0,0.0,100.0
tilted,from_north,201,front,20,adhered_dominated,0.7,0.5,100.0,11.349774104683197,71.66190095345179,28.33809904654821,71.66190095345179
tilted,from_north,201,rear,20,adhered_dominated,0.7,0.5,100.0,0.0,100.0,0.0,100.0
tilted,from_north,201,front,20,adhered_dominated,0.7,1.0,100.0,11.349774104683197,60.91941913167636,39.08058086832364,60.91941913167636
tilted,from_north,201,rear,20,adhered_dominated,0.7,1.0,100.0,0.0,100.0,0.0,100.0
tilted,from_north,201,front,20,adhered_dominated,0.7,2.0,100.0,11.349774104683197,49.97254971464475,50.02745028535525,49.97254971464475
tilted,from_north,201,rear,20,adhered_dominated,0.7,2.0,100.0,0.0,100.0,0.0,100.0
tilted,from_north,201,front,40,loose_dominated,0.2,0.5,100.0,22.699548209366395,21.84493504166603,78.15506495833397,21.84493504166603
tilted,from_north,201,rear,40,loose_dominated,0.2,0.5,100.0,0.0,100.0,0.0,100.0
tilted,from_north,201,front,40,loose_dominated,0.2,1.0,100.0,22.699548209366395,14.586725823581219,85.41327417641878,14.586725823581219
tilted,from_north,201,rear,40,loose_dominated,0.2,1.0,100.0,0.0,100.0,0.0,100.0
tilted,from_north,201,front,40,loose_dominated,0.2,2.0,100.0,22.699548209366395,10.159914393226305,89.8400856067737,10.159914393226305
tilted,from_north,201,rear,40,loose_dominated,0.2,2.0,100.0,0.0,100.0,0.0,100.0
tilted,from_north,201,front,40,adhered_dominated,0.7,0.5,100.0,22.699548209366395,60.91941913167636,39.08058086832364,60.91941913167636
tilted,from_north,201,rear,40,adhered_dominated,0.7,0.5,100.0,0.0,100.0,0.0,100.0
tilted,from_north,201,front,40,adhered_dominated,0.7,1.0,100.0,22.699548209366395,49.97254971464475,50.02745028535525,49.97254971464475
tilted,from_north,201,rear,40,adhered_dominated,0.7,1.0,100.0,0.0,100.0,0.0,100.0
tilted,from_north,201,front,40,adhered_dominated,0.7,2.0,100.0,22.699548209366395,35.5525808095932,64.4474191904068,35.5525808095932
tilted,from_north,201,rear,40,adhered_dominated,0.7,2.0,100.0,0.0,100.0,0.0,100.0
tilted,from_north,202,front,0,loose_dominated,0.2,0.5,100.0,0.0,100.0,0.0,100.0
tilted,from_north,202,rear,0,loose_dominated,0.2,0.5,100.0,0.0,100.0,0.0,100.0
tilted,from_north,202,front,0,loose_dominated,0.2,1.0,100.0,0.0,100.0,0.0,100.0
tilted,from_north,202,rear,0,loose_dominated,0.2,1.0,100.0,0.0,100.0,0.0,100.0
tilted,from_north,202,front,0,loose_dominated,0.2,2.0,100.0,0.0,100.0,0.0,100.0
tilted,from_north,202,rear,0,loose_dominated,0.2,2.0,100.0,0.0,100.0,0.0,100.0
tilted,from_north,202,front,0,adhered_dominated,0.7,0.5,100.0,0.0,100.0,0.0,100.0
tilted,from_north,202,rear,0,adhered_dominated,0.7,0.5,100.0,0.0,100.0,0.0,100.0
tilted,from_north,202,front,0,adhered_dominated,0.7,1.0,100.0,0.0,100.0,0.0,100.0
tilted,from_north,202,rear,0,adhered_dominated,0.7,1.0,100.0,0.0,100.0,0.0,100.0
tilted,from_north,202,front,0,adhered_dominated,0.7,2.0,100.0,0.0,100.0,0.0,100.0
tilted,from_north,202,rear,0,adhered_dominated,0.7,2.0,100.0,0.0,100.0,0.0,100.0
tilted,from_north,202,front,0.5,loose_dominated,0.2,0.5,100.0,0.2820628099173554,97.18697752952576,2.8130224704742375,97.18697752952576
tilted,from_north,202,rear,0.5,loose_dominated,0.2,0.5,100.0,0.0,100.0,0.0,100.0
tilted,from_north,202,front,0.5,loose_dominated,0.2,1.0,100.0,0.2820628099173554,94.47140352328618,5.528596476713815,94.47140352328618
tilted,from_north,202,rear,0.5,loose_dominated,0.2,1.0,100.0,0.0,100.0,0.0,100.0
tilted,from_north,202,front,0.5,loose_dominated,0.2,2.0,100.0,0.2820628099173554,89.3188499212265,10.681150078773499,89.3188499212265
tilted,from_north,202,rear,0.5,loose_dominated,0.2,2.0,100.0,0.0,100.0,0.0,100.0
tilted,from_north,202,front,0.5,adhered_dominated,0.7,0.5,100.0,0.2820628099173554,98.81304236650467,1.1869576334953251,98.81304236650467
tilted,from_north,202,rear,0.5,adhered_dominated,0.7,0.5,100.0,0.0,100.0,0.0,100.0
tilted,from_north,202,front,0.5,adhered_dominated,0.7,1.0,100.0,0.2820628099173554,97.66291014353435,2.337089856465653,97.66291014353436
tilted,from_north,202,rear,0.5,adhered_dominated,0.7,1.0,100.0,0.0,100.0,0.0,100.0
tilted,from_north,202,front,0.5,adhered_dominated,0.7,2.0,100.0,0.2820628099173554,95.46796425580979,4.53203574419021,95.46796425580979
tilted,from_north,202,rear,0.5,adhered_dominated,0.7,2.0,100.0,0.0,100.0,0.0,100.0
tilted,from_north,202,front,2,loose_dominated,0.2,0.5,100.0,1.1282512396694215,89.3188499212265,10.681150078773499,89.3188499212265
tilted,from_north,202,rear,2,loose_dominated,0.2,0.5,100.0,0.0,100.0,0.0,100.0
tilted,from_north,202,front,2,loose_dominated,0.2,1.0,100.0,1.1282512396694215,80.03862517277399,19.96137482722601,80.03862517277399
tilted,from_north,202,rear,2,loose_dominated,0.2,1.0,100.0,0.0,100.0,0.0,100.0
tilted,from_north,202,front,2,loose_dominated,0.2,2.0,100.0,1.1282512396694215,64.95198139945666,35.048018600543344,64.95198139945666
tilted,from_north,202,rear,2,loose_dominated,0.2,2.0,100.0,0.0,100.0,0.0,100.0
tilted,from_north,202,front,2,adhered_dominated,0.7,0.5,100.0,1.1282512396694215,95.46796425580979,4.53203574419021,95.46796425580979
tilted,from_north,202,rear,2,adhered_dominated,0.7,0.5,100.0,0.0,100.0,0.0,100.0
tilted,from_north,202,front,2,adhered_dominated,0.7,1.0,100.0,1.1282512396694215,91.46577992041905,8.534220079580948,91.46577992041904
tilted,from_north,202,rear,2,adhered_dominated,0.7,1.0,100.0,0.0,100.0,0.0,100.0
tilted,from_north,202,front,2,adhered_dominated,0.7,2.0,100.0,1.1282512396694215,84.77744524081548,15.222554759184519,84.77744524081548
tilted,from_north,202,rear,2,adhered_dominated,0.7,2.0,100.0,0.0,100.0,0.0,100.0
tilted,from_north,202,front,5,loose_dominated,0.2,0.5,100.0,2.820628099173554,75.86384619871775,24.136153801282248,75.86384619871775
tilted,from_north,202,rear,5,loose_dominated,0.2,0.5,100.0,0.0,100.0,0.0,100.0
tilted,from_north,202,front,5,loose_dominated,0.2,1.0,100.0,2.820628099173554,58.84189555644989,41.15810444355011,58.84189555644989
tilted,from_north,202,rear,5,loose_dominated,0.2,1.0,100.0,0.0,100.0,0.0,100.0
tilted,from_north,202,front,5,loose_dominated,0.2,2.0,100.0,2.820628099173554,38.19602412978808,61.80397587021192,38.19602412978808
tilted,from_north,202,rear,5,loose_dominated,0.2,2.0,100.0,0.0,100.0,0.0,100.0
tilted,from_north,202,front,5,adhered_dominated,0.7,0.5,100.0,2.820628099173554,89.6408654808998,10.359134519100195,89.6408654808998
tilted,from_north,202,rear,5,adhered_dominated,0.7,0.5,100.0,0.0,100.0,0.0,100.0
tilted,from_north,202,front,5,adhered_dominated,0.7,1.0,100.0,2.820628099173554,81.97733944257101,18.022660557428992,81.97733944257101
tilted,from_north,202,rear,5,adhered_dominated,0.7,1.0,100.0,0.0,100.0,0.0,100.0
tilted,from_north,202,front,5,adhered_dominated,0.7,2.0,100.0,2.820628099173554,71.75550620555877,28.244493794441226,71.75550620555877
tilted,from_north,202,rear,5,adhered_dominated,0.7,2.0,100.0,0.0,100.0,0.0,100.0
tilted,from_north,202,front,10,loose_dominated,0.2,0.5,100.0,5.641256198347108,58.84189555644989,41.15810444355011,58.84189555644989
tilted,from_north,202,rear,10,loose_dominated,0.2,0.5,100.0,0.0,100.0,0.0,100.0
tilted,from_north,202,front,10,loose_dominated,0.2,1.0,100.0,5.641256198347108,38.19602412978808,61.80397587021192,38.19602412978808
tilted,from_north,202,rear,10,loose_dominated,0.2,1.0,100.0,0.0,100.0,0.0,100.0
tilted,from_north,202,front,10,loose_dominated,0.2,2.0,100.0,5.641256198347108,21.94540086487929,78.05459913512071,21.94540086487929
tilted,from_north,202,rear,10,loose_dominated,0.2,2.0,100.0,0.0,100.0,0.0,100.0
tilted,from_north,202,front,10,adhered_dominated,0.7,0.5,100.0,5.641256198347108,81.97733944257101,18.022660557428992,81.97733944257101
tilted,from_north,202,rear,10,adhered_dominated,0.7,0.5,100.0,0.0,100.0,0.0,100.0
tilted,from_north,202,front,10,adhered_dominated,0.7,1.0,100.0,5.641256198347108,71.75550620555877,28.244493794441226,71.75550620555877
tilted,from_north,202,rear,10,adhered_dominated,0.7,1.0,100.0,0.0,100.0,0.0,100.0
tilted,from_north,202,front,10,adhered_dominated,0.7,2.0,100.0,5.641256198347108,61.01015924811363,38.98984075188637,61.01015924811363
tilted,from_north,202,rear,10,adhered_dominated,0.7,2.0,100.0,0.0,100.0,0.0,100.0
tilted,from_north,202,front,20,loose_dominated,0.2,0.5,100.0,11.282512396694216,38.19602412978808,61.80397587021192,38.19602412978808
tilted,from_north,202,rear,20,loose_dominated,0.2,0.5,100.0,0.0,100.0,0.0,100.0
tilted,from_north,202,front,20,loose_dominated,0.2,1.0,100.0,11.282512396694216,21.94540086487929,78.05459913512071,21.94540086487929
tilted,from_north,202,rear,20,loose_dominated,0.2,1.0,100.0,0.0,100.0,0.0,100.0
tilted,from_north,202,front,20,loose_dominated,0.2,2.0,100.0,11.282512396694216,14.628128832578659,85.37187116742135,14.628128832578659
tilted,from_north,202,rear,20,loose_dominated,0.2,2.0,100.0,0.0,100.0,0.0,100.0
tilted,from_north,202,front,20,adhered_dominated,0.7,0.5,100.0,11.282512396694216,71.75550620555877,28.244493794441226,71.75550620555877
tilted,from_north,202,rear,20,adhered_dominated,0.7,0.5,100.0,0.0,100.0,0.0,100.0
tilted,from_north,202,front,20,adhered_dominated,0.7,1.0,100.0,11.282512396694216,61.01015924811363,38.98984075188637,61.01015924811363
tilted,from_north,202,rear,20,adhered_dominated,0.7,1.0,100.0,0.0,100.0,0.0,100.0
tilted,from_north,202,front,20,adhered_dominated,0.7,2.0,100.0,11.282512396694216,50.077450174093244,49.922549825906756,50.077450174093244
tilted,from_north,202,rear,20,adhered_dominated,0.7,2.0,100.0,0.0,100.0,0.0,100.0
tilted,from_north,202,front,40,loose_dominated,0.2,0.5,100.0,22.56502479338843,21.94540086487929,78.05459913512071,21.94540086487929
tilted,from_north,202,rear,40,loose_dominated,0.2,0.5,100.0,0.0,100.0,0.0,100.0
tilted,from_north,202,front,40,loose_dominated,0.2,1.0,100.0,22.56502479338843,14.628128832578659,85.37187116742135,14.628128832578659
tilted,from_north,202,rear,40,loose_dominated,0.2,1.0,100.0,0.0,100.0,0.0,100.0
tilted,from_north,202,front,40,loose_dominated,0.2,2.0,100.0,22.56502479338843,10.200816698124012,89.79918330187598,10.200816698124012
tilted,from_north,202,rear,40,loose_dominated,0.2,2.0,100.0,0.0,100.0,0.0,100.0
tilted,from_north,202,front,40,adhered_dominated,0.7,0.5,100.0,22.56502479338843,61.01015924811363,38.98984075188637,61.01015924811363
tilted,from_north,202,rear,40,adhered_dominated,0.7,0.5,100.0,0.0,100.0,0.0,100.0
tilted,from_north,202,front,40,adhered_dominated,0.7,1.0,100.0,22.56502479338843,50.077450174093244,49.922549825906756,50.077450174093244
tilted,from_north,202,rear,40,adhered_dominated,0.7,1.0,100.0,0.0,100.0,0.0,100.0
tilted,from_north,202,front,40,adhered_dominated,0.7,2.0,100.0,22.56502479338843,35.69494863053163,64.30505136946837,35.69494863053163
tilted,from_north,202,rear,40,adhered_dominated,0.7,2.0,100.0,0.0,100.0,0.0,100.0
tilted,from_north,203,front,0,loose_dominated,0.2,0.5,100.0,0.0,100.0,0.0,100.0
tilted,from_north,203,rear,0,loose_dominated,0.2,0.5,100.0,0.0,100.0,0.0,100.0
tilted,from_north,203,front,0,loose_dominated,0.2,1.0,100.0,0.0,100.0,0.0,100.0
tilted,from_north,203,rear,0,loose_dominated,0.2,1.0,100.0,0.0,100.0,0.0,100.0
tilted,from_north,203,front,0,loose_dominated,0.2,2.0,100.0,0.0,100.0,0.0,100.0
tilted,from_north,203,rear,0,loose_dominated,0.2,2.0,100.0,0.0,100.0,0.0,100.0
tilted,from_north,203,front,0,adhered_dominated,0.7,0.5,100.0,0.0,100.0,0.0,100.0
tilted,from_north,203,rear,0,adhered_dominated,0.7,0.5,100.0,0.0,100.0,0.0,100.0
tilted,from_north,203,front,0,adhered_dominated,0.7,1.0,100.0,0.0,100.0,0.0,100.0
tilted,from_north,203,rear,0,adhered_dominated,0.7,1.0,100.0,0.0,100.0,0.0,100.0
tilted,from_north,203,front,0,adhered_dominated,0.7,2.0,100.0,0.0,100.0,0.0,100.0
tilted,from_north,203,rear,0,adhered_dominated,0.7,2.0,100.0,0.0,100.0,0.0,100.0
tilted,from_north,203,front,0.5,loose_dominated,0.2,0.5,100.0,0.28217741046831957,97.18580725193024,2.8141927480697575,97.18580725193024
tilted,from_north,203,rear,0.5,loose_dominated,0.2,0.5,100.0,0.0,100.0,0.0,100.0
tilted,from_north,203,front,0.5,loose_dominated,0.2,1.0,100.0,0.28217741046831957,94.46905209620793,5.530947903792068,94.46905209620792
tilted,from_north,203,rear,0.5,loose_dominated,0.2,1.0,100.0,0.0,100.0,0.0,100.0
tilted,from_north,203,front,0.5,loose_dominated,0.2,2.0,100.0,0.28217741046831957,89.31412539482116,10.685874605178839,89.31412539482116
tilted,from_north,203,rear,0.5,loose_dominated,0.2,2.0,100.0,0.0,100.0,0.0,100.0
tilted,from_north,203,front,0.5,adhered_dominated,0.7,0.5,100.0,0.28217741046831957,98.8125497341156,1.1874502658843937,98.8125497341156
tilted,from_north,203,rear,0.5,adhered_dominated,0.7,0.5,100.0,0.0,100.0,0.0,100.0
tilted,from_north,203,front,0.5,adhered_dominated,0.7,1.0,100.0,0.28217741046831957,97.66192082166671,2.338079178333288,97.66192082166671
tilted,from_north,203,rear,0.5,adhered_dominated,0.7,1.0,100.0,0.0,100.0,0.0,100.0
tilted,from_north,203,front,0.5,adhered_dominated,0.7,2.0,100.0,0.28217741046831957,95.46597723960876,4.534022760391238,95.46597723960876
tilted,from_north,203,rear,0.5,adhered_dominated,0.7,2.0,100.0,0.0,100.0,0.0,100.0
tilted,from_north,203,front,2,loose_dominated,0.2,0.5,100.0,1.1287096418732783,89.31412539482116,10.685874605178839,89.31412539482116
tilted,from_north,203,rear,2,loose_dominated,0.2,0.5,100.0,0.0,100.0,0.0,100.0
tilted,from_north,203,front,2,loose_dominated,0.2,1.0,100.0,1.1287096418732783,80.02923297087351,19.970767029126492,80.02923297087351
tilted,from_north,203,rear,2,loose_dominated,0.2,1.0,100.0,0.0,100.0,0.0,100.0
tilted,from_north,203,front,2,loose_dominated,0.2,2.0,100.0,1.1287096418732783,64.93423021435737,35.06576978564263,64.93423021435737
tilted,from_north,203,rear,2,loose_dominated,0.2,2.0,100.0,0.0,100.0,0.0,100.0
tilted,from_north,203,front,2,adhered_dominated,0.7,0.5,100.0,1.1287096418732783,95.46597723960876,4.534022760391238,95.46597723960876
tilted,from_north,203,rear,2,adhered_dominated,0.7,0.5,100.0,0.0,100.0,0.0,100.0
tilted,from_north,203,front,2,adhered_dominated,0.7,1.0,100.0,1.1287096418732783,91.46182664632798,8.538173353672022,91.46182664632798
tilted,from_north,203,rear,2,adhered_dominated,0.7,1.0,100.0,0.0,100.0,0.0,100.0
tilted,from_north,203,front,2,adhered_dominated,0.7,2.0,100.0,1.1287096418732783,84.76992368300756,15.230076316992438,84.76992368300756
tilted,from_north,203,rear,2,adhered_dominated,0.7,2.0,100.0,0.0,100.0,0.0,100.0
tilted,from_north,203,front,5,loose_dominated,0.2,0.5,100.0,2.821774104683196,75.85221438010534,24.147785619894663,75.85221438010534
tilted,from_north,203,rear,5,loose_dominated,0.2,0.5,100.0,0.0,100.0,0.0,100.0
tilted,from_north,203,front,5,loose_dominated,0.2,1.0,100.0,2.821774104683196,58.820670713980995,41.179329286019005,58.820670713981
tilted,from_north,203,rear,5,loose_dominated,0.2,1.0,100.0,0.0,100.0,0.0,100.0
tilted,from_north,203,front,5,loose_dominated,0.2,2.0,100.0,2.821774104683196,38.16516590416431,61.83483409583569,38.16516590416431
tilted,from_north,203,rear,5,loose_dominated,0.2,2.0,100.0,0.0,100.0,0.0,100.0
tilted,from_north,203,front,5,adhered_dominated,0.7,0.5,100.0,2.821774104683196,89.63596446911494,10.364035530885062,89.63596446911494
tilted,from_north,203,rear,5,adhered_dominated,0.7,0.5,100.0,0.0,100.0,0.0,100.0
tilted,from_north,203,front,5,adhered_dominated,0.7,1.0,100.0,2.821774104683196,81.96829802592596,18.03170197407404,81.96829802592596
tilted,from_north,203,rear,5,adhered_dominated,0.7,1.0,100.0,0.0,100.0,0.0,100.0
tilted,from_north,203,front,5,adhered_dominated,0.7,2.0,100.0,2.821774104683196,71.74175921281179,28.258240787188214,71.74175921281179
tilted,from_north,203,rear,5,adhered_dominated,0.7,2.0,100.0,0.0,100.0,0.0,100.0
tilted,from_north,203,front,10,loose_dominated,0.2,0.5,100.0,5.643548209366392,58.820670713980995,41.179329286019005,58.820670713981
tilted,from_north,203,rear,10,loose_dominated,0.2,0.5,100.0,0.0,100.0,0.0,100.0
tilted,from_north,203,front,10,loose_dominated,0.2,1.0,100.0,5.643548209366392,38.16516590416431,61.83483409583569,38.16516590416431
tilted,from_north,203,rear,10,loose_dominated,0.2,1.0,100.0,0.0,100.0,0.0,100.0
tilted,from_north,203,front,10,loose_dominated,0.2,2.0,100.0,5.643548209366392,21.91926708718141,78.08073291281859,21.91926708718141
tilted,from_north,203,rear,10,loose_dominated,0.2,2.0,100.0,0.0,100.0,0.0,100.0
tilted,from_north,203,front,10,adhered_dominated,0.7,0.5,100.0,5.643548209366392,81.96829802592596,18.03170197407404,81.96829802592596
tilted,from_north,203,rear,10,adhered_dominated,0.7,0.5,100.0,0.0,100.0,0.0,100.0
tilted,from_north,203,front,10,adhered_dominated,0.7,1.0,100.0,5.643548209366392,71.74175921281179,28.258240787188214,71.74175921281179
tilted,from_north,203,rear,10,adhered_dominated,0.7,1.0,100.0,0.0,100.0,0.0,100.0
tilted,from_north,203,front,10,adhered_dominated,0.7,2.0,100.0,5.643548209366392,60.99599313735962,39.00400686264038,60.99599313735962
tilted,from_north,203,rear,10,adhered_dominated,0.7,2.0,100.0,0.0,100.0,0.0,100.0
tilted,from_north,203,front,20,loose_dominated,0.2,0.5,100.0,11.287096418732784,38.16516590416431,61.83483409583569,38.16516590416431
tilted,from_north,203,rear,20,loose_dominated,0.2,0.5,100.0,0.0,100.0,0.0,100.0
tilted,from_north,203,front,20,loose_dominated,0.2,1.0,100.0,11.287096418732784,21.91926708718141,78.08073291281859,21.91926708718141
tilted,from_north,203,rear,20,loose_dominated,0.2,1.0,100.0,0.0,100.0,0.0,100.0
tilted,from_north,203,front,20,loose_dominated,0.2,2.0,100.0,11.287096418732784,14.61918502151966,85.38081497848034,14.61918502151966
tilted,from_north,203,rear,20,loose_dominated,0.2,2.0,100.0,0.0,100.0,0.0,100.0
tilted,from_north,203,front,20,adhered_dominated,0.7,0.5,100.0,11.287096418732784,71.74175921281179,28.258240787188214,71.74175921281179
tilted,from_north,203,rear,20,adhered_dominated,0.7,0.5,100.0,0.0,100.0,0.0,100.0
tilted,from_north,203,front,20,adhered_dominated,0.7,1.0,100.0,11.287096418732784,60.99599313735962,39.00400686264038,60.99599313735962
tilted,from_north,203,rear,20,adhered_dominated,0.7,1.0,100.0,0.0,100.0,0.0,100.0
tilted,from_north,203,front,20,adhered_dominated,0.7,2.0,100.0,11.287096418732784,50.0654830733935,49.9345169266065,50.065483073393494
tilted,from_north,203,rear,20,adhered_dominated,0.7,2.0,100.0,0.0,100.0,0.0,100.0
tilted,from_north,203,front,40,loose_dominated,0.2,0.5,100.0,22.574192837465567,21.91926708718141,78.08073291281859,21.91926708718141
tilted,from_north,203,rear,40,loose_dominated,0.2,0.5,100.0,0.0,100.0,0.0,100.0
tilted,from_north,203,front,40,loose_dominated,0.2,1.0,100.0,22.574192837465567,14.61918502151966,85.38081497848034,14.61918502151966
tilted,from_north,203,rear,40,loose_dominated,0.2,1.0,100.0,0.0,100.0,0.0,100.0
tilted,from_north,203,front,40,loose_dominated,0.2,2.0,100.0,22.574192837465567,10.195588759829601,89.8044112401704,10.195588759829601
tilted,from_north,203,rear,40,loose_dominated,0.2,2.0,100.0,0.0,100.0,0.0,100.0
tilted,from_north,203,front,40,adhered_dominated,0.7,0.5,100.0,22.574192837465567,60.99599313735962,39.00400686264038,60.99599313735962
tilted,from_north,203,rear,40,adhered_dominated,0.7,0.5,100.0,0.0,100.0,0.0,100.0
tilted,from_north,203,front,40,adhered_dominated,0.7,1.0,100.0,22.574192837465567,50.0654830733935,49.9345169266065,50.065483073393494
tilted,from_north,203,rear,40,adhered_dominated,0.7,1.0,100.0,0.0,100.0,0.0,100.0
tilted,from_north,203,front,40,adhered_dominated,0.7,2.0,100.0,22.574192837465567,35.67717576424281,64.3228242357572,35.67717576424281
tilted,from_north,203,rear,40,adhered_dominated,0.7,2.0,100.0,0.0,100.0,0.0,100.0
tilted,from_south,201,front,0,loose_dominated,0.2,0.5,100.0,0.0,100.0,0.0,100.0
tilted,from_south,201,rear,0,loose_dominated,0.2,0.5,100.0,0.0,100.0,0.0,100.0
tilted,from_south,201,front,0,loose_dominated,0.2,1.0,100.0,0.0,100.0,0.0,100.0
tilted,from_south,201,rear,0,loose_dominated,0.2,1.0,100.0,0.0,100.0,0.0,100.0
tilted,from_south,201,front,0,loose_dominated,0.2,2.0,100.0,0.0,100.0,0.0,100.0
tilted,from_south,201,rear,0,loose_dominated,0.2,2.0,100.0,0.0,100.0,0.0,100.0
tilted,from_south,201,front,0,adhered_dominated,0.7,0.5,100.0,0.0,100.0,0.0,100.0
tilted,from_south,201,rear,0,adhered_dominated,0.7,0.5,100.0,0.0,100.0,0.0,100.0
tilted,from_south,201,front,0,adhered_dominated,0.7,1.0,100.0,0.0,100.0,0.0,100.0
tilted,from_south,201,rear,0,adhered_dominated,0.7,1.0,100.0,0.0,100.0,0.0,100.0
tilted,from_south,201,front,0,adhered_dominated,0.7,2.0,100.0,0.0,100.0,0.0,100.0
tilted,from_south,201,rear,0,adhered_dominated,0.7,2.0,100.0,0.0,100.0,0.0,100.0
tilted,from_south,201,front,0.5,loose_dominated,0.2,0.5,100.0,0.5819900826446281,94.3011070450147,5.698892954985297,94.3011070450147
tilted,from_south,201,rear,0.5,loose_dominated,0.2,0.5,100.0,0.0,100.0,0.0,100.0
tilted,from_south,201,front,0.5,loose_dominated,0.2,1.0,100.0,0.5819900826446281,88.99896080493927,11.001039195060727,88.99896080493927
tilted,from_south,201,rear,0.5,loose_dominated,0.2,1.0,100.0,0.0,100.0,0.0,100.0
tilted,from_south,201,front,0.5,loose_dominated,0.2,2.0,100.0,0.5819900826446281,79.47417730490366,20.525822695096338,79.47417730490366
tilted,from_south,201,rear,0.5,loose_dominated,0.2,2.0,100.0,0.0,100.0,0.0,100.0
tilted,from_south,201,front,0.5,adhered_dominated,0.7,0.5,100.0,0.5819900826446281,97.59070680936178,2.4092931906382233,97.59070680936178
tilted,from_south,201,rear,0.5,adhered_dominated,0.7,0.5,100.0,0.0,100.0,0.0,100.0
tilted,from_south,201,front,0.5,adhered_dominated,0.7,1.0,100.0,0.5819900826446281,95.33138550917307,4.668614490826926,95.33138550917307
tilted,from_south,201,rear,0.5,adhered_dominated,0.7,1.0,100.0,0.0,100.0,0.0,100.0
tilted,from_south,201,front,0.5,adhered_dominated,0.7,2.0,100.0,0.5819900826446281,91.22112423976263,8.77887576023737,91.22112423976263
tilted,from_south,201,rear,0.5,adhered_dominated,0.7,2.0,100.0,0.0,100.0,0.0,100.0
tilted,from_south,201,front,2,loose_dominated,0.2,0.5,100.0,2.3279603305785126,79.47417730490366,20.525822695096338,79.47417730490366
tilted,from_south,201,rear,2,loose_dominated,0.2,0.5,100.0,0.0,100.0,0.0,100.0
tilted,from_south,201,front,2,loose_dominated,0.2,1.0,100.0,2.3279603305785126,64.07266576687495,35.92733423312505,64.07266576687495
tilted,from_south,201,rear,2,loose_dominated,0.2,1.0,100.0,0.0,100.0,0.0,100.0
tilted,from_south,201,front,2,loose_dominated,0.2,2.0,100.0,2.3279603305785126,43.75590914289157,56.24409085710843,43.75590914289157
tilted,from_south,201,rear,2,loose_dominated,0.2,2.0,100.0,0.0,100.0,0.0,100.0
tilted,from_south,201,front,2,adhered_dominated,0.7,0.5,100.0,2.3279603305785126,91.22112423976263,8.77887576023737,91.22112423976263
tilted,from_south,201,rear,2,adhered_dominated,0.7,0.5,100.0,0.0,100.0,0.0,100.0
tilted,from_south,201,front,2,adhered_dominated,0.7,1.0,100.0,2.3279603305785126,84.3827257235845,15.6172742764155,84.3827257235845
tilted,from_south,201,rear,2,adhered_dominated,0.7,1.0,100.0,0.0,100.0,0.0,100.0
tilted,from_south,201,front,2,adhered_dominated,0.7,2.0,100.0,2.3279603305785126,74.69352741241455,25.306472587585446,74.69352741241455
tilted,from_south,201,rear,2,adhered_dominated,0.7,2.0,100.0,0.0,100.0,0.0,100.0
tilted,from_south,201,front,5,loose_dominated,0.2,0.5,100.0,5.819900826446282,57.871405975023904,42.128594024976096,57.87140597502391
tilted,from_south,201,rear,5,loose_dominated,0.2,0.5,100.0,0.0,100.0,0.0,100.0
tilted,from_south,201,front,5,loose_dominated,0.2,1.0,100.0,5.819900826446282,37.1476521174113,62.8523478825887,37.1476521174113
tilted,from_south,201,rear,5,loose_dominated,0.2,1.0,100.0,0.0,100.0,0.0,100.0
tilted,from_south,201,front,5,loose_dominated,0.2,2.0,100.0,5.819900826446282,21.29397060275078,78.70602939724922,21.29397060275078
tilted,from_south,201,rear,5,loose_dominated,0.2,2.0,100.0,0.0,100.0,0.0,100.0
tilted,from_south,201,front,5,adhered_dominated,0.7,0.5,100.0,5.819900826446282,81.53280436595281,18.467195634047187,81.53280436595281
tilted,from_south,201,rear,5,adhered_dominated,0.7,0.5,100.0,0.0,100.0,0.0,100.0
tilted,from_south,201,front,5,adhered_dominated,0.7,1.0,100.0,5.819900826446282,71.20720518430075,28.792794815699253,71.20720518430075
tilted,from_south,201,rear,5,adhered_dominated,0.7,1.0,100.0,0.0,100.0,0.0,100.0
tilted,from_south,201,front,5,adhered_dominated,0.7,2.0,100.0,5.819900826446282,60.47837978800138,39.52162021199862,60.47837978800138
tilted,from_south,201,rear,5,adhered_dominated,0.7,2.0,100.0,0.0,100.0,0.0,100.0
tilted,from_south,201,front,10,loose_dominated,0.2,0.5,100.0,11.639801652892563,37.1476521174113,62.8523478825887,37.1476521174113
tilted,from_south,201,rear,10,loose_dominated,0.2,0.5,100.0,0.0,100.0,0.0,100.0
tilted,from_south,201,front,10,loose_dominated,0.2,1.0,100.0,11.639801652892563,21.29397060275078,78.70602939724922,21.29397060275078
tilted,from_south,201,rear,10,loose_dominated,0.2,1.0,100.0,0.0,100.0,0.0,100.0
tilted,from_south,201,front,10,loose_dominated,0.2,2.0,100.0,11.639801652892563,14.380159455537797,85.6198405444622,14.380159455537797
tilted,from_south,201,rear,10,loose_dominated,0.2,2.0,100.0,0.0,100.0,0.0,100.0
tilted,from_south,201,front,10,adhered_dominated,0.7,0.5,100.0,11.639801652892563,71.20720518430075,28.792794815699253,71.20720518430075
tilted,from_south,201,rear,10,adhered_dominated,0.7,0.5,100.0,0.0,100.0,0.0,100.0
tilted,from_south,201,front,10,adhered_dominated,0.7,1.0,100.0,11.639801652892563,60.47837978800138,39.52162021199862,60.47837978800138
tilted,from_south,201,rear,10,adhered_dominated,0.7,1.0,100.0,0.0,100.0,0.0,100.0
tilted,from_south,201,front,10,adhered_dominated,0.7,2.0,100.0,11.639801652892563,49.49099309841792,50.50900690158208,49.490993098417924
tilted,from_south,201,rear,10,adhered_dominated,0.7,2.0,100.0,0.0,100.0,0.0,100.0
tilted,from_south,201,front,20,loose_dominated,0.2,0.5,100.0,23.279603305785127,21.29397060275078,78.70602939724922,21.29397060275078
tilted,from_south,201,rear,20,loose_dominated,0.2,0.5,100.0,0.0,100.0,0.0,100.0
tilted,from_south,201,front,20,loose_dominated,0.2,1.0,100.0,23.279603305785127,14.380159455537797,85.6198405444622,14.380159455537797
tilted,from_south,201,rear,20,loose_dominated,0.2,1.0,100.0,0.0,100.0,0.0,100.0
tilted,from_south,201,front,20,loose_dominated,0.2,2.0,100.0,23.279603305785127,9.96684861679872,90.03315138320129,9.96684861679872
tilted,from_south,201,rear,20,loose_dominated,0.2,2.0,100.0,0.0,100.0,0.0,100.0
tilted,from_south,201,front,20,adhered_dominated,0.7,0.5,100.0,23.279603305785127,60.47837978800138,39.52162021199862,60.47837978800138
tilted,from_south,201,rear,20,adhered_dominated,0.7,0.5,100.0,0.0,100.0,0.0,100.0
tilted,from_south,201,front,20,adhered_dominated,0.7,1.0,100.0,23.279603305785127,49.49099309841792,50.50900690158208,49.490993098417924
tilted,from_south,201,rear,20,adhered_dominated,0.7,1.0,100.0,0.0,100.0,0.0,100.0
tilted,from_south,201,front,20,adhered_dominated,0.7,2.0,100.0,23.279603305785127,34.88038764297962,65.11961235702037,34.88038764297962
tilted,from_south,201,rear,20,adhered_dominated,0.7,2.0,100.0,0.0,100.0,0.0,100.0
tilted,from_south,201,front,40,loose_dominated,0.2,0.5,100.0,46.559206611570254,14.380159455537797,85.6198405444622,14.380159455537797
tilted,from_south,201,rear,40,loose_dominated,0.2,0.5,100.0,0.0,100.0,0.0,100.0
tilted,from_south,201,front,40,loose_dominated,0.2,1.0,100.0,46.559206611570254,9.96684861679872,90.03315138320129,9.96684861679872
tilted,from_south,201,rear,40,loose_dominated,0.2,1.0,100.0,0.0,100.0,0.0,100.0
tilted,from_south,201,front,40,loose_dominated,0.2,2.0,100.0,46.559206611570254,4.983653294915954,95.01634670508405,4.983653294915954
tilted,from_south,201,rear,40,loose_dominated,0.2,2.0,100.0,0.0,100.0,0.0,100.0
tilted,from_south,201,front,40,adhered_dominated,0.7,0.5,100.0,46.559206611570254,49.49099309841792,50.50900690158208,49.490993098417924
tilted,from_south,201,rear,40,adhered_dominated,0.7,0.5,100.0,0.0,100.0,0.0,100.0
tilted,from_south,201,front,40,adhered_dominated,0.7,1.0,100.0,46.559206611570254,34.88038764297962,65.11961235702037,34.88038764297962
tilted,from_south,201,rear,40,adhered_dominated,0.7,1.0,100.0,0.0,100.0,0.0,100.0
tilted,from_south,201,front,40,adhered_dominated,0.7,2.0,100.0,46.559206611570254,17.442786191403865,82.55721380859613,17.442786191403865
tilted,from_south,201,rear,40,adhered_dominated,0.7,2.0,100.0,0.0,100.0,0.0,100.0
tilted,from_south,202,front,0,loose_dominated,0.2,0.5,100.0,0.0,100.0,0.0,100.0
tilted,from_south,202,rear,0,loose_dominated,0.2,0.5,100.0,0.0,100.0,0.0,100.0
tilted,from_south,202,front,0,loose_dominated,0.2,1.0,100.0,0.0,100.0,0.0,100.0
tilted,from_south,202,rear,0,loose_dominated,0.2,1.0,100.0,0.0,100.0,0.0,100.0
tilted,from_south,202,front,0,loose_dominated,0.2,2.0,100.0,0.0,100.0,0.0,100.0
tilted,from_south,202,rear,0,loose_dominated,0.2,2.0,100.0,0.0,100.0,0.0,100.0
tilted,from_south,202,front,0,adhered_dominated,0.7,0.5,100.0,0.0,100.0,0.0,100.0
tilted,from_south,202,rear,0,adhered_dominated,0.7,0.5,100.0,0.0,100.0,0.0,100.0
tilted,from_south,202,front,0,adhered_dominated,0.7,1.0,100.0,0.0,100.0,0.0,100.0
tilted,from_south,202,rear,0,adhered_dominated,0.7,1.0,100.0,0.0,100.0,0.0,100.0
tilted,from_south,202,front,0,adhered_dominated,0.7,2.0,100.0,0.0,100.0,0.0,100.0
tilted,from_south,202,rear,0,adhered_dominated,0.7,2.0,100.0,0.0,100.0,0.0,100.0
tilted,from_south,202,front,0.5,loose_dominated,0.2,0.5,100.0,0.5839625344352617,94.28244593540828,5.717554064591724,94.28244593540826
tilted,from_south,202,rear,0.5,loose_dominated,0.2,0.5,100.0,0.0,100.0,0.0,100.0
tilted,from_south,202,front,0.5,loose_dominated,0.2,1.0,100.0,0.5839625344352617,88.96416902939478,11.035830970605218,88.96416902939478
tilted,from_south,202,rear,0.5,loose_dominated,0.2,1.0,100.0,0.0,100.0,0.0,100.0
tilted,from_south,202,front,0.5,loose_dominated,0.2,2.0,100.0,0.5839625344352617,79.4136911034584,20.586308896541595,79.4136911034584
tilted,from_south,202,rear,0.5,loose_dominated,0.2,2.0,100.0,0.0,100.0,0.0,100.0
tilted,from_south,202,front,0.5,adhered_dominated,0.7,0.5,100.0,0.5839625344352617,97.58278821706772,2.4172117829322843,97.58278821706772
tilted,from_south,202,rear,0.5,adhered_dominated,0.7,0.5,100.0,0.0,100.0,0.0,100.0
tilted,from_south,202,front,0.5,adhered_dominated,0.7,1.0,100.0,0.5839625344352617,95.3165051817894,4.683494818210605,95.3165051817894
tilted,from_south,202,rear,0.5,adhered_dominated,0.7,1.0,100.0,0.0,100.0,0.0,100.0
tilted,from_south,202,front,0.5,adhered_dominated,0.7,2.0,100.0,0.5839625344352617,91.19480657180151,8.805193428198493,91.19480657180151
tilted,from_south,202,rear,0.5,adhered_dominated,0.7,2.0,100.0,0.0,100.0,0.0,100.0
tilted,from_south,202,front,2,loose_dominated,0.2,0.5,100.0,2.3358501377410468,79.4136911034584,20.586308896541595,79.4136911034584
tilted,from_south,202,rear,2,loose_dominated,0.2,0.5,100.0,0.0,100.0,0.0,100.0
tilted,from_south,202,front,2,loose_dominated,0.2,1.0,100.0,2.3358501377410468,63.9811332265536,36.0188667734464,63.9811332265536
tilted,from_south,202,rear,2,loose_dominated,0.2,1.0,100.0,0.0,100.0,0.0,100.0
tilted,from_south,202,front,2,loose_dominated,0.2,2.0,100.0,2.3358501377410468,43.65037284096082,56.34962715903918,43.65037284096082
tilted,from_south,202,rear,2,loose_dominated,0.2,2.0,100.0,0.0,100.0,0.0,100.0
tilted,from_south,202,front,2,adhered_dominated,0.7,0.5,100.0,2.3358501377410468,91.19480657180151,8.805193428198493,91.19480657180151
tilted,from_south,202,rear,2,adhered_dominated,0.7,0.5,100.0,0.0,100.0,0.0,100.0
tilted,from_south,202,front,2,adhered_dominated,0.7,1.0,100.0,2.3358501377410468,84.34125337203344,15.658746627966565,84.34125337203345
tilted,from_south,202,rear,2,adhered_dominated,0.7,1.0,100.0,0.0,100.0,0.0,100.0
tilted,from_south,202,front,2,adhered_dominated,0.7,2.0,100.0,2.3358501377410468,74.64013701279958,25.359862987200415,74.64013701279958
tilted,from_south,202,rear,2,adhered_dominated,0.7,2.0,100.0,0.0,100.0,0.0,100.0
tilted,from_south,202,front,5,loose_dominated,0.2,0.5,100.0,5.839625344352617,57.77180379430453,42.22819620569547,57.77180379430453
tilted,from_south,202,rear,5,loose_dominated,0.2,0.5,100.0,0.0,100.0,0.0,100.0
tilted,from_south,202,front,5,loose_dominated,0.2,1.0,100.0,5.839625344352617,37.04702855348587,62.95297144651413,37.04702855348587
tilted,from_south,202,rear,5,loose_dominated,0.2,1.0,100.0,0.0,100.0,0.0,100.0
tilted,from_south,202,front,5,loose_dominated,0.2,2.0,100.0,5.839625344352617,21.237580029169717,78.76241997083028,21.237580029169717
tilted,from_south,202,rear,5,loose_dominated,0.2,2.0,100.0,0.0,100.0,0.0,100.0
tilted,from_south,202,front,5,adhered_dominated,0.7,0.5,100.0,5.839625344352617,81.4865950147311,18.513404985268906,81.4865950147311
tilted,from_south,202,rear,5,adhered_dominated,0.7,0.5,100.0,0.0,100.0,0.0,100.0
tilted,from_south,202,front,5,adhered_dominated,0.7,1.0,100.0,5.839625344352617,71.1524966955185,28.847503304481506,71.1524966955185
tilted,from_south,202,rear,5,adhered_dominated,0.7,1.0,100.0,0.0,100.0,0.0,100.0
tilted,from_south,202,front,5,adhered_dominated,0.7,2.0,100.0,5.839625344352617,60.42606751124064,39.57393248875936,60.42606751124063
tilted,from_south,202,rear,5,adhered_dominated,0.7,2.0,100.0,0.0,100.0,0.0,100.0
tilted,from_south,202,front,10,loose_dominated,0.2,0.5,100.0,11.679250688705235,37.04702855348587,62.95297144651413,37.04702855348587
tilted,from_south,202,rear,10,loose_dominated,0.2,0.5,100.0,0.0,100.0,0.0,100.0
tilted,from_south,202,front,10,loose_dominated,0.2,1.0,100.0,11.679250688705235,21.237580029169717,78.76241997083028,21.237580029169717
tilted,from_south,202,rear,10,loose_dominated,0.2,1.0,100.0,0.0,100.0,0.0,100.0
tilted,from_south,202,front,10,loose_dominated,0.2,2.0,100.0,11.679250688705235,14.357650154829026,85.64234984517097,14.357650154829026
tilted,from_south,202,rear,10,loose_dominated,0.2,2.0,100.0,0.0,100.0,0.0,100.0
tilted,from_south,202,front,10,adhered_dominated,0.7,0.5,100.0,11.679250688705235,71.1524966955185,28.847503304481506,71.1524966955185
tilted,from_south,202,rear,10,adhered_dominated,0.7,0.5,100.0,0.0,100.0,0.0,100.0
tilted,from_south,202,front,10,adhered_dominated,0.7,1.0,100.0,11.679250688705235,60.42606751124064,39.57393248875936,60.42606751124063
tilted,from_south,202,rear,10,adhered_dominated,0.7,1.0,100.0,0.0,100.0,0.0,100.0
tilted,from_south,202,front,10,adhered_dominated,0.7,2.0,100.0,11.679250688705235,49.43001759449641,50.56998240550359,49.43001759449641
tilted,from_south,202,rear,10,adhered_dominated,0.7,2.0,100.0,0.0,100.0,0.0,100.0
tilted,from_south,202,front,20,loose_dominated,0.2,0.5,100.0,23.35850137741047,21.237580029169717,78.76241997083028,21.237580029169717
tilted,from_south,202,rear,20,loose_dominated,0.2,0.5,100.0,0.0,100.0,0.0,100.0
tilted,from_south,202,front,20,loose_dominated,0.2,1.0,100.0,23.35850137741047,14.357650154829026,85.64234984517097,14.357650154829026
tilted,from_south,202,rear,20,loose_dominated,0.2,1.0,100.0,0.0,100.0,0.0,100.0
tilted,from_south,202,front,20,loose_dominated,0.2,2.0,100.0,23.35850137741047,9.942905327926079,90.05709467207392,9.942905327926079
tilted,from_south,202,rear,20,loose_dominated,0.2,2.0,100.0,0.0,100.0,0.0,100.0
tilted,from_south,202,front,20,adhered_dominated,0.7,0.5,100.0,23.35850137741047,60.42606751124064,39.57393248875936,60.42606751124063
tilted,from_south,202,rear,20,adhered_dominated,0.7,0.5,100.0,0.0,100.0,0.0,100.0
tilted,from_south,202,front,20,adhered_dominated,0.7,1.0,100.0,23.35850137741047,49.43001759449641,50.56998240550359,49.43001759449641
tilted,from_south,202,rear,20,adhered_dominated,0.7,1.0,100.0,0.0,100.0,0.0,100.0
tilted,from_south,202,front,20,adhered_dominated,0.7,2.0,100.0,23.35850137741047,34.796739839514096,65.20326016048591,34.796739839514096
tilted,from_south,202,rear,20,adhered_dominated,0.7,2.0,100.0,0.0,100.0,0.0,100.0
tilted,from_south,202,front,40,loose_dominated,0.2,0.5,100.0,46.71700275482094,14.357650154829026,85.64234984517097,14.357650154829026
tilted,from_south,202,rear,40,loose_dominated,0.2,0.5,100.0,0.0,100.0,0.0,100.0
tilted,from_south,202,front,40,loose_dominated,0.2,1.0,100.0,46.71700275482094,9.942905327926079,90.05709467207392,9.942905327926079
tilted,from_south,202,rear,40,loose_dominated,0.2,1.0,100.0,0.0,100.0,0.0,100.0
tilted,from_south,202,front,40,loose_dominated,0.2,2.0,100.0,46.71700275482094,4.9594752352684734,95.04052476473153,4.9594752352684734
tilted,from_south,202,rear,40,loose_dominated,0.2,2.0,100.0,0.0,100.0,0.0,100.0
tilted,from_south,202,front,40,adhered_dominated,0.7,0.5,100.0,46.71700275482094,49.43001759449641,50.56998240550359,49.43001759449641
tilted,from_south,202,rear,40,adhered_dominated,0.7,0.5,100.0,0.0,100.0,0.0,100.0
tilted,from_south,202,front,40,adhered_dominated,0.7,1.0,100.0,46.71700275482094,34.796739839514096,65.20326016048591,34.796739839514096
tilted,from_south,202,rear,40,adhered_dominated,0.7,1.0,100.0,0.0,100.0,0.0,100.0
tilted,from_south,202,front,40,adhered_dominated,0.7,2.0,100.0,46.71700275482094,17.358163015047708,82.64183698495229,17.358163015047708
tilted,from_south,202,rear,40,adhered_dominated,0.7,2.0,100.0,0.0,100.0,0.0,100.0
tilted,from_south,203,front,0,loose_dominated,0.2,0.5,100.0,0.0,100.0,0.0,100.0
tilted,from_south,203,rear,0,loose_dominated,0.2,0.5,100.0,0.0,100.0,0.0,100.0
tilted,from_south,203,front,0,loose_dominated,0.2,1.0,100.0,0.0,100.0,0.0,100.0
tilted,from_south,203,rear,0,loose_dominated,0.2,1.0,100.0,0.0,100.0,0.0,100.0
tilted,from_south,203,front,0,loose_dominated,0.2,2.0,100.0,0.0,100.0,0.0,100.0
tilted,from_south,203,rear,0,loose_dominated,0.2,2.0,100.0,0.0,100.0,0.0,100.0
tilted,from_south,203,front,0,adhered_dominated,0.7,0.5,100.0,0.0,100.0,0.0,100.0
tilted,from_south,203,rear,0,adhered_dominated,0.7,0.5,100.0,0.0,100.0,0.0,100.0
tilted,from_south,203,front,0,adhered_dominated,0.7,1.0,100.0,0.0,100.0,0.0,100.0
tilted,from_south,203,rear,0,adhered_dominated,0.7,1.0,100.0,0.0,100.0,0.0,100.0
tilted,from_south,203,front,0,adhered_dominated,0.7,2.0,100.0,0.0,100.0,0.0,100.0
tilted,from_south,203,rear,0,adhered_dominated,0.7,2.0,100.0,0.0,100.0,0.0,100.0
tilted,from_south,203,front,0.5,loose_dominated,0.2,0.5,100.0,0.5826203856749311,94.29510073661804,5.704899263381961,94.29510073661804
tilted,from_south,203,rear,0.5,loose_dominated,0.2,0.5,100.0,0.0,100.0,0.0,100.0
tilted,from_south,203,front,0.5,loose_dominated,0.2,1.0,100.0,0.5826203856749311,88.98768353064855,11.012316469351447,88.98768353064855
tilted,from_south,203,rear,0.5,loose_dominated,0.2,1.0,100.0,0.0,100.0,0.0,100.0
tilted,from_south,203,front,0.5,loose_dominated,0.2,2.0,100.0,0.5826203856749311,79.45429924329122,20.545700756708783,79.45429924329122
tilted,from_south,203,rear,0.5,loose_dominated,0.2,2.0,100.0,0.0,100.0,0.0,100.0
tilted,from_south,203,front,0.5,adhered_dominated,0.7,0.5,100.0,0.5826203856749311,97.58816014925638,2.4118398507436183,97.58816014925638
tilted,from_south,203,rear,0.5,adhered_dominated,0.7,0.5,100.0,0.0,100.0,0.0,100.0
tilted,from_south,203,front,0.5,adhered_dominated,0.7,1.0,100.0,0.5826203856749311,95.3265702366829,4.6734297633171025,95.3265702366829
tilted,from_south,203,rear,0.5,adhered_dominated,0.7,1.0,100.0,0.0,100.0,0.0,100.0
tilted,from_south,203,front,0.5,adhered_dominated,0.7,2.0,100.0,0.5826203856749311,91.21250638167064,8.787493618329364,91.21250638167062
tilted,from_south,203,rear,0.5,adhered_dominated,0.7,2.0,100.0,0.0,100.0,0.0,100.0
tilted,from_south,203,front,2,loose_dominated,0.2,0.5,100.0,2.3304815426997245,79.45429924329122,20.545700756708783,79.45429924329122
tilted,from_south,203,rear,2,loose_dominated,0.2,0.5,100.0,0.0,100.0,0.0,100.0
tilted,from_south,203,front,2,loose_dominated,0.2,1.0,100.0,2.3304815426997245,64.04178407589595,35.95821592410405,64.04178407589595
tilted,from_south,203,rear,2,loose_dominated,0.2,1.0,100.0,0.0,100.0,0.0,100.0
tilted,from_south,203,front,2,loose_dominated,0.2,2.0,100.0,2.3304815426997245,43.718577684958774,56.281422315041226,43.718577684958774
tilted,from_south,203,rear,2,loose_dominated,0.2,2.0,100.0,0.0,100.0,0.0,100.0
tilted,from_south,203,front,2,adhered_dominated,0.7,0.5,100.0,2.3304815426997245,91.21250638167064,8.787493618329364,91.21250638167062
tilted,from_south,203,rear,2,adhered_dominated,0.7,0.5,100.0,0.0,100.0,0.0,100.0
tilted,from_south,203,front,2,adhered_dominated,0.7,1.0,100.0,2.3304815426997245,84.36885306835174,15.63114693164826,84.36885306835174
tilted,from_south,203,rear,2,adhered_dominated,0.7,1.0,100.0,0.0,100.0,0.0,100.0
tilted,from_south,203,front,2,adhered_dominated,0.7,2.0,100.0,2.3304815426997245,74.67508288224538,25.324917117754623,74.67508288224538
tilted,from_south,203,rear,2,adhered_dominated,0.7,2.0,100.0,0.0,100.0,0.0,100.0
tilted,from_south,203,front,5,loose_dominated,0.2,0.5,100.0,5.826203856749311,57.83737958669663,42.16262041330337,57.83737958669663
tilted,from_south,203,rear,5,loose_dominated,0.2,0.5,100.0,0.0,100.0,0.0,100.0
tilted,from_south,203,front,5,loose_dominated,0.2,1.0,100.0,5.826203856749311,37.11130472421646,62.88869527578354,37.11130472421646
tilted,from_south,203,rear,5,loose_dominated,0.2,1.0,100.0,0.0,100.0,0.0,100.0
tilted,from_south,203,front,5,loose_dominated,0.2,2.0,100.0,5.826203856749311,21.272081512212754,78.72791848778725,21.272081512212754
tilted,from_south,203,rear,5,loose_dominated,0.2,2.0,100.0,0.0,100.0,0.0,100.0
tilted,from_south,203,front,5,adhered_dominated,0.7,0.5,100.0,5.826203856749311,81.51720126072566,18.482798739274344,81.51720126072566
tilted,from_south,203,rear,5,adhered_dominated,0.7,0.5,100.0,0.0,100.0,0.0,100.0
tilted,from_south,203,front,5,adhered_dominated,0.7,1.0,100.0,5.826203856749311,71.18810308376948,28.811896916230523,71.18810308376948
tilted,from_south,203,rear,5,adhered_dominated,0.7,1.0,100.0,0.0,100.0,0.0,100.0
tilted,from_south,203,front,5,adhered_dominated,0.7,2.0,100.0,5.826203856749311,60.460038262605664,39.539961737394336,60.460038262605664
tilted,from_south,203,rear,5,adhered_dominated,0.7,2.0,100.0,0.0,100.0,0.0,100.0
tilted,from_south,203,front,10,loose_dominated,0.2,0.5,100.0,11.652407713498622,37.11130472421646,62.88869527578354,37.11130472421646
tilted,from_south,203,rear,10,loose_dominated,0.2,0.5,100.0,0.0,100.0,0.0,100.0
tilted,from_south,203,front,10,loose_dominated,0.2,1.0,100.0,11.652407713498622,21.272081512212754,78.72791848778725,21.272081512212754
tilted,from_south,203,rear,10,loose_dominated,0.2,1.0,100.0,0.0,100.0,0.0,100.0
tilted,from_south,203,front,10,loose_dominated,0.2,2.0,100.0,11.652407713498622,14.371960840622584,85.62803915937741,14.371960840622584
tilted,from_south,203,rear,10,loose_dominated,0.2,2.0,100.0,0.0,100.0,0.0,100.0
tilted,from_south,203,front,10,adhered_dominated,0.7,0.5,100.0,11.652407713498622,71.18810308376948,28.811896916230523,71.18810308376948
tilted,from_south,203,rear,10,adhered_dominated,0.7,0.5,100.0,0.0,100.0,0.0,100.0
tilted,from_south,203,front,10,adhered_dominated,0.7,1.0,100.0,11.652407713498622,60.460038262605664,39.539961737394336,60.460038262605664
tilted,from_south,203,rear,10,adhered_dominated,0.7,1.0,100.0,0.0,100.0,0.0,100.0
tilted,from_south,203,front,10,adhered_dominated,0.7,2.0,100.0,11.652407713498622,49.47054946422577,50.52945053577423,49.47054946422577
tilted,from_south,203,rear,10,adhered_dominated,0.7,2.0,100.0,0.0,100.0,0.0,100.0
tilted,from_south,203,front,20,loose_dominated,0.2,0.5,100.0,23.304815426997244,21.272081512212754,78.72791848778725,21.272081512212754
tilted,from_south,203,rear,20,loose_dominated,0.2,0.5,100.0,0.0,100.0,0.0,100.0
tilted,from_south,203,front,20,loose_dominated,0.2,1.0,100.0,23.304815426997244,14.371960840622584,85.62803915937741,14.371960840622584
tilted,from_south,203,rear,20,loose_dominated,0.2,1.0,100.0,0.0,100.0,0.0,100.0
tilted,from_south,203,front,20,loose_dominated,0.2,2.0,100.0,23.304815426997244,9.958665476242702,90.0413345237573,9.958665476242702
tilted,from_south,203,rear,20,loose_dominated,0.2,2.0,100.0,0.0,100.0,0.0,100.0
tilted,from_south,203,front,20,adhered_dominated,0.7,0.5,100.0,23.304815426997244,60.460038262605664,39.539961737394336,60.460038262605664
tilted,from_south,203,rear,20,adhered_dominated,0.7,0.5,100.0,0.0,100.0,0.0,100.0
tilted,from_south,203,front,20,adhered_dominated,0.7,1.0,100.0,23.304815426997244,49.47054946422577,50.52945053577423,49.47054946422577
tilted,from_south,203,rear,20,adhered_dominated,0.7,1.0,100.0,0.0,100.0,0.0,100.0
tilted,from_south,203,front,20,adhered_dominated,0.7,2.0,100.0,23.304815426997244,34.85183061858018,65.14816938141982,34.85183061858018
tilted,from_south,203,rear,20,adhered_dominated,0.7,2.0,100.0,0.0,100.0,0.0,100.0
tilted,from_south,203,front,40,loose_dominated,0.2,0.5,100.0,46.60963085399449,14.371960840622584,85.62803915937741,14.371960840622584
tilted,from_south,203,rear,40,loose_dominated,0.2,0.5,100.0,0.0,100.0,0.0,100.0
tilted,from_south,203,front,40,loose_dominated,0.2,1.0,100.0,46.60963085399449,9.958665476242702,90.0413345237573,9.958665476242702
tilted,from_south,203,rear,40,loose_dominated,0.2,1.0,100.0,0.0,100.0,0.0,100.0
tilted,from_south,203,front,40,loose_dominated,0.2,2.0,100.0,46.60963085399449,4.974905788650116,95.02509421134988,4.974905788650116
tilted,from_south,203,rear,40,loose_dominated,0.2,2.0,100.0,0.0,100.0,0.0,100.0
tilted,from_south,203,front,40,adhered_dominated,0.7,0.5,100.0,46.60963085399449,49.47054946422577,50.52945053577423,49.47054946422577
tilted,from_south,203,rear,40,adhered_dominated,0.7,0.5,100.0,0.0,100.0,0.0,100.0
tilted,from_south,203,front,40,adhered_dominated,0.7,1.0,100.0,46.60963085399449,34.85183061858018,65.14816938141982,34.85183061858018
tilted,from_south,203,rear,40,adhered_dominated,0.7,1.0,100.0,0.0,100.0,0.0,100.0
tilted,from_south,203,front,40,adhered_dominated,0.7,2.0,100.0,46.60963085399449,17.412169943749905,82.5878300562501,17.412169943749905
tilted,from_south,203,rear,40,adhered_dominated,0.7,2.0,100.0,0.0,100.0,0.0,100.0
