object_id,ifc_guid,kind,category,name,specification,quantity,unit,zone,inventory_role,primary_wbs,wbs_codes,task_ids,task_count,library_global_id,quantity_note
ZONE_A,05s0DvC$jRV929XyJ91g6F,zone,공사구역,공사구역,,0,,A,WORK_SCOPE,PK.20.10.A,"[""PK.20.10.A"", ""PK.20.50.A"", ""PK.30.10.A"", ""PK.30.20.A"", ""PK.40.10.A"", ""PK.40.20.A"", ""PK.40.30.A"", ""PK.50.20.A"", ""PK.50.30.A"", ""PK.50.40.A"", ""PK.50.50.A"", ""PK.50.60.A"", ""PK.60.10.A"", ""PK.70.10.A""]","[""A_backfill"", ""A_bench"", ""A_check"", ""A_curb"", ""A_finish"", ""A_foundation"", ""A_mulch"", ""A_pavecheck"", ""A_shrubs"", ""A_soil"", ""A_subbase"", ""A_trees"", ""A_trench"", ""A_turf""]",14,,
ZONE_B,2x_36Mv31GngMSBAisIBtD,zone,공사구역,공사구역,,0,,B,WORK_SCOPE,PK.20.10.B,"[""PK.20.10.B"", ""PK.20.50.B"", ""PK.30.20.B"", ""PK.40.10.B"", ""PK.40.20.B"", ""PK.40.30.B"", ""PK.50.20.B"", ""PK.50.30.B"", ""PK.50.40.B"", ""PK.50.50.B"", ""PK.50.60.B"", ""PK.70.10.B""]","[""B_backfill"", ""B_check"", ""B_curb"", ""B_finish"", ""B_mulch"", ""B_pavecheck"", ""B_shrubs"", ""B_soil"", ""B_subbase"", ""B_trees"", ""B_trench"", ""B_turf""]",12,,
ZONE_C,0q2_uZzdrVsxsTXBPSE5Qa,zone,공사구역,공사구역,,0,,C,WORK_SCOPE,PK.20.10.C,"[""PK.20.10.C"", ""PK.20.50.C"", ""PK.30.10.C"", ""PK.30.20.C"", ""PK.40.10.C"", ""PK.40.20.C"", ""PK.40.30.C"", ""PK.50.20.C"", ""PK.50.30.C"", ""PK.50.40.C"", ""PK.50.50.C"", ""PK.50.60.C"", ""PK.60.10.C"", ""PK.70.10.C""]","[""C_backfill"", ""C_bench"", ""C_check"", ""C_curb"", ""C_finish"", ""C_foundation"", ""C_mulch"", ""C_pavecheck"", ""C_shrubs"", ""C_soil"", ""C_subbase"", ""C_trees"", ""C_trench"", ""C_turf""]",14,,
ZONE_D,3$1Stc6JfRHQZHDbAILU6L,zone,공사구역,공사구역,,0,,D,WORK_SCOPE,PK.20.10.D,"[""PK.20.10.D"", ""PK.20.50.D"", ""PK.30.10.D"", ""PK.30.20.D"", ""PK.40.10.D"", ""PK.40.20.D"", ""PK.40.30.D"", ""PK.50.20.D"", ""PK.50.30.D"", ""PK.50.40.D"", ""PK.50.50.D"", ""PK.50.60.D"", ""PK.60.10.D"", ""PK.60.20.D"", ""PK.70.10.D""]","[""D_backfill"", ""D_bench"", ""D_check"", ""D_curb"", ""D_finish"", ""D_foundation"", ""D_mulch"", ""D_pavecheck"", ""D_pergola"", ""D_shrubs"", ""D_soil"", ""D_subbase"", ""D_trees"", ""D_trench"", ""D_turf""]",15,,
walkway_A,3q3q0DWtjTh8ZN5wMJC4TJ,walkway,보행로 블록포장,보행로 블록포장,200×200mm / 유효폭 2m,50.0,m2,A,NEW,PK.40.30.A,"[""PK.40.10.A"", ""PK.40.20.A"", ""PK.40.30.A"", ""PK.70.10.A""]","[""A_check"", ""A_finish"", ""A_pavecheck"", ""A_subbase""]",4,,
walkway_B,2uUU441FzPTQzrtbwPLFUK,walkway,보행로 블록포장,보행로 블록포장,200×200mm / 유효폭 2m,50.0,m2,B,NEW,PK.40.30.B,"[""PK.40.10.B"", ""PK.40.20.B"", ""PK.40.30.B"", ""PK.70.10.B""]","[""B_check"", ""B_finish"", ""B_pavecheck"", ""B_subbase""]",4,,
walkway_C,19Dv29Y7vGQPOnCF_RhSPQ,walkway,보행로 블록포장,보행로 블록포장,200×200mm / 유효폭 2m,60.0,m2,C,NEW,PK.40.30.C,"[""PK.40.10.C"", ""PK.40.20.C"", ""PK.40.30.C"", ""PK.70.10.C""]","[""C_check"", ""C_finish"", ""C_pavecheck"", ""C_subbase""]",4,,
walkway_D,0mPlDNkl1NYQPHTpc1fBtL,walkway,보행로 블록포장,보행로 블록포장,200×200mm / 유효폭 2m,60.0,m2,D,NEW,PK.40.30.D,"[""PK.40.10.D"", ""PK.40.20.D"", ""PK.40.30.D"", ""PK.70.10.D""]","[""D_check"", ""D_finish"", ""D_pavecheck"", ""D_subbase""]",4,,
plaza_A,2RuwrdotDPRO4wT4PooqPW,plaza,휴게공간 블록포장,휴게공간 블록포장,200×200mm,30.0,m2,A,NEW,PK.40.30.A,"[""PK.40.10.A"", ""PK.40.20.A"", ""PK.40.30.A"", ""PK.70.10.A""]","[""A_check"", ""A_finish"", ""A_pavecheck"", ""A_subbase""]",4,,
plaza_C,0qfwjhpMnKS8C9ETlQ6DvM,plaza,휴게공간 블록포장,휴게공간 블록포장,200×200mm,36.0,m2,C,NEW,PK.40.30.C,"[""PK.40.10.C"", ""PK.40.20.C"", ""PK.40.30.C"", ""PK.70.10.C""]","[""C_check"", ""C_finish"", ""C_pavecheck"", ""C_subbase""]",4,,
plaza_D,3xEp6uVh9G9RMOhLExLruZ,plaza,휴게공간 블록포장,휴게공간 블록포장,200×200mm,72.0,m2,D,NEW,PK.40.30.D,"[""PK.40.10.D"", ""PK.40.20.D"", ""PK.40.30.D"", ""PK.70.10.D""]","[""D_check"", ""D_finish"", ""D_pavecheck"", ""D_subbase""]",4,,
lawn_A,2TMfXTxhXNLvV7tqJ$0KgI,lawn,잔디,잔디,평떼 300×300mm / 전면 붙임,286.0040716133794,m2,A,NEW,PK.50.50.A,"[""PK.50.20.A"", ""PK.50.50.A"", ""PK.70.10.A""]","[""A_check"", ""A_soil"", ""A_turf""]",3,,
lawn_B,3DQ93yPh9H9gS6aKs3R_3F,lawn,잔디,잔디,평떼 300×300mm / 전면 붙임,275.21423617506696,m2,B,NEW,PK.50.50.B,"[""PK.50.20.B"", ""PK.50.50.B"", ""PK.70.10.B""]","[""B_check"", ""B_soil"", ""B_turf""]",3,,
lawn_C,1p635B579Ue8dBXvP_ghrm,lawn,잔디,잔디,평떼 300×300mm / 전면 붙임,266.1614251909143,m2,C,NEW,PK.50.50.C,"[""PK.50.20.C"", ""PK.50.50.C"", ""PK.70.10.C""]","[""C_check"", ""C_soil"", ""C_turf""]",3,,
lawn_D,30SBC5WpHJ3vOz9iiaguLl,lawn,잔디,잔디,평떼 300×300mm / 전면 붙임,274.6088946778756,m2,D,NEW,PK.50.50.D,"[""PK.50.20.D"", ""PK.50.50.D"", ""PK.70.10.D""]","[""D_check"", ""D_soil"", ""D_turf""]",3,,
shrub_A,2mofXfJPLR3A3TC$sO0JuJ,shrub,관목 식재지,관목 식재지,,117.63869428289229,m2,A,SURFACE_GROUP,PK.50.20.A,"[""PK.50.20.A"", ""PK.70.10.A""]","[""A_check"", ""A_soil""]",2,,군락 면적; 관목 개체 수와 중복 합산하지 않음
shrub_B,1TDXd0_SnQ5RCqmS8RbvCO,shrub,관목 식재지,관목 식재지,,156.69991266934056,m2,B,SURFACE_GROUP,PK.50.20.B,"[""PK.50.20.B"", ""PK.70.10.B""]","[""B_check"", ""B_soil""]",2,,군락 면적; 관목 개체 수와 중복 합산하지 않음
shrub_C,0u6PcUk4bRlxGZvc3a_Wfe,shrub,관목 식재지,관목 식재지,,123.83245775722149,m2,C,SURFACE_GROUP,PK.50.20.C,"[""PK.50.20.C"", ""PK.70.10.C""]","[""C_check"", ""C_soil""]",2,,군락 면적; 관목 개체 수와 중복 합산하지 않음
shrub_D,25sRKXEljG6gNF8O0rabTH,shrub,관목 식재지,관목 식재지,,75.25637121839611,m2,D,SURFACE_GROUP,PK.50.20.D,"[""PK.50.20.D"", ""PK.70.10.D""]","[""D_check"", ""D_soil""]",2,,군락 면적; 관목 개체 수와 중복 합산하지 않음
green_A,3Rtnkwg4bP8Rx7PpzPFj5M,green,수목 하부 멀칭,수목 하부 멀칭,,7.057234103728361,m2,A,SURFACE_GROUP,PK.50.60.A,"[""PK.50.20.A"", ""PK.50.60.A"", ""PK.70.10.A""]","[""A_check"", ""A_mulch"", ""A_soil""]",3,,신규 교목 하부 멀칭 면적
green_B,3K6pWDCm1KuRkDLYGXyhSh,green,수목 하부 멀칭,수목 하부 멀칭,,10.58585115559255,m2,B,SURFACE_GROUP,PK.50.60.B,"[""PK.50.20.B"", ""PK.50.60.B"", ""PK.70.10.B""]","[""B_check"", ""B_mulch"", ""B_soil""]",3,,신규 교목 하부 멀칭 면적
green_C,0xSKiI1HfMM9XaOKMx74R6,green,수목 하부 멀칭,수목 하부 멀칭,,3.5286170518641815,m2,C,SURFACE_GROUP,PK.50.60.C,"[""PK.50.20.C"", ""PK.50.60.C"", ""PK.70.10.C""]","[""C_check"", ""C_mulch"", ""C_soil""]",3,,신규 교목 하부 멀칭 면적
green_D,22geK9FJnQrBvkSa8mSioj,green,수목 하부 멀칭,수목 하부 멀칭,,7.057234103728364,m2,D,SURFACE_GROUP,PK.50.60.D,"[""PK.50.20.D"", ""PK.50.60.D"", ""PK.70.10.D""]","[""D_check"", ""D_mulch"", ""D_soil""]",3,,신규 교목 하부 멀칭 면적
P2_N01,32o20Yq$fIu8Fbxd4ku08H,new_tree,신규 교목,느티나무,H4.0 X R12,1,ea,C,NEW,PK.50.30.C,"[""PK.50.30.C"", ""PK.70.10.C""]","[""C_check"", ""C_trees""]",2,3XjF$En_P4Ex4Uq8Mx9BRN,
P2_N02,32fq$v0WDOxPZsBdaKmGKv,new_tree,신규 교목,느티나무,H4.0 X R12,1,ea,A,NEW,PK.50.30.A,"[""PK.50.30.A"", ""PK.70.10.A""]","[""A_check"", ""A_trees""]",2,3XjF$En_P4Ex4Uq8Mx9BRN,
P2_N03,1KzHpDp8TOfg3ND1kZypKE,new_tree,신규 교목,느티나무,H4.0 X R12,1,ea,B,NEW,PK.50.30.B,"[""PK.50.30.B"", ""PK.70.10.B""]","[""B_check"", ""B_trees""]",2,3XjF$En_P4Ex4Uq8Mx9BRN,
P2_I01,02y87a1DbR9Q4AvdxI7PYf,new_tree,신규 교목,이팝나무,H4.0 X R15,1,ea,C,NEW,PK.50.30.C,"[""PK.50.30.C"", ""PK.70.10.C""]","[""C_check"", ""C_trees""]",2,3XjF$En_P4Ex4Uq8MxAr47,
P2_I02,2wA21KkBrHfA02Gl2eiITH,new_tree,신규 교목,이팝나무,H4.0 X R15,1,ea,D,NEW,PK.50.30.D,"[""PK.50.30.D"", ""PK.70.10.D""]","[""D_check"", ""D_trees""]",2,3XjF$En_P4Ex4Uq8MxAr47,
P2_I03,3Ebh5eESjRseZM_OJbax7z,new_tree,신규 교목,이팝나무,H4.0 X R15,1,ea,D,NEW,PK.50.30.D,"[""PK.50.30.D"", ""PK.70.10.D""]","[""D_check"", ""D_trees""]",2,3XjF$En_P4Ex4Uq8MxAr47,
P2_I04,3VXnKSS4HHDg0dcHjSWwyv,new_tree,신규 교목,이팝나무,H4.0 X R15,1,ea,A,NEW,PK.50.30.A,"[""PK.50.30.A"", ""PK.70.10.A""]","[""A_check"", ""A_trees""]",2,3XjF$En_P4Ex4Uq8MxAr47,
P2_I05,3QMDNvBXzIjQKTQOQ$O8i$,new_tree,신규 교목,이팝나무,H4.0 X R15,1,ea,B,NEW,PK.50.30.B,"[""PK.50.30.B"", ""PK.70.10.B""]","[""B_check"", ""B_trees""]",2,3XjF$En_P4Ex4Uq8MxAr47,
P2_I06,00Qd1HSYfKH8QiDyHu9eeZ,new_tree,신규 교목,이팝나무,H4.0 X R15,1,ea,D,NEW,PK.50.30.D,"[""PK.50.30.D"", ""PK.70.10.D""]","[""D_check"", ""D_trees""]",2,3XjF$En_P4Ex4Uq8MxAr47,
P2_I07,3gv7DXWyvUxOSt8FJ_jBfG,new_tree,신규 교목,이팝나무,H4.0 X R15,1,ea,A,NEW,PK.50.30.A,"[""PK.50.30.A"", ""PK.70.10.A""]","[""A_check"", ""A_trees""]",2,3XjF$En_P4Ex4Uq8MxAr47,
P2_D01,0ZenG1k7vSWeZohT8fL$kw,new_tree,신규 교목,산딸나무,H3.0 X R8,1,ea,B,NEW,PK.50.30.B,"[""PK.50.30.B"", ""PK.70.10.B""]","[""B_check"", ""B_trees""]",2,3XjF$En_P4Ex4Uq8MxApEZ,
P2_D02,02lVwwMzvLIBNFnth4sQVM,new_tree,신규 교목,산딸나무,H3.0 X R8,1,ea,A,NEW,PK.50.30.A,"[""PK.50.30.A"", ""PK.70.10.A""]","[""A_check"", ""A_trees""]",2,3XjF$En_P4Ex4Uq8MxApEZ,
P2_D03,0GtydUzubMWxeS8$uNA2RA,new_tree,신규 교목,산딸나무,H3.0 X R8,1,ea,D,NEW,PK.50.30.D,"[""PK.50.30.D"", ""PK.70.10.D""]","[""D_check"", ""D_trees""]",2,3XjF$En_P4Ex4Uq8MxApEZ,
P2_T01,2gSA55vanH8ODXPrevY6hS,new_tree,신규 교목,주목,H3.0 X W1.5,1,ea,B,NEW,PK.50.30.B,"[""PK.50.30.B"", ""PK.70.10.B""]","[""B_check"", ""B_trees""]",2,3XjF$En_P4Ex4Uq8MxAfrz,
P2_T02,1r03ubKVPIAPU_R$4tVrbd,new_tree,신규 교목,주목,H3.0 X W1.5,1,ea,B,NEW,PK.50.30.B,"[""PK.50.30.B"", ""PK.70.10.B""]","[""B_check"", ""B_trees""]",2,3XjF$En_P4Ex4Uq8MxAfrz,
P2_T03,1qbKJG7tzOvwuITtIff3ER,new_tree,신규 교목,주목,H3.0 X W1.5,1,ea,B,NEW,PK.50.30.B,"[""PK.50.30.B"", ""PK.70.10.B""]","[""B_check"", ""B_trees""]",2,3XjF$En_P4Ex4Uq8MxAfrz,
P2_B01-001,1NYMvE5ILU8gm3vg1UN72i,shrub_plant,관목,회양목,H0.4 X W0.5,1,ea,C,NEW,PK.50.40.C,"[""PK.50.40.C"", ""PK.70.10.C""]","[""C_check"", ""C_shrubs""]",2,3XjF$En_P4Ex4Uq8MxAXJ3,
P2_B01-002,2LwZ4BzNLO0uQXO2SvekPT,shrub_plant,관목,회양목,H0.4 X W0.5,1,ea,C,NEW,PK.50.40.C,"[""PK.50.40.C"", ""PK.70.10.C""]","[""C_check"", ""C_shrubs""]",2,3XjF$En_P4Ex4Uq8MxAXJ3,
P2_B01-003,3WCKa4RnfVFfXRKywJupFW,shrub_plant,관목,회양목,H0.4 X W0.5,1,ea,C,NEW,PK.50.40.C,"[""PK.50.40.C"", ""PK.70.10.C""]","[""C_check"", ""C_shrubs""]",2,3XjF$En_P4Ex4Uq8MxAXJ3,
P2_B01-004,2WiDxLF75RYf7RQD27Q_as,shrub_plant,관목,회양목,H0.4 X W0.5,1,ea,C,NEW,PK.50.40.C,"[""PK.50.40.C"", ""PK.70.10.C""]","[""C_check"", ""C_shrubs""]",2,3XjF$En_P4Ex4Uq8MxAXJ3,
P2_B01-005,1xs6ajYEXPFeIg1_R5aygJ,shrub_plant,관목,회양목,H0.4 X W0.5,1,ea,C,NEW,PK.50.40.C,"[""PK.50.40.C"", ""PK.70.10.C""]","[""C_check"", ""C_shrubs""]",2,3XjF$En_P4Ex4Uq8MxAXJ3,
P2_B01-006,340wse$TTH9AA9DZxMuI98,shrub_plant,관목,회양목,H0.4 X W0.5,1,ea,C,NEW,PK.50.40.C,"[""PK.50.40.C"", ""PK.70.10.C""]","[""C_check"", ""C_shrubs""]",2,3XjF$En_P4Ex4Uq8MxAXJ3,
P2_B01-007,3mrjTI8CPMGxBGH_NLbL0F,shrub_plant,관목,회양목,H0.4 X W0.5,1,ea,C,NEW,PK.50.40.C,"[""PK.50.40.C"", ""PK.70.10.C""]","[""C_check"", ""C_shrubs""]",2,3XjF$En_P4Ex4Uq8MxAXJ3,
P2_B01-008,2QLpM_5mfVJQC6Ep6qgwCJ,shrub_plant,관목,회양목,H0.4 X W0.5,1,ea,C,NEW,PK.50.40.C,"[""PK.50.40.C"", ""PK.70.10.C""]","[""C_check"", ""C_shrubs""]",2,3XjF$En_P4Ex4Uq8MxAXJ3,
P2_B01-009,0VWPR_oJXJqBlm5lZM$l$r,shrub_plant,관목,회양목,H0.4 X W0.5,1,ea,C,NEW,PK.50.40.C,"[""PK.50.40.C"", ""PK.70.10.C""]","[""C_check"", ""C_shrubs""]",2,3XjF$En_P4Ex4Uq8MxAXJ3,
P2_B01-010,1j2eaynWnTChuPM5RnTK$J,shrub_plant,관목,회양목,H0.4 X W0.5,1,ea,C,NEW,PK.50.40.C,"[""PK.50.40.C"", ""PK.70.10.C""]","[""C_check"", ""C_shrubs""]",2,3XjF$En_P4Ex4Uq8MxAXJ3,
P2_B01-011,3VZy8Q56HVUBT9v6iTwVAj,shrub_plant,관목,회양목,H0.4 X W0.5,1,ea,C,NEW,PK.50.40.C,"[""PK.50.40.C"", ""PK.70.10.C""]","[""C_check"", ""C_shrubs""]",2,3XjF$En_P4Ex4Uq8MxAXJ3,
P2_B01-012,0zCWKuk4bSrQT_gUll3iSr,shrub_plant,관목,회양목,H0.4 X W0.5,1,ea,C,NEW,PK.50.40.C,"[""PK.50.40.C"", ""PK.70.10.C""]","[""C_check"", ""C_shrubs""]",2,3XjF$En_P4Ex4Uq8MxAXJ3,
P2_B01-013,1Qu9Y4VPvI8QSVeQDFsgcW,shrub_plant,관목,회양목,H0.4 X W0.5,1,ea,C,NEW,PK.50.40.C,"[""PK.50.40.C"", ""PK.70.10.C""]","[""C_check"", ""C_shrubs""]",2,3XjF$En_P4Ex4Uq8MxAXJ3,
P2_B01-014,1BCiDsgbHVJeeGjnV4c8tP,shrub_plant,관목,회양목,H0.4 X W0.5,1,ea,C,NEW,PK.50.40.C,"[""PK.50.40.C"", ""PK.70.10.C""]","[""C_check"", ""C_shrubs""]",2,3XjF$En_P4Ex4Uq8MxAXJ3,
P2_B01-015,0E7lEDYSbNrALcsBqA4E4Q,shrub_plant,관목,회양목,H0.4 X W0.5,1,ea,C,NEW,PK.50.40.C,"[""PK.50.40.C"", ""PK.70.10.C""]","[""C_check"", ""C_shrubs""]",2,3XjF$En_P4Ex4Uq8MxAXJ3,
P2_B01-016,0nj58s_i1VCOsmu5EFP1GQ,shrub_plant,관목,회양목,H0.4 X W0.5,1,ea,C,NEW,PK.50.40.C,"[""PK.50.40.C"", ""PK.70.10.C""]","[""C_check"", ""C_shrubs""]",2,3XjF$En_P4Ex4Uq8MxAXJ3,
P2_B01-017,2sAv2f0y9SNQRX0STlhr$g,shrub_plant,관목,회양목,H0.4 X W0.5,1,ea,C,NEW,PK.50.40.C,"[""PK.50.40.C"", ""PK.70.10.C""]","[""C_check"", ""C_shrubs""]",2,3XjF$En_P4Ex4Uq8MxAXJ3,
P2_B01-018,3NYLaHKibRuhozMjiyNc58,shrub_plant,관목,회양목,H0.4 X W0.5,1,ea,C,NEW,PK.50.40.C,"[""PK.50.40.C"", ""PK.70.10.C""]","[""C_check"", ""C_shrubs""]",2,3XjF$En_P4Ex4Uq8MxAXJ3,
P2_B01-019,0VHIruTYTTTxcKg5YohOje,shrub_plant,관목,회양목,H0.4 X W0.5,1,ea,C,NEW,PK.50.40.C,"[""PK.50.40.C"", ""PK.70.10.C""]","[""C_check"", ""C_shrubs""]",2,3XjF$En_P4Ex4Uq8MxAXJ3,
P2_B01-020,1mUY36l6HO_A0BN7rbpJ_W,shrub_plant,관목,회양목,H0.4 X W0.5,1,ea,C,NEW,PK.50.40.C,"[""PK.50.40.C"", ""PK.70.10.C""]","[""C_check"", ""C_shrubs""]",2,3XjF$En_P4Ex4Uq8MxAXJ3,
P2_B01-021,2i38I4xgLMzBZMhqsSI5Ud,shrub_plant,관목,회양목,H0.4 X W0.5,1,ea,C,NEW,PK.50.40.C,"[""PK.50.40.C"", ""PK.70.10.C""]","[""C_check"", ""C_shrubs""]",2,3XjF$En_P4Ex4Uq8MxAXJ3,
P2_B01-022,2AFZAlqPTSKBbsoubLeaj5,shrub_plant,관목,회양목,H0.4 X W0.5,1,ea,C,NEW,PK.50.40.C,"[""PK.50.40.C"", ""PK.70.10.C""]","[""C_check"", ""C_shrubs""]",2,3XjF$En_P4Ex4Uq8MxAXJ3,
P2_B01-023,3mXTX8Q6HLLfasVSVQm1Kk,shrub_plant,관목,회양목,H0.4 X W0.5,1,ea,C,NEW,PK.50.40.C,"[""PK.50.40.C"", ""PK.70.10.C""]","[""C_check"", ""C_shrubs""]",2,3XjF$En_P4Ex4Uq8MxAXJ3,
P2_B01-024,1HYU0LPCvI$vrqgpBtC7d_,shrub_plant,관목,회양목,H0.4 X W0.5,1,ea,C,NEW,PK.50.40.C,"[""PK.50.40.C"", ""PK.70.10.C""]","[""C_check"", ""C_shrubs""]",2,3XjF$En_P4Ex4Uq8MxAXJ3,
P2_B01-025,3bJQJiDiDM7QmRG1qt5QLd,shrub_plant,관목,회양목,H0.4 X W0.5,1,ea,C,NEW,PK.50.40.C,"[""PK.50.40.C"", ""PK.70.10.C""]","[""C_check"", ""C_shrubs""]",2,3XjF$En_P4Ex4Uq8MxAXJ3,
P2_B01-026,3ImQMWszbPDOUTISM$$NMl,shrub_plant,관목,회양목,H0.4 X W0.5,1,ea,C,NEW,PK.50.40.C,"[""PK.50.40.C"", ""PK.70.10.C""]","[""C_check"", ""C_shrubs""]",2,3XjF$En_P4Ex4Uq8MxAXJ3,
P2_B01-027,0KWlfDxTfQohaUOQcnc73$,shrub_plant,관목,회양목,H0.4 X W0.5,1,ea,C,NEW,PK.50.40.C,"[""PK.50.40.C"", ""PK.70.10.C""]","[""C_check"", ""C_shrubs""]",2,3XjF$En_P4Ex4Uq8MxAXJ3,
P2_B01-028,28dm_xvPPOzAlk35iXVLnL,shrub_plant,관목,회양목,H0.4 X W0.5,1,ea,C,NEW,PK.50.40.C,"[""PK.50.40.C"", ""PK.70.10.C""]","[""C_check"", ""C_shrubs""]",2,3XjF$En_P4Ex4Uq8MxAXJ3,
P2_B01-029,38QFzX11nJRAZYpAxZki0q,shrub_plant,관목,회양목,H0.4 X W0.5,1,ea,C,NEW,PK.50.40.C,"[""PK.50.40.C"", ""PK.70.10.C""]","[""C_check"", ""C_shrubs""]",2,3XjF$En_P4Ex4Uq8MxAXJ3,
P2_B01-030,1psr1n6AXTiepbYNL3e05d,shrub_plant,관목,회양목,H0.4 X W0.5,1,ea,C,NEW,PK.50.40.C,"[""PK.50.40.C"", ""PK.70.10.C""]","[""C_check"", ""C_shrubs""]",2,3XjF$En_P4Ex4Uq8MxAXJ3,
P2_B01-031,00HqyoMsLO0gSOtdVEIt8J,shrub_plant,관목,회양목,H0.4 X W0.5,1,ea,C,NEW,PK.50.40.C,"[""PK.50.40.C"", ""PK.70.10.C""]","[""C_check"", ""C_shrubs""]",2,3XjF$En_P4Ex4Uq8MxAXJ3,
P2_B01-032,1qwa6N2e5R8fBY_bCZt5MK,shrub_plant,관목,회양목,H0.4 X W0.5,1,ea,C,NEW,PK.50.40.C,"[""PK.50.40.C"", ""PK.70.10.C""]","[""C_check"", ""C_shrubs""]",2,3XjF$En_P4Ex4Uq8MxAXJ3,
P2_B01-033,1DpgIZilbP7804Y1KC9tlw,shrub_plant,관목,회양목,H0.4 X W0.5,1,ea,C,NEW,PK.50.40.C,"[""PK.50.40.C"", ""PK.70.10.C""]","[""C_check"", ""C_shrubs""]",2,3XjF$En_P4Ex4Uq8MxAXJ3,
P2_B01-034,3Ojce$eBTM98jRog6caZa_,shrub_plant,관목,회양목,H0.4 X W0.5,1,ea,C,NEW,PK.50.40.C,"[""PK.50.40.C"", ""PK.70.10.C""]","[""C_check"", ""C_shrubs""]",2,3XjF$En_P4Ex4Uq8MxAXJ3,
P2_B01-035,0W3nzHvNzVMxUfOTv3jcUl,shrub_plant,관목,회양목,H0.4 X W0.5,1,ea,C,NEW,PK.50.40.C,"[""PK.50.40.C"", ""PK.70.10.C""]","[""C_check"", ""C_shrubs""]",2,3XjF$En_P4Ex4Uq8MxAXJ3,
P2_B01-036,1iqKe5o$fVUP3gLrtpa5I5,shrub_plant,관목,회양목,H0.4 X W0.5,1,ea,C,NEW,PK.50.40.C,"[""PK.50.40.C"", ""PK.70.10.C""]","[""C_check"", ""C_shrubs""]",2,3XjF$En_P4Ex4Uq8MxAXJ3,
P2_B01-037,1_gmCT1IzGJRTxf7rG3$m8,shrub_plant,관목,회양목,H0.4 X W0.5,1,ea,C,NEW,PK.50.40.C,"[""PK.50.40.C"", ""PK.70.10.C""]","[""C_check"", ""C_shrubs""]",2,3XjF$En_P4Ex4Uq8MxAXJ3,
P2_B01-038,0960wVj6fL8fYtFZnmzpHF,shrub_plant,관목,회양목,H0.4 X W0.5,1,ea,C,NEW,PK.50.40.C,"[""PK.50.40.C"", ""PK.70.10.C""]","[""C_check"", ""C_shrubs""]",2,3XjF$En_P4Ex4Uq8MxAXJ3,
P2_B01-039,3nfutFqbPGFweYz3W7udJH,shrub_plant,관목,회양목,H0.4 X W0.5,1,ea,C,NEW,PK.50.40.C,"[""PK.50.40.C"", ""PK.70.10.C""]","[""C_check"", ""C_shrubs""]",2,3XjF$En_P4Ex4Uq8MxAXJ3,
P2_B01-040,2BoJNLrmjKg9oJW4gL1lRA,shrub_plant,관목,회양목,H0.4 X W0.5,1,ea,C,NEW,PK.50.40.C,"[""PK.50.40.C"", ""PK.70.10.C""]","[""C_check"", ""C_shrubs""]",2,3XjF$En_P4Ex4Uq8MxAXJ3,
P2_B01-041,10Jm2hIXTGWuB3qbvsGNGk,shrub_plant,관목,회양목,H0.4 X W0.5,1,ea,C,NEW,PK.50.40.C,"[""PK.50.40.C"", ""PK.70.10.C""]","[""C_check"", ""C_shrubs""]",2,3XjF$En_P4Ex4Uq8MxAXJ3,
P2_B01-042,0$3AhVBZHUewoEhD$NPcAL,shrub_plant,관목,회양목,H0.4 X W0.5,1,ea,C,NEW,PK.50.40.C,"[""PK.50.40.C"", ""PK.70.10.C""]","[""C_check"", ""C_shrubs""]",2,3XjF$En_P4Ex4Uq8MxAXJ3,
P2_B01-043,0DI6heqBrGh9_oLpNkOARz,shrub_plant,관목,회양목,H0.4 X W0.5,1,ea,C,NEW,PK.50.40.C,"[""PK.50.40.C"", ""PK.70.10.C""]","[""C_check"", ""C_shrubs""]",2,3XjF$En_P4Ex4Uq8MxAXJ3,
P2_B01-044,2iDAeYw8fHtPPd42iwXBeY,shrub_plant,관목,회양목,H0.4 X W0.5,1,ea,C,NEW,PK.50.40.C,"[""PK.50.40.C"", ""PK.70.10.C""]","[""C_check"", ""C_shrubs""]",2,3XjF$En_P4Ex4Uq8MxAXJ3,
P2_B01-045,1KRxNkiAnMKxaWzZZI5ZzT,shrub_plant,관목,회양목,H0.4 X W0.5,1,ea,C,NEW,PK.50.40.C,"[""PK.50.40.C"", ""PK.70.10.C""]","[""C_check"", ""C_shrubs""]",2,3XjF$En_P4Ex4Uq8MxAXJ3,
P2_B01-046,0Kzx8xtGzLruAOt4ybAhIS,shrub_plant,관목,회양목,H0.4 X W0.5,1,ea,C,NEW,PK.50.40.C,"[""PK.50.40.C"", ""PK.70.10.C""]","[""C_check"", ""C_shrubs""]",2,3XjF$En_P4Ex4Uq8MxAXJ3,
P2_B01-047,0J494PjOXS1gRM5AbExuVA,shrub_plant,관목,회양목,H0.4 X W0.5,1,ea,C,NEW,PK.50.40.C,"[""PK.50.40.C"", ""PK.70.10.C""]","[""C_check"", ""C_shrubs""]",2,3XjF$En_P4Ex4Uq8MxAXJ3,
P2_B01-048,2cDDBk8$jVQO48UKV6WzuL,shrub_plant,관목,회양목,H0.4 X W0.5,1,ea,C,NEW,PK.50.40.C,"[""PK.50.40.C"", ""PK.70.10.C""]","[""C_check"", ""C_shrubs""]",2,3XjF$En_P4Ex4Uq8MxAXJ3,
P2_B01-049,04g2Xc0AfLTAj0qAXnSX4J,shrub_plant,관목,회양목,H0.4 X W0.5,1,ea,C,NEW,PK.50.40.C,"[""PK.50.40.C"", ""PK.70.10.C""]","[""C_check"", ""C_shrubs""]",2,3XjF$En_P4Ex4Uq8MxAXJ3,
P2_B01-050,3rO35tUG9PKATzQZubieoZ,shrub_plant,관목,회양목,H0.4 X W0.5,1,ea,C,NEW,PK.50.40.C,"[""PK.50.40.C"", ""PK.70.10.C""]","[""C_check"", ""C_shrubs""]",2,3XjF$En_P4Ex4Uq8MxAXJ3,
P2_B01-051,3xV4f1MX1Lxw0gtDzWgBva,shrub_plant,관목,회양목,H0.4 X W0.5,1,ea,C,NEW,PK.50.40.C,"[""PK.50.40.C"", ""PK.70.10.C""]","[""C_check"", ""C_shrubs""]",2,3XjF$En_P4Ex4Uq8MxAXJ3,
P2_B01-052,2sBN4BQXTSshFOjFM6ERAs,shrub_plant,관목,회양목,H0.4 X W0.5,1,ea,C,NEW,PK.50.40.C,"[""PK.50.40.C"", ""PK.70.10.C""]","[""C_check"", ""C_shrubs""]",2,3XjF$En_P4Ex4Uq8MxAXJ3,
P2_B01-053,1ajY79SRvGSh5cvvoEhz3S,shrub_plant,관목,회양목,H0.4 X W0.5,1,ea,C,NEW,PK.50.40.C,"[""PK.50.40.C"", ""PK.70.10.C""]","[""C_check"", ""C_shrubs""]",2,3XjF$En_P4Ex4Uq8MxAXJ3,
P2_B01-054,3fgYBR$Q9Ngx9QHat3nhpK,shrub_plant,관목,회양목,H0.4 X W0.5,1,ea,C,NEW,PK.50.40.C,"[""PK.50.40.C"", ""PK.70.10.C""]","[""C_check"", ""C_shrubs""]",2,3XjF$En_P4Ex4Uq8MxAXJ3,
P2_B01-055,23Sbx_2_zUifsTqcHL$L89,shrub_plant,관목,회양목,H0.4 X W0.5,1,ea,C,NEW,PK.50.40.C,"[""PK.50.40.C"", ""PK.70.10.C""]","[""C_check"", ""C_shrubs""]",2,3XjF$En_P4Ex4Uq8MxAXJ3,
P2_B01-056,395XnGulLH89_eigmczpMo,shrub_plant,관목,회양목,H0.4 X W0.5,1,ea,C,NEW,PK.50.40.C,"[""PK.50.40.C"", ""PK.70.10.C""]","[""C_check"", ""C_shrubs""]",2,3XjF$En_P4Ex4Uq8MxAXJ3,
P2_B01-057,1R0dyVnPrVABvo25tbiYEB,shrub_plant,관목,회양목,H0.4 X W0.5,1,ea,C,NEW,PK.50.40.C,"[""PK.50.40.C"", ""PK.70.10.C""]","[""C_check"", ""C_shrubs""]",2,3XjF$En_P4Ex4Uq8MxAXJ3,
P2_B01-058,0$LpI2kc1J8gxZG5bLB5fb,shrub_plant,관목,회양목,H0.4 X W0.5,1,ea,C,NEW,PK.50.40.C,"[""PK.50.40.C"", ""PK.70.10.C""]","[""C_check"", ""C_shrubs""]",2,3XjF$En_P4Ex4Uq8MxAXJ3,
P2_B01-059,3YnjIpIPDRbhsJ7Ji6IWaj,shrub_plant,관목,회양목,H0.4 X W0.5,1,ea,C,NEW,PK.50.40.C,"[""PK.50.40.C"", ""PK.70.10.C""]","[""C_check"", ""C_shrubs""]",2,3XjF$En_P4Ex4Uq8MxAXJ3,
P2_B01-060,1lFrzKO2bTI8HXaa4SRk2T,shrub_plant,관목,회양목,H0.4 X W0.5,1,ea,C,NEW,PK.50.40.C,"[""PK.50.40.C"", ""PK.70.10.C""]","[""C_check"", ""C_shrubs""]",2,3XjF$En_P4Ex4Uq8MxAXJ3,
P2_B01-061,3nU29njE1MaxmEh$sOI3BP,shrub_plant,관목,회양목,H0.4 X W0.5,1,ea,C,NEW,PK.50.40.C,"[""PK.50.40.C"", ""PK.70.10.C""]","[""C_check"", ""C_shrubs""]",2,3XjF$En_P4Ex4Uq8MxAXJ3,
P2_B01-062,0EOkSRN0rQWuCS16vz7zfI,shrub_plant,관목,회양목,H0.4 X W0.5,1,ea,C,NEW,PK.50.40.C,"[""PK.50.40.C"", ""PK.70.10.C""]","[""C_check"", ""C_shrubs""]",2,3XjF$En_P4Ex4Uq8MxAXJ3,
P2_B01-063,2m52Od0gzVJevfHNKjqRpj,shrub_plant,관목,회양목,H0.4 X W0.5,1,ea,C,NEW,PK.50.40.C,"[""PK.50.40.C"", ""PK.70.10.C""]","[""C_check"", ""C_shrubs""]",2,3XjF$En_P4Ex4Uq8MxAXJ3,
P2_B01-064,0XvCGVF51JLhcIvRx0BCUA,shrub_plant,관목,회양목,H0.4 X W0.5,1,ea,C,NEW,PK.50.40.C,"[""PK.50.40.C"", ""PK.70.10.C""]","[""C_check"", ""C_shrubs""]",2,3XjF$En_P4Ex4Uq8MxAXJ3,
P2_B01-065,2TYYhIYV9TNxG3AlZCmvf8,shrub_plant,관목,회양목,H0.4 X W0.5,1,ea,C,NEW,PK.50.40.C,"[""PK.50.40.C"", ""PK.70.10.C""]","[""C_check"", ""C_shrubs""]",2,3XjF$En_P4Ex4Uq8MxAXJ3,
P2_B01-066,0TOtWmCkzPyv9Cz4f0e$Lg,shrub_plant,관목,회양목,H0.4 X W0.5,1,ea,C,NEW,PK.50.40.C,"[""PK.50.40.C"", ""PK.70.10.C""]","[""C_check"", ""C_shrubs""]",2,3XjF$En_P4Ex4Uq8MxAXJ3,
P2_B01-067,3mGKWp07DO6wOgJxWl8mMm,shrub_plant,관목,회양목,H0.4 X W0.5,1,ea,C,NEW,PK.50.40.C,"[""PK.50.40.C"", ""PK.70.10.C""]","[""C_check"", ""C_shrubs""]",2,3XjF$En_P4Ex4Uq8MxAXJ3,
P2_B01-068,3RmEdSacvNGhmTNagDcbXm,shrub_plant,관목,회양목,H0.4 X W0.5,1,ea,C,NEW,PK.50.40.C,"[""PK.50.40.C"", ""PK.70.10.C""]","[""C_check"", ""C_shrubs""]",2,3XjF$En_P4Ex4Uq8MxAXJ3,
P2_B01-069,3Y8ZM8XrnLlvaGTHLoifh9,shrub_plant,관목,회양목,H0.4 X W0.5,1,ea,C,NEW,PK.50.40.C,"[""PK.50.40.C"", ""PK.70.10.C""]","[""C_check"", ""C_shrubs""]",2,3XjF$En_P4Ex4Uq8MxAXJ3,
P2_B01-070,1hku96nQLH784r$ccuajly,shrub_plant,관목,회양목,H0.4 X W0.5,1,ea,C,NEW,PK.50.40.C,"[""PK.50.40.C"", ""PK.70.10.C""]","[""C_check"", ""C_shrubs""]",2,3XjF$En_P4Ex4Uq8MxAXJ3,
P2_B01-071,15oI82TfHItQn6tvOsGP6R,shrub_plant,관목,회양목,H0.4 X W0.5,1,ea,C,NEW,PK.50.40.C,"[""PK.50.40.C"", ""PK.70.10.C""]","[""C_check"", ""C_shrubs""]",2,3XjF$En_P4Ex4Uq8MxAXJ3,
P2_B01-072,33PyTiASXPnefZrjcqzYDF,shrub_plant,관목,회양목,H0.4 X W0.5,1,ea,C,NEW,PK.50.40.C,"[""PK.50.40.C"", ""PK.70.10.C""]","[""C_check"", ""C_shrubs""]",2,3XjF$En_P4Ex4Uq8MxAXJ3,
P2_B01-073,0$3QLzKsXQ6gGCLfRhLRxh,shrub_plant,관목,회양목,H0.4 X W0.5,1,ea,C,NEW,PK.50.40.C,"[""PK.50.40.C"", ""PK.70.10.C""]","[""C_check"", ""C_shrubs""]",2,3XjF$En_P4Ex4Uq8MxAXJ3,
P2_B01-074,1E5IZPZjjSFOZNCMD$9kIF,shrub_plant,관목,회양목,H0.4 X W0.5,1,ea,C,NEW,PK.50.40.C,"[""PK.50.40.C"", ""PK.70.10.C""]","[""C_check"", ""C_shrubs""]",2,3XjF$En_P4Ex4Uq8MxAXJ3,
P2_B01-075,3Y5WSVZzjGD9uctUBH6tRc,shrub_plant,관목,회양목,H0.4 X W0.5,1,ea,C,NEW,PK.50.40.C,"[""PK.50.40.C"", ""PK.70.10.C""]","[""C_check"", ""C_shrubs""]",2,3XjF$En_P4Ex4Uq8MxAXJ3,
P2_B01-076,15IQz0rijRmANeCkhQXxK9,shrub_plant,관목,회양목,H0.4 X W0.5,1,ea,C,NEW,PK.50.40.C,"[""PK.50.40.C"", ""PK.70.10.C""]","[""C_check"", ""C_shrubs""]",2,3XjF$En_P4Ex4Uq8MxAXJ3,
P2_B01-077,33LHln0ZLRu9fwJkYIoL5M,shrub_plant,관목,회양목,H0.4 X W0.5,1,ea,C,NEW,PK.50.40.C,"[""PK.50.40.C"", ""PK.70.10.C""]","[""C_check"", ""C_shrubs""]",2,3XjF$En_P4Ex4Uq8MxAXJ3,
P2_B01-078,0vd57zx7XKOxwfQgFFTmZ_,shrub_plant,관목,회양목,H0.4 X W0.5,1,ea,C,NEW,PK.50.40.C,"[""PK.50.40.C"", ""PK.70.10.C""]","[""C_check"", ""C_shrubs""]",2,3XjF$En_P4Ex4Uq8MxAXJ3,
P2_B01-079,1I7V25gcLQugQN8VMmyr54,shrub_plant,관목,회양목,H0.4 X W0.5,1,ea,C,NEW,PK.50.40.C,"[""PK.50.40.C"", ""PK.70.10.C""]","[""C_check"", ""C_shrubs""]",2,3XjF$En_P4Ex4Uq8MxAXJ3,
P2_B01-080,1yM8g6kBrR0B4eyCb27xky,shrub_plant,관목,회양목,H0.4 X W0.5,1,ea,C,NEW,PK.50.40.C,"[""PK.50.40.C"", ""PK.70.10.C""]","[""C_check"", ""C_shrubs""]",2,3XjF$En_P4Ex4Uq8MxAXJ3,
P2_B01-081,1DyxVnh3vIyAJGdNUEvc$j,shrub_plant,관목,회양목,H0.4 X W0.5,1,ea,C,NEW,PK.50.40.C,"[""PK.50.40.C"", ""PK.70.10.C""]","[""C_check"", ""C_shrubs""]",2,3XjF$En_P4Ex4Uq8MxAXJ3,
P2_Y01-001,0M0iH79kLHGxJ5LaEtPSdE,shrub_plant,관목,영산홍,H0.6 X W0.8,1,ea,C,NEW,PK.50.40.C,"[""PK.50.40.C"", ""PK.70.10.C""]","[""C_check"", ""C_shrubs""]",2,1yPXjYZdX0pQPHGOXqvwN2,
P2_Y01-002,26dTlXDoLUpvUY0_NJbnPa,shrub_plant,관목,영산홍,H0.6 X W0.8,1,ea,C,NEW,PK.50.40.C,"[""PK.50.40.C"", ""PK.70.10.C""]","[""C_check"", ""C_shrubs""]",2,1yPXjYZdX0pQPHGOXqvwN2,
P2_Y01-003,1_QMF7AjTLwxAa6M2esmin,shrub_plant,관목,영산홍,H0.6 X W0.8,1,ea,C,NEW,PK.50.40.C,"[""PK.50.40.C"", ""PK.70.10.C""]","[""C_check"", ""C_shrubs""]",2,1yPXjYZdX0pQPHGOXqvwN2,
P2_Y01-004,27ol26vjjI98uAomxzmXhe,shrub_plant,관목,영산홍,H0.6 X W0.8,1,ea,C,NEW,PK.50.40.C,"[""PK.50.40.C"", ""PK.70.10.C""]","[""C_check"", ""C_shrubs""]",2,1yPXjYZdX0pQPHGOXqvwN2,
P2_Y01-005,0H62th8YfSwBrmUMmKkUdI,shrub_plant,관목,영산홍,H0.6 X W0.8,1,ea,C,NEW,PK.50.40.C,"[""PK.50.40.C"", ""PK.70.10.C""]","[""C_check"", ""C_shrubs""]",2,1yPXjYZdX0pQPHGOXqvwN2,
P2_Y01-006,2sx4PJPELNI9FFyTorSMcU,shrub_plant,관목,영산홍,H0.6 X W0.8,1,ea,C,NEW,PK.50.40.C,"[""PK.50.40.C"", ""PK.70.10.C""]","[""C_check"", ""C_shrubs""]",2,1yPXjYZdX0pQPHGOXqvwN2,
P2_Y01-007,2juDyzDpLKqwUvwlIWmBbp,shrub_plant,관목,영산홍,H0.6 X W0.8,1,ea,C,NEW,PK.50.40.C,"[""PK.50.40.C"", ""PK.70.10.C""]","[""C_check"", ""C_shrubs""]",2,1yPXjYZdX0pQPHGOXqvwN2,
P2_Y01-008,1Spe8uX2fO5eB_i34LUJN4,shrub_plant,관목,영산홍,H0.6 X W0.8,1,ea,C,NEW,PK.50.40.C,"[""PK.50.40.C"", ""PK.70.10.C""]","[""C_check"", ""C_shrubs""]",2,1yPXjYZdX0pQPHGOXqvwN2,
P2_Y01-009,1WV8L4uPTGnBLBHCXujZks,shrub_plant,관목,영산홍,H0.6 X W0.8,1,ea,C,NEW,PK.50.40.C,"[""PK.50.40.C"", ""PK.70.10.C""]","[""C_check"", ""C_shrubs""]",2,1yPXjYZdX0pQPHGOXqvwN2,
P2_Y01-010,3rkGdSLtzGs8BTWe9iym6$,shrub_plant,관목,영산홍,H0.6 X W0.8,1,ea,C,NEW,PK.50.40.C,"[""PK.50.40.C"", ""PK.70.10.C""]","[""C_check"", ""C_shrubs""]",2,1yPXjYZdX0pQPHGOXqvwN2,
P2_Y01-011,0fD$KA1qjItOrT87CcHsIo,shrub_plant,관목,영산홍,H0.6 X W0.8,1,ea,C,NEW,PK.50.40.C,"[""PK.50.40.C"", ""PK.70.10.C""]","[""C_check"", ""C_shrubs""]",2,1yPXjYZdX0pQPHGOXqvwN2,
P2_Y01-012,1qlySKqdTL$wS_umVyqlts,shrub_plant,관목,영산홍,H0.6 X W0.8,1,ea,C,NEW,PK.50.40.C,"[""PK.50.40.C"", ""PK.70.10.C""]","[""C_check"", ""C_shrubs""]",2,1yPXjYZdX0pQPHGOXqvwN2,
P2_Y01-013,0SULF2RtHGmAbm4oVaNZX1,shrub_plant,관목,영산홍,H0.6 X W0.8,1,ea,C,NEW,PK.50.40.C,"[""PK.50.40.C"", ""PK.70.10.C""]","[""C_check"", ""C_shrubs""]",2,1yPXjYZdX0pQPHGOXqvwN2,
P2_Y01-014,1v4XrGxeDKQxXz8e4BXrjo,shrub_plant,관목,영산홍,H0.6 X W0.8,1,ea,C,NEW,PK.50.40.C,"[""PK.50.40.C"", ""PK.70.10.C""]","[""C_check"", ""C_shrubs""]",2,1yPXjYZdX0pQPHGOXqvwN2,
P2_Y01-015,1FM45rqUnI7QVLxZp9XuTX,shrub_plant,관목,영산홍,H0.6 X W0.8,1,ea,C,NEW,PK.50.40.C,"[""PK.50.40.C"", ""PK.70.10.C""]","[""C_check"", ""C_shrubs""]",2,1yPXjYZdX0pQPHGOXqvwN2,
P2_Y01-016,1WAb7piRzK5PWv8Vq19fox,shrub_plant,관목,영산홍,H0.6 X W0.8,1,ea,C,NEW,PK.50.40.C,"[""PK.50.40.C"", ""PK.70.10.C""]","[""C_check"", ""C_shrubs""]",2,1yPXjYZdX0pQPHGOXqvwN2,
P2_Y01-017,0W2V_mPknGlw2xVLh09_Pu,shrub_plant,관목,영산홍,H0.6 X W0.8,1,ea,C,NEW,PK.50.40.C,"[""PK.50.40.C"", ""PK.70.10.C""]","[""C_check"", ""C_shrubs""]",2,1yPXjYZdX0pQPHGOXqvwN2,
P2_Y01-018,2eF$vPKYbVSheIYqySNQuX,shrub_plant,관목,영산홍,H0.6 X W0.8,1,ea,C,NEW,PK.50.40.C,"[""PK.50.40.C"", ""PK.70.10.C""]","[""C_check"", ""C_shrubs""]",2,1yPXjYZdX0pQPHGOXqvwN2,
P2_Y01-019,0UtrvUQr5NrQpWCni3uynJ,shrub_plant,관목,영산홍,H0.6 X W0.8,1,ea,C,NEW,PK.50.40.C,"[""PK.50.40.C"", ""PK.70.10.C""]","[""C_check"", ""C_shrubs""]",2,1yPXjYZdX0pQPHGOXqvwN2,
P2_Y01-020,3Bynax09zRPv0s2q6dEyVb,shrub_plant,관목,영산홍,H0.6 X W0.8,1,ea,C,NEW,PK.50.40.C,"[""PK.50.40.C"", ""PK.70.10.C""]","[""C_check"", ""C_shrubs""]",2,1yPXjYZdX0pQPHGOXqvwN2,
P2_Y01-021,3HcPo0izXVcRSmIHIJA75C,shrub_plant,관목,영산홍,H0.6 X W0.8,1,ea,C,NEW,PK.50.40.C,"[""PK.50.40.C"", ""PK.70.10.C""]","[""C_check"", ""C_shrubs""]",2,1yPXjYZdX0pQPHGOXqvwN2,
P2_Y01-022,2ajIYGPATPvfScuQMYAhsP,shrub_plant,관목,영산홍,H0.6 X W0.8,1,ea,C,NEW,PK.50.40.C,"[""PK.50.40.C"", ""PK.70.10.C""]","[""C_check"", ""C_shrubs""]",2,1yPXjYZdX0pQPHGOXqvwN2,
P2_Y01-023,1VzQIwjKrSO8$WqG7prtgh,shrub_plant,관목,영산홍,H0.6 X W0.8,1,ea,C,NEW,PK.50.40.C,"[""PK.50.40.C"", ""PK.70.10.C""]","[""C_check"", ""C_shrubs""]",2,1yPXjYZdX0pQPHGOXqvwN2,
P2_Y01-024,2EcvYWzO9TzAGtsLrJF2ei,shrub_plant,관목,영산홍,H0.6 X W0.8,1,ea,C,NEW,PK.50.40.C,"[""PK.50.40.C"", ""PK.70.10.C""]","[""C_check"", ""C_shrubs""]",2,1yPXjYZdX0pQPHGOXqvwN2,
P2_Y01-025,2dZQTskgXQmOYCHl$9mxNb,shrub_plant,관목,영산홍,H0.6 X W0.8,1,ea,C,NEW,PK.50.40.C,"[""PK.50.40.C"", ""PK.70.10.C""]","[""C_check"", ""C_shrubs""]",2,1yPXjYZdX0pQPHGOXqvwN2,
P2_Y01-026,0dclXMfkjMLQyAAU4k2dK1,shrub_plant,관목,영산홍,H0.6 X W0.8,1,ea,C,NEW,PK.50.40.C,"[""PK.50.40.C"", ""PK.70.10.C""]","[""C_check"", ""C_shrubs""]",2,1yPXjYZdX0pQPHGOXqvwN2,
P2_Y01-027,3XDphuOCfRHOL6tN$kqRjN,shrub_plant,관목,영산홍,H0.6 X W0.8,1,ea,C,NEW,PK.50.40.C,"[""PK.50.40.C"", ""PK.70.10.C""]","[""C_check"", ""C_shrubs""]",2,1yPXjYZdX0pQPHGOXqvwN2,
P2_Y01-028,0VrfpolUXK1hwTeI6KThaf,shrub_plant,관목,영산홍,H0.6 X W0.8,1,ea,C,NEW,PK.50.40.C,"[""PK.50.40.C"", ""PK.70.10.C""]","[""C_check"", ""C_shrubs""]",2,1yPXjYZdX0pQPHGOXqvwN2,
P2_B02-001,19UnKf3ZTMQfBwHarOCGAY,shrub_plant,관목,회양목,H0.4 X W0.5,1,ea,D,NEW,PK.50.40.D,"[""PK.50.40.D"", ""PK.70.10.D""]","[""D_check"", ""D_shrubs""]",2,3XjF$En_P4Ex4Uq8MxAXJ3,
P2_B02-002,1KVBzha2fTWx36YZlxFruC,shrub_plant,관목,회양목,H0.4 X W0.5,1,ea,D,NEW,PK.50.40.D,"[""PK.50.40.D"", ""PK.70.10.D""]","[""D_check"", ""D_shrubs""]",2,3XjF$En_P4Ex4Uq8MxAXJ3,
P2_B02-003,1EK_2fDcfO_xt2TpAHPtWW,shrub_plant,관목,회양목,H0.4 X W0.5,1,ea,D,NEW,PK.50.40.D,"[""PK.50.40.D"", ""PK.70.10.D""]","[""D_check"", ""D_shrubs""]",2,3XjF$En_P4Ex4Uq8MxAXJ3,
P2_B02-004,26Hr2WtizQhOz5LWnyNFVE,shrub_plant,관목,회양목,H0.4 X W0.5,1,ea,D,NEW,PK.50.40.D,"[""PK.50.40.D"", ""PK.70.10.D""]","[""D_check"", ""D_shrubs""]",2,3XjF$En_P4Ex4Uq8MxAXJ3,
P2_B02-005,3H0A2HlqXTJRH8_XL5Ozu5,shrub_plant,관목,회양목,H0.4 X W0.5,1,ea,D,NEW,PK.50.40.D,"[""PK.50.40.D"", ""PK.70.10.D""]","[""D_check"", ""D_shrubs""]",2,3XjF$En_P4Ex4Uq8MxAXJ3,
P2_B02-006,1AouH4RYvJvQ_hvuDBdGBW,shrub_plant,관목,회양목,H0.4 X W0.5,1,ea,D,NEW,PK.50.40.D,"[""PK.50.40.D"", ""PK.70.10.D""]","[""D_check"", ""D_shrubs""]",2,3XjF$En_P4Ex4Uq8MxAXJ3,
P2_B02-007,0moY_eYEfKGgdIiWoO0O1N,shrub_plant,관목,회양목,H0.4 X W0.5,1,ea,D,NEW,PK.50.40.D,"[""PK.50.40.D"", ""PK.70.10.D""]","[""D_check"", ""D_shrubs""]",2,3XjF$En_P4Ex4Uq8MxAXJ3,
P2_B02-008,0rDyWfuvHNRw1l$qGsbx4G,shrub_plant,관목,회양목,H0.4 X W0.5,1,ea,D,NEW,PK.50.40.D,"[""PK.50.40.D"", ""PK.70.10.D""]","[""D_check"", ""D_shrubs""]",2,3XjF$En_P4Ex4Uq8MxAXJ3,
P2_B02-009,3756lQSr5NYurbLUZNgGb9,shrub_plant,관목,회양목,H0.4 X W0.5,1,ea,D,NEW,PK.50.40.D,"[""PK.50.40.D"", ""PK.70.10.D""]","[""D_check"", ""D_shrubs""]",2,3XjF$En_P4Ex4Uq8MxAXJ3,
P2_B02-010,1qaZEMQ5jInwicnhrMFZhb,shrub_plant,관목,회양목,H0.4 X W0.5,1,ea,D,NEW,PK.50.40.D,"[""PK.50.40.D"", ""PK.70.10.D""]","[""D_check"", ""D_shrubs""]",2,3XjF$En_P4Ex4Uq8MxAXJ3,
P2_B02-011,0miIjqtkTPJhDUU6saWJPN,shrub_plant,관목,회양목,H0.4 X W0.5,1,ea,D,NEW,PK.50.40.D,"[""PK.50.40.D"", ""PK.70.10.D""]","[""D_check"", ""D_shrubs""]",2,3XjF$En_P4Ex4Uq8MxAXJ3,
P2_B02-012,2T8B915TXIigfNz$wxZetq,shrub_plant,관목,회양목,H0.4 X W0.5,1,ea,D,NEW,PK.50.40.D,"[""PK.50.40.D"", ""PK.70.10.D""]","[""D_check"", ""D_shrubs""]",2,3XjF$En_P4Ex4Uq8MxAXJ3,
P2_B02-013,19uBlnQgvMg8Gn_anAYAQ4,shrub_plant,관목,회양목,H0.4 X W0.5,1,ea,D,NEW,PK.50.40.D,"[""PK.50.40.D"", ""PK.70.10.D""]","[""D_check"", ""D_shrubs""]",2,3XjF$En_P4Ex4Uq8MxAXJ3,
P2_B02-014,2AxRulHYPH$xp15rZ$dbtj,shrub_plant,관목,회양목,H0.4 X W0.5,1,ea,D,NEW,PK.50.40.D,"[""PK.50.40.D"", ""PK.70.10.D""]","[""D_check"", ""D_shrubs""]",2,3XjF$En_P4Ex4Uq8MxAXJ3,
P2_B02-015,0osYJtEs5Sbgod4deKoahE,shrub_plant,관목,회양목,H0.4 X W0.5,1,ea,D,NEW,PK.50.40.D,"[""PK.50.40.D"", ""PK.70.10.D""]","[""D_check"", ""D_shrubs""]",2,3XjF$En_P4Ex4Uq8MxAXJ3,
P2_B02-016,2IAkCIY$DUSxNvkQRbEImD,shrub_plant,관목,회양목,H0.4 X W0.5,1,ea,D,NEW,PK.50.40.D,"[""PK.50.40.D"", ""PK.70.10.D""]","[""D_check"", ""D_shrubs""]",2,3XjF$En_P4Ex4Uq8MxAXJ3,
P2_B02-017,2CCjCsUd5IhvFwiUJt2ajj,shrub_plant,관목,회양목,H0.4 X W0.5,1,ea,D,NEW,PK.50.40.D,"[""PK.50.40.D"", ""PK.70.10.D""]","[""D_check"", ""D_shrubs""]",2,3XjF$En_P4Ex4Uq8MxAXJ3,
P2_B02-018,3MSPqxHKPPoeuMNt2rxo1M,shrub_plant,관목,회양목,H0.4 X W0.5,1,ea,D,NEW,PK.50.40.D,"[""PK.50.40.D"", ""PK.70.10.D""]","[""D_check"", ""D_shrubs""]",2,3XjF$En_P4Ex4Uq8MxAXJ3,
P2_B02-019,3MWXbq4V5GuwUE0nASlF8n,shrub_plant,관목,회양목,H0.4 X W0.5,1,ea,D,NEW,PK.50.40.D,"[""PK.50.40.D"", ""PK.70.10.D""]","[""D_check"", ""D_shrubs""]",2,3XjF$En_P4Ex4Uq8MxAXJ3,
P2_B02-020,3ntOA1hurTSgeIwv2XPgYb,shrub_plant,관목,회양목,H0.4 X W0.5,1,ea,D,NEW,PK.50.40.D,"[""PK.50.40.D"", ""PK.70.10.D""]","[""D_check"", ""D_shrubs""]",2,3XjF$En_P4Ex4Uq8MxAXJ3,
P2_B02-021,3QRKInOOHMdO6axKABKzpV,shrub_plant,관목,회양목,H0.4 X W0.5,1,ea,D,NEW,PK.50.40.D,"[""PK.50.40.D"", ""PK.70.10.D""]","[""D_check"", ""D_shrubs""]",2,3XjF$En_P4Ex4Uq8MxAXJ3,
P2_B02-022,0i8jfoPVnVfv66xj_BVgw_,shrub_plant,관목,회양목,H0.4 X W0.5,1,ea,D,NEW,PK.50.40.D,"[""PK.50.40.D"", ""PK.70.10.D""]","[""D_check"", ""D_shrubs""]",2,3XjF$En_P4Ex4Uq8MxAXJ3,
P2_B02-023,1nQZ7ZgV1HDAtptTHMz60i,shrub_plant,관목,회양목,H0.4 X W0.5,1,ea,D,NEW,PK.50.40.D,"[""PK.50.40.D"", ""PK.70.10.D""]","[""D_check"", ""D_shrubs""]",2,3XjF$En_P4Ex4Uq8MxAXJ3,
P2_B02-024,0M_STCtu1HHhnwkyyP81xh,shrub_plant,관목,회양목,H0.4 X W0.5,1,ea,D,NEW,PK.50.40.D,"[""PK.50.40.D"", ""PK.70.10.D""]","[""D_check"", ""D_shrubs""]",2,3XjF$En_P4Ex4Uq8MxAXJ3,
P2_B02-025,1oSsFcVCvNyOLUUbWRbZgn,shrub_plant,관목,회양목,H0.4 X W0.5,1,ea,D,NEW,PK.50.40.D,"[""PK.50.40.D"", ""PK.70.10.D""]","[""D_check"", ""D_shrubs""]",2,3XjF$En_P4Ex4Uq8MxAXJ3,
P2_B02-026,1lnpOFZEvUW8xp0ueciVA_,shrub_plant,관목,회양목,H0.4 X W0.5,1,ea,D,NEW,PK.50.40.D,"[""PK.50.40.D"", ""PK.70.10.D""]","[""D_check"", ""D_shrubs""]",2,3XjF$En_P4Ex4Uq8MxAXJ3,
P2_B02-027,0ZQjG$VzTSYR0vPnJIPxHJ,shrub_plant,관목,회양목,H0.4 X W0.5,1,ea,D,NEW,PK.50.40.D,"[""PK.50.40.D"", ""PK.70.10.D""]","[""D_check"", ""D_shrubs""]",2,3XjF$En_P4Ex4Uq8MxAXJ3,
P2_B02-028,1wFQwB9uTKHOb_VjXq8KhC,shrub_plant,관목,회양목,H0.4 X W0.5,1,ea,D,NEW,PK.50.40.D,"[""PK.50.40.D"", ""PK.70.10.D""]","[""D_check"", ""D_shrubs""]",2,3XjF$En_P4Ex4Uq8MxAXJ3,
P2_B02-029,0Q01wiuVTKdvE$bhYvVQHE,shrub_plant,관목,회양목,H0.4 X W0.5,1,ea,D,NEW,PK.50.40.D,"[""PK.50.40.D"", ""PK.70.10.D""]","[""D_check"", ""D_shrubs""]",2,3XjF$En_P4Ex4Uq8MxAXJ3,
P2_B02-030,0wF4F$v7DNBOzCik2mhtXC,shrub_plant,관목,회양목,H0.4 X W0.5,1,ea,D,NEW,PK.50.40.D,"[""PK.50.40.D"", ""PK.70.10.D""]","[""D_check"", ""D_shrubs""]",2,3XjF$En_P4Ex4Uq8MxAXJ3,
P2_B02-031,1ng29UucXRYfR6dKQy201V,shrub_plant,관목,회양목,H0.4 X W0.5,1,ea,D,NEW,PK.50.40.D,"[""PK.50.40.D"", ""PK.70.10.D""]","[""D_check"", ""D_shrubs""]",2,3XjF$En_P4Ex4Uq8MxAXJ3,
P2_B02-032,1BLI$XFK5KZPMkmZXIYPWh,shrub_plant,관목,회양목,H0.4 X W0.5,1,ea,D,NEW,PK.50.40.D,"[""PK.50.40.D"", ""PK.70.10.D""]","[""D_check"", ""D_shrubs""]",2,3XjF$En_P4Ex4Uq8MxAXJ3,
P2_B02-033,3BwmWztm9IoxgYBoH861xH,shrub_plant,관목,회양목,H0.4 X W0.5,1,ea,D,NEW,PK.50.40.D,"[""PK.50.40.D"", ""PK.70.10.D""]","[""D_check"", ""D_shrubs""]",2,3XjF$En_P4Ex4Uq8MxAXJ3,
P2_B02-034,2wl8HyhinORAerNegojv67,shrub_plant,관목,회양목,H0.4 X W0.5,1,ea,D,NEW,PK.50.40.D,"[""PK.50.40.D"", ""PK.70.10.D""]","[""D_check"", ""D_shrubs""]",2,3XjF$En_P4Ex4Uq8MxAXJ3,
P2_B02-035,32jPPUosTGIOk4jC$7PxnR,shrub_plant,관목,회양목,H0.4 X W0.5,1,ea,D,NEW,PK.50.40.D,"[""PK.50.40.D"", ""PK.70.10.D""]","[""D_check"", ""D_shrubs""]",2,3XjF$En_P4Ex4Uq8MxAXJ3,
P2_B02-036,1U8eZd8Y9IoAafZ8E32OmH,shrub_plant,관목,회양목,H0.4 X W0.5,1,ea,D,NEW,PK.50.40.D,"[""PK.50.40.D"", ""PK.70.10.D""]","[""D_check"", ""D_shrubs""]",2,3XjF$En_P4Ex4Uq8MxAXJ3,
P2_B02-037,10k7kijNjNhQtof38cIO7b,shrub_plant,관목,회양목,H0.4 X W0.5,1,ea,D,NEW,PK.50.40.D,"[""PK.50.40.D"", ""PK.70.10.D""]","[""D_check"", ""D_shrubs""]",2,3XjF$En_P4Ex4Uq8MxAXJ3,
P2_B02-038,2LEc2EUifTbQJtY3iEOYWj,shrub_plant,관목,회양목,H0.4 X W0.5,1,ea,D,NEW,PK.50.40.D,"[""PK.50.40.D"", ""PK.70.10.D""]","[""D_check"", ""D_shrubs""]",2,3XjF$En_P4Ex4Uq8MxAXJ3,
P2_B02-039,32f4sEM6zPUuCn6CyfslJs,shrub_plant,관목,회양목,H0.4 X W0.5,1,ea,D,NEW,PK.50.40.D,"[""PK.50.40.D"", ""PK.70.10.D""]","[""D_check"", ""D_shrubs""]",2,3XjF$En_P4Ex4Uq8MxAXJ3,
P2_B02-040,3C0G2i60HUZ8WzJOc7EyWX,shrub_plant,관목,회양목,H0.4 X W0.5,1,ea,D,NEW,PK.50.40.D,"[""PK.50.40.D"", ""PK.70.10.D""]","[""D_check"", ""D_shrubs""]",2,3XjF$En_P4Ex4Uq8MxAXJ3,
P2_B02-041,0yW2_Hu7jPOhzN47Q1xuvd,shrub_plant,관목,회양목,H0.4 X W0.5,1,ea,D,NEW,PK.50.40.D,"[""PK.50.40.D"", ""PK.70.10.D""]","[""D_check"", ""D_shrubs""]",2,3XjF$En_P4Ex4Uq8MxAXJ3,
P2_B02-042,3hpkMCZnXGdQngESO4hMqB,shrub_plant,관목,회양목,H0.4 X W0.5,1,ea,D,NEW,PK.50.40.D,"[""PK.50.40.D"", ""PK.70.10.D""]","[""D_check"", ""D_shrubs""]",2,3XjF$En_P4Ex4Uq8MxAXJ3,
P2_B02-043,0GnLJ2yh1QtuE9sA7rNiMa,shrub_plant,관목,회양목,H0.4 X W0.5,1,ea,D,NEW,PK.50.40.D,"[""PK.50.40.D"", ""PK.70.10.D""]","[""D_check"", ""D_shrubs""]",2,3XjF$En_P4Ex4Uq8MxAXJ3,
P2_B02-044,1KdWwm8HrJAv15wyil3PL_,shrub_plant,관목,회양목,H0.4 X W0.5,1,ea,D,NEW,PK.50.40.D,"[""PK.50.40.D"", ""PK.70.10.D""]","[""D_check"", ""D_shrubs""]",2,3XjF$En_P4Ex4Uq8MxAXJ3,
P2_B02-045,1NM5x5TorRwuWXy_lG0PPJ,shrub_plant,관목,회양목,H0.4 X W0.5,1,ea,D,NEW,PK.50.40.D,"[""PK.50.40.D"", ""PK.70.10.D""]","[""D_check"", ""D_shrubs""]",2,3XjF$En_P4Ex4Uq8MxAXJ3,
P2_B02-046,3tYcq0cT9Jme$piD2xXBq2,shrub_plant,관목,회양목,H0.4 X W0.5,1,ea,D,NEW,PK.50.40.D,"[""PK.50.40.D"", ""PK.70.10.D""]","[""D_check"", ""D_shrubs""]",2,3XjF$En_P4Ex4Uq8MxAXJ3,
P2_B02-047,3w5BTXVgnLSxbuLB7c1Y3g,shrub_plant,관목,회양목,H0.4 X W0.5,1,ea,D,NEW,PK.50.40.D,"[""PK.50.40.D"", ""PK.70.10.D""]","[""D_check"", ""D_shrubs""]",2,3XjF$En_P4Ex4Uq8MxAXJ3,
P2_B02-048,0kPZnZvSfNkxeXAe$cgrUB,shrub_plant,관목,회양목,H0.4 X W0.5,1,ea,D,NEW,PK.50.40.D,"[""PK.50.40.D"", ""PK.70.10.D""]","[""D_check"", ""D_shrubs""]",2,3XjF$En_P4Ex4Uq8MxAXJ3,
P2_B02-049,0P6O9mAc1RpgqrbCoKwF3Z,shrub_plant,관목,회양목,H0.4 X W0.5,1,ea,D,NEW,PK.50.40.D,"[""PK.50.40.D"", ""PK.70.10.D""]","[""D_check"", ""D_shrubs""]",2,3XjF$En_P4Ex4Uq8MxAXJ3,
P2_B02-050,1vINH5uGTHTwu$flpzLoJU,shrub_plant,관목,회양목,H0.4 X W0.5,1,ea,D,NEW,PK.50.40.D,"[""PK.50.40.D"", ""PK.70.10.D""]","[""D_check"", ""D_shrubs""]",2,3XjF$En_P4Ex4Uq8MxAXJ3,
P2_B02-051,3TTHamwC1LO8H7ypRj5Xk2,shrub_plant,관목,회양목,H0.4 X W0.5,1,ea,D,NEW,PK.50.40.D,"[""PK.50.40.D"", ""PK.70.10.D""]","[""D_check"", ""D_shrubs""]",2,3XjF$En_P4Ex4Uq8MxAXJ3,
P2_B02-052,0jtu5AXVPOsRx5WFqShNd8,shrub_plant,관목,회양목,H0.4 X W0.5,1,ea,D,NEW,PK.50.40.D,"[""PK.50.40.D"", ""PK.70.10.D""]","[""D_check"", ""D_shrubs""]",2,3XjF$En_P4Ex4Uq8MxAXJ3,
P2_B02-053,2jzq6vuiXNYA4R1lh1PzIy,shrub_plant,관목,회양목,H0.4 X W0.5,1,ea,D,NEW,PK.50.40.D,"[""PK.50.40.D"", ""PK.70.10.D""]","[""D_check"", ""D_shrubs""]",2,3XjF$En_P4Ex4Uq8MxAXJ3,
P2_B02-054,2s1G$Wr4rNg8o$xNJy_u00,shrub_plant,관목,회양목,H0.4 X W0.5,1,ea,D,NEW,PK.50.40.D,"[""PK.50.40.D"", ""PK.70.10.D""]","[""D_check"", ""D_shrubs""]",2,3XjF$En_P4Ex4Uq8MxAXJ3,
P2_B02-055,0ta8lLS65LAxCNHCt4vsjx,shrub_plant,관목,회양목,H0.4 X W0.5,1,ea,D,NEW,PK.50.40.D,"[""PK.50.40.D"", ""PK.70.10.D""]","[""D_check"", ""D_shrubs""]",2,3XjF$En_P4Ex4Uq8MxAXJ3,
P2_B02-056,0Xs7yqxJPL19Bb4D497jGj,shrub_plant,관목,회양목,H0.4 X W0.5,1,ea,D,NEW,PK.50.40.D,"[""PK.50.40.D"", ""PK.70.10.D""]","[""D_check"", ""D_shrubs""]",2,3XjF$En_P4Ex4Uq8MxAXJ3,
P2_B02-057,1aNixMQATOXg85829s8m4t,shrub_plant,관목,회양목,H0.4 X W0.5,1,ea,D,NEW,PK.50.40.D,"[""PK.50.40.D"", ""PK.70.10.D""]","[""D_check"", ""D_shrubs""]",2,3XjF$En_P4Ex4Uq8MxAXJ3,
P2_B02-058,398nWdesTVEhQOokSd69OG,shrub_plant,관목,회양목,H0.4 X W0.5,1,ea,D,NEW,PK.50.40.D,"[""PK.50.40.D"", ""PK.70.10.D""]","[""D_check"", ""D_shrubs""]",2,3XjF$En_P4Ex4Uq8MxAXJ3,
P2_B02-059,2lfN3RvZDMPQlF9DD35mzt,shrub_plant,관목,회양목,H0.4 X W0.5,1,ea,D,NEW,PK.50.40.D,"[""PK.50.40.D"", ""PK.70.10.D""]","[""D_check"", ""D_shrubs""]",2,3XjF$En_P4Ex4Uq8MxAXJ3,
P2_B02-060,08jbWsA6DIV8HyLVslMvU5,shrub_plant,관목,회양목,H0.4 X W0.5,1,ea,D,NEW,PK.50.40.D,"[""PK.50.40.D"", ""PK.70.10.D""]","[""D_check"", ""D_shrubs""]",2,3XjF$En_P4Ex4Uq8MxAXJ3,
P2_B02-061,3143Q3woPSLPKGH9LLy36U,shrub_plant,관목,회양목,H0.4 X W0.5,1,ea,D,NEW,PK.50.40.D,"[""PK.50.40.D"", ""PK.70.10.D""]","[""D_check"", ""D_shrubs""]",2,3XjF$En_P4Ex4Uq8MxAXJ3,
P2_B02-062,10CRIVYRLJvApE4WsWYIQk,shrub_plant,관목,회양목,H0.4 X W0.5,1,ea,D,NEW,PK.50.40.D,"[""PK.50.40.D"", ""PK.70.10.D""]","[""D_check"", ""D_shrubs""]",2,3XjF$En_P4Ex4Uq8MxAXJ3,
P2_B02-063,0gLcHazYHSeucFRzvIJ8I5,shrub_plant,관목,회양목,H0.4 X W0.5,1,ea,D,NEW,PK.50.40.D,"[""PK.50.40.D"", ""PK.70.10.D""]","[""D_check"", ""D_shrubs""]",2,3XjF$En_P4Ex4Uq8MxAXJ3,
P2_B02-064,36BAcmQtLSTPHXoYAWTU6Q,shrub_plant,관목,회양목,H0.4 X W0.5,1,ea,D,NEW,PK.50.40.D,"[""PK.50.40.D"", ""PK.70.10.D""]","[""D_check"", ""D_shrubs""]",2,3XjF$En_P4Ex4Uq8MxAXJ3,
P2_B02-065,1KiPGm0QHIEx_74Sv2lbWq,shrub_plant,관목,회양목,H0.4 X W0.5,1,ea,D,NEW,PK.50.40.D,"[""PK.50.40.D"", ""PK.70.10.D""]","[""D_check"", ""D_shrubs""]",2,3XjF$En_P4Ex4Uq8MxAXJ3,
P2_B02-066,1NOWCLlVfGR8IHzI37hTen,shrub_plant,관목,회양목,H0.4 X W0.5,1,ea,D,NEW,PK.50.40.D,"[""PK.50.40.D"", ""PK.70.10.D""]","[""D_check"", ""D_shrubs""]",2,3XjF$En_P4Ex4Uq8MxAXJ3,
P2_B02-067,1baS$714rJP9QjGHaBA5sZ,shrub_plant,관목,회양목,H0.4 X W0.5,1,ea,D,NEW,PK.50.40.D,"[""PK.50.40.D"", ""PK.70.10.D""]","[""D_check"", ""D_shrubs""]",2,3XjF$En_P4Ex4Uq8MxAXJ3,
P2_B02-068,225WXkW0vJXudtqx51yGFS,shrub_plant,관목,회양목,H0.4 X W0.5,1,ea,D,NEW,PK.50.40.D,"[""PK.50.40.D"", ""PK.70.10.D""]","[""D_check"", ""D_shrubs""]",2,3XjF$En_P4Ex4Uq8MxAXJ3,
P2_B02-069,3KJfhQ9K1Skw1MzY2KgETp,shrub_plant,관목,회양목,H0.4 X W0.5,1,ea,D,NEW,PK.50.40.D,"[""PK.50.40.D"", ""PK.70.10.D""]","[""D_check"", ""D_shrubs""]",2,3XjF$En_P4Ex4Uq8MxAXJ3,
P2_B02-070,1FUa76mq1IYO31CSBrZdbc,shrub_plant,관목,회양목,H0.4 X W0.5,1,ea,D,NEW,PK.50.40.D,"[""PK.50.40.D"", ""PK.70.10.D""]","[""D_check"", ""D_shrubs""]",2,3XjF$En_P4Ex4Uq8MxAXJ3,
P2_B02-071,1eJbEth81VTxpYhBg9QTfu,shrub_plant,관목,회양목,H0.4 X W0.5,1,ea,D,NEW,PK.50.40.D,"[""PK.50.40.D"", ""PK.70.10.D""]","[""D_check"", ""D_shrubs""]",2,3XjF$En_P4Ex4Uq8MxAXJ3,
P2_B02-072,3vOmWk7GXOXe9l$qV1pMp2,shrub_plant,관목,회양목,H0.4 X W0.5,1,ea,D,NEW,PK.50.40.D,"[""PK.50.40.D"", ""PK.70.10.D""]","[""D_check"", ""D_shrubs""]",2,3XjF$En_P4Ex4Uq8MxAXJ3,
P2_B02-073,0IpkH07iPG7vLwp62HHiZb,shrub_plant,관목,회양목,H0.4 X W0.5,1,ea,D,NEW,PK.50.40.D,"[""PK.50.40.D"", ""PK.70.10.D""]","[""D_check"", ""D_shrubs""]",2,3XjF$En_P4Ex4Uq8MxAXJ3,
P2_B02-074,3c8bTdCWLQ7P5DMxBQqNI_,shrub_plant,관목,회양목,H0.4 X W0.5,1,ea,D,NEW,PK.50.40.D,"[""PK.50.40.D"", ""PK.70.10.D""]","[""D_check"", ""D_shrubs""]",2,3XjF$En_P4Ex4Uq8MxAXJ3,
P2_B02-075,1ZAtG34LPTmQwln5RiEyW$,shrub_plant,관목,회양목,H0.4 X W0.5,1,ea,D,NEW,PK.50.40.D,"[""PK.50.40.D"", ""PK.70.10.D""]","[""D_check"", ""D_shrubs""]",2,3XjF$En_P4Ex4Uq8MxAXJ3,
P2_B02-076,2YMQMqwhHGywaHPYWOWqWt,shrub_plant,관목,회양목,H0.4 X W0.5,1,ea,D,NEW,PK.50.40.D,"[""PK.50.40.D"", ""PK.70.10.D""]","[""D_check"", ""D_shrubs""]",2,3XjF$En_P4Ex4Uq8MxAXJ3,
P2_B02-077,0EBiUedKHTEOL3eErFrO4A,shrub_plant,관목,회양목,H0.4 X W0.5,1,ea,D,NEW,PK.50.40.D,"[""PK.50.40.D"", ""PK.70.10.D""]","[""D_check"", ""D_shrubs""]",2,3XjF$En_P4Ex4Uq8MxAXJ3,
P2_B02-078,3FMjPXsnfGpP0DurOJSLG7,shrub_plant,관목,회양목,H0.4 X W0.5,1,ea,D,NEW,PK.50.40.D,"[""PK.50.40.D"", ""PK.70.10.D""]","[""D_check"", ""D_shrubs""]",2,3XjF$En_P4Ex4Uq8MxAXJ3,
P2_B02-079,1xEbI2cTrLRheQA84xs8lP,shrub_plant,관목,회양목,H0.4 X W0.5,1,ea,D,NEW,PK.50.40.D,"[""PK.50.40.D"", ""PK.70.10.D""]","[""D_check"", ""D_shrubs""]",2,3XjF$En_P4Ex4Uq8MxAXJ3,
P2_B02-080,1Z04rRnxvP4O2u8O_axddQ,shrub_plant,관목,회양목,H0.4 X W0.5,1,ea,D,NEW,PK.50.40.D,"[""PK.50.40.D"", ""PK.70.10.D""]","[""D_check"", ""D_shrubs""]",2,3XjF$En_P4Ex4Uq8MxAXJ3,
P2_B02-081,2XZ_FYS5nSs87P6_RnvUW1,shrub_plant,관목,회양목,H0.4 X W0.5,1,ea,D,NEW,PK.50.40.D,"[""PK.50.40.D"", ""PK.70.10.D""]","[""D_check"", ""D_shrubs""]",2,3XjF$En_P4Ex4Uq8MxAXJ3,
P2_B02-082,1Hic1QqMrNgB7Gbzcdnm$C,shrub_plant,관목,회양목,H0.4 X W0.5,1,ea,D,NEW,PK.50.40.D,"[""PK.50.40.D"", ""PK.70.10.D""]","[""D_check"", ""D_shrubs""]",2,3XjF$En_P4Ex4Uq8MxAXJ3,
P2_B02-083,3oZzkHiofJ8ulGxpAgcP9S,shrub_plant,관목,회양목,H0.4 X W0.5,1,ea,D,NEW,PK.50.40.D,"[""PK.50.40.D"", ""PK.70.10.D""]","[""D_check"", ""D_shrubs""]",2,3XjF$En_P4Ex4Uq8MxAXJ3,
P2_B02-084,1loQVuRNjJyBYb6$AKhAIB,shrub_plant,관목,회양목,H0.4 X W0.5,1,ea,D,NEW,PK.50.40.D,"[""PK.50.40.D"", ""PK.70.10.D""]","[""D_check"", ""D_shrubs""]",2,3XjF$En_P4Ex4Uq8MxAXJ3,
P2_B02-085,03rDAEfdXITBL6BEpwl1FD,shrub_plant,관목,회양목,H0.4 X W0.5,1,ea,D,NEW,PK.50.40.D,"[""PK.50.40.D"", ""PK.70.10.D""]","[""D_check"", ""D_shrubs""]",2,3XjF$En_P4Ex4Uq8MxAXJ3,
P2_B02-086,31gWpKOaHTl8v1RSm5nFpZ,shrub_plant,관목,회양목,H0.4 X W0.5,1,ea,D,NEW,PK.50.40.D,"[""PK.50.40.D"", ""PK.70.10.D""]","[""D_check"", ""D_shrubs""]",2,3XjF$En_P4Ex4Uq8MxAXJ3,
P2_B02-087,1$vnc_buHSh8Q12vn_1WvU,shrub_plant,관목,회양목,H0.4 X W0.5,1,ea,D,NEW,PK.50.40.D,"[""PK.50.40.D"", ""PK.70.10.D""]","[""D_check"", ""D_shrubs""]",2,3XjF$En_P4Ex4Uq8MxAXJ3,
P2_B02-088,1SbhZrugbVNfSGbjlz_Nbr,shrub_plant,관목,회양목,H0.4 X W0.5,1,ea,D,NEW,PK.50.40.D,"[""PK.50.40.D"", ""PK.70.10.D""]","[""D_check"", ""D_shrubs""]",2,3XjF$En_P4Ex4Uq8MxAXJ3,
P2_B02-089,2XDc0yDWPMTvIEXaQgoC3c,shrub_plant,관목,회양목,H0.4 X W0.5,1,ea,D,NEW,PK.50.40.D,"[""PK.50.40.D"", ""PK.70.10.D""]","[""D_check"", ""D_shrubs""]",2,3XjF$En_P4Ex4Uq8MxAXJ3,
P2_B02-090,3M6sWh9PLLZu162WuStDtW,shrub_plant,관목,회양목,H0.4 X W0.5,1,ea,D,NEW,PK.50.40.D,"[""PK.50.40.D"", ""PK.70.10.D""]","[""D_check"", ""D_shrubs""]",2,3XjF$En_P4Ex4Uq8MxAXJ3,
P2_B02-091,0FaLduJaPMUgYeuzIOxgGb,shrub_plant,관목,회양목,H0.4 X W0.5,1,ea,D,NEW,PK.50.40.D,"[""PK.50.40.D"", ""PK.70.10.D""]","[""D_check"", ""D_shrubs""]",2,3XjF$En_P4Ex4Uq8MxAXJ3,
P2_B02-092,0jJtCTqUPL3ft9tDBgPtwp,shrub_plant,관목,회양목,H0.4 X W0.5,1,ea,D,NEW,PK.50.40.D,"[""PK.50.40.D"", ""PK.70.10.D""]","[""D_check"", ""D_shrubs""]",2,3XjF$En_P4Ex4Uq8MxAXJ3,
P2_B02-093,0vzpV254rQa8iHvljY3QM3,shrub_plant,관목,회양목,H0.4 X W0.5,1,ea,D,NEW,PK.50.40.D,"[""PK.50.40.D"", ""PK.70.10.D""]","[""D_check"", ""D_shrubs""]",2,3XjF$En_P4Ex4Uq8MxAXJ3,
P2_B02-094,0NWhm4jlzHSAkFoIBLPPc_,shrub_plant,관목,회양목,H0.4 X W0.5,1,ea,D,NEW,PK.50.40.D,"[""PK.50.40.D"", ""PK.70.10.D""]","[""D_check"", ""D_shrubs""]",2,3XjF$En_P4Ex4Uq8MxAXJ3,
P2_B02-095,2wQnHNmDDJNBaiMWQamcJH,shrub_plant,관목,회양목,H0.4 X W0.5,1,ea,D,NEW,PK.50.40.D,"[""PK.50.40.D"", ""PK.70.10.D""]","[""D_check"", ""D_shrubs""]",2,3XjF$En_P4Ex4Uq8MxAXJ3,
P2_B02-096,3WlWxZ5nrRvOJMOVoAZhhF,shrub_plant,관목,회양목,H0.4 X W0.5,1,ea,D,NEW,PK.50.40.D,"[""PK.50.40.D"", ""PK.70.10.D""]","[""D_check"", ""D_shrubs""]",2,3XjF$En_P4Ex4Uq8MxAXJ3,
P2_B02-097,39DT_JyjXQqfJAIXNvmD8s,shrub_plant,관목,회양목,H0.4 X W0.5,1,ea,D,NEW,PK.50.40.D,"[""PK.50.40.D"", ""PK.70.10.D""]","[""D_check"", ""D_shrubs""]",2,3XjF$En_P4Ex4Uq8MxAXJ3,
P2_B02-098,1$jUzLQTvNM96K92TadM6N,shrub_plant,관목,회양목,H0.4 X W0.5,1,ea,D,NEW,PK.50.40.D,"[""PK.50.40.D"", ""PK.70.10.D""]","[""D_check"", ""D_shrubs""]",2,3XjF$En_P4Ex4Uq8MxAXJ3,
P2_B02-099,2pl_OPPufTjBqa6DXz88LY,shrub_plant,관목,회양목,H0.4 X W0.5,1,ea,D,NEW,PK.50.40.D,"[""PK.50.40.D"", ""PK.70.10.D""]","[""D_check"", ""D_shrubs""]",2,3XjF$En_P4Ex4Uq8MxAXJ3,
P2_B02-100,17XM_gLujL8OomUALJg9lL,shrub_plant,관목,회양목,H0.4 X W0.5,1,ea,D,NEW,PK.50.40.D,"[""PK.50.40.D"", ""PK.70.10.D""]","[""D_check"", ""D_shrubs""]",2,3XjF$En_P4Ex4Uq8MxAXJ3,
P2_Y02-001,0JVtOADojS7hS1W3QoHQrZ,shrub_plant,관목,영산홍,H0.6 X W0.8,1,ea,D,NEW,PK.50.40.D,"[""PK.50.40.D"", ""PK.70.10.D""]","[""D_check"", ""D_shrubs""]",2,1yPXjYZdX0pQPHGOXqvwN2,
P2_Y02-002,1LsoqFg0nK2uRcNlusjIon,shrub_plant,관목,영산홍,H0.6 X W0.8,1,ea,D,NEW,PK.50.40.D,"[""PK.50.40.D"", ""PK.70.10.D""]","[""D_check"", ""D_shrubs""]",2,1yPXjYZdX0pQPHGOXqvwN2,
P2_Y02-003,2Sexj69MzKvBuvjK6F_Hgl,shrub_plant,관목,영산홍,H0.6 X W0.8,1,ea,D,NEW,PK.50.40.D,"[""PK.50.40.D"", ""PK.70.10.D""]","[""D_check"", ""D_shrubs""]",2,1yPXjYZdX0pQPHGOXqvwN2,
P2_Y02-004,2R0yu1MGbNtR_2d3QfJwMi,shrub_plant,관목,영산홍,H0.6 X W0.8,1,ea,D,NEW,PK.50.40.D,"[""PK.50.40.D"", ""PK.70.10.D""]","[""D_check"", ""D_shrubs""]",2,1yPXjYZdX0pQPHGOXqvwN2,
P2_Y02-005,3zqIKwKubSrAmC3blv_Mbv,shrub_plant,관목,영산홍,H0.6 X W0.8,1,ea,D,NEW,PK.50.40.D,"[""PK.50.40.D"", ""PK.70.10.D""]","[""D_check"", ""D_shrubs""]",2,1yPXjYZdX0pQPHGOXqvwN2,
P2_Y02-006,39pPyKY21OkODw1Q4FuXSt,shrub_plant,관목,영산홍,H0.6 X W0.8,1,ea,D,NEW,PK.50.40.D,"[""PK.50.40.D"", ""PK.70.10.D""]","[""D_check"", ""D_shrubs""]",2,1yPXjYZdX0pQPHGOXqvwN2,
P2_Y02-007,0ObqtzWTfOifnZ3j_cQp4J,shrub_plant,관목,영산홍,H0.6 X W0.8,1,ea,D,NEW,PK.50.40.D,"[""PK.50.40.D"", ""PK.70.10.D""]","[""D_check"", ""D_shrubs""]",2,1yPXjYZdX0pQPHGOXqvwN2,
P2_Y02-008,3Ru$i9$HbJLgSOsCGag0V9,shrub_plant,관목,영산홍,H0.6 X W0.8,1,ea,D,NEW,PK.50.40.D,"[""PK.50.40.D"", ""PK.70.10.D""]","[""D_check"", ""D_shrubs""]",2,1yPXjYZdX0pQPHGOXqvwN2,
P2_Y02-009,01LVPZcrDSBR9URD8oVazO,shrub_plant,관목,영산홍,H0.6 X W0.8,1,ea,D,NEW,PK.50.40.D,"[""PK.50.40.D"", ""PK.70.10.D""]","[""D_check"", ""D_shrubs""]",2,1yPXjYZdX0pQPHGOXqvwN2,
P2_Y02-010,0NTWbxatLP$e8VALcJ$XpY,shrub_plant,관목,영산홍,H0.6 X W0.8,1,ea,D,NEW,PK.50.40.D,"[""PK.50.40.D"", ""PK.70.10.D""]","[""D_check"", ""D_shrubs""]",2,1yPXjYZdX0pQPHGOXqvwN2,
P2_Y02-011,3oWsssxDXMGxJC1j_U$Dyv,shrub_plant,관목,영산홍,H0.6 X W0.8,1,ea,D,NEW,PK.50.40.D,"[""PK.50.40.D"", ""PK.70.10.D""]","[""D_check"", ""D_shrubs""]",2,1yPXjYZdX0pQPHGOXqvwN2,
P2_Y02-012,3$GPjaFUXL2gRwwiHXm2df,shrub_plant,관목,영산홍,H0.6 X W0.8,1,ea,D,NEW,PK.50.40.D,"[""PK.50.40.D"", ""PK.70.10.D""]","[""D_check"", ""D_shrubs""]",2,1yPXjYZdX0pQPHGOXqvwN2,
P2_Y02-013,3EF_TcXnHM8Ojrqqx03_rF,shrub_plant,관목,영산홍,H0.6 X W0.8,1,ea,D,NEW,PK.50.40.D,"[""PK.50.40.D"", ""PK.70.10.D""]","[""D_check"", ""D_shrubs""]",2,1yPXjYZdX0pQPHGOXqvwN2,
P2_Y02-014,1yYRr2xpnOwuq$NdZFsYPG,shrub_plant,관목,영산홍,H0.6 X W0.8,1,ea,D,NEW,PK.50.40.D,"[""PK.50.40.D"", ""PK.70.10.D""]","[""D_check"", ""D_shrubs""]",2,1yPXjYZdX0pQPHGOXqvwN2,
P2_Y02-015,2JN3EuDlLSeBIf5HIpLJtj,shrub_plant,관목,영산홍,H0.6 X W0.8,1,ea,D,NEW,PK.50.40.D,"[""PK.50.40.D"", ""PK.70.10.D""]","[""D_check"", ""D_shrubs""]",2,1yPXjYZdX0pQPHGOXqvwN2,
P2_Y02-016,1OYSoeUQ5RzOGtrHgtmYnS,shrub_plant,관목,영산홍,H0.6 X W0.8,1,ea,D,NEW,PK.50.40.D,"[""PK.50.40.D"", ""PK.70.10.D""]","[""D_check"", ""D_shrubs""]",2,1yPXjYZdX0pQPHGOXqvwN2,
P2_Y02-017,2c1CHqqMLRfe8Y28ZFn4gn,shrub_plant,관목,영산홍,H0.6 X W0.8,1,ea,D,NEW,PK.50.40.D,"[""PK.50.40.D"", ""PK.70.10.D""]","[""D_check"", ""D_shrubs""]",2,1yPXjYZdX0pQPHGOXqvwN2,
P2_Y02-018,15IwRwXqTJBuW5B6QRcDj8,shrub_plant,관목,영산홍,H0.6 X W0.8,1,ea,D,NEW,PK.50.40.D,"[""PK.50.40.D"", ""PK.70.10.D""]","[""D_check"", ""D_shrubs""]",2,1yPXjYZdX0pQPHGOXqvwN2,
P2_Y02-019,1Ns8vKXNfP78XSGTX7iaDs,shrub_plant,관목,영산홍,H0.6 X W0.8,1,ea,D,NEW,PK.50.40.D,"[""PK.50.40.D"", ""PK.70.10.D""]","[""D_check"", ""D_shrubs""]",2,1yPXjYZdX0pQPHGOXqvwN2,
P2_Y02-020,2_3vAWn9bNowZpZiHOLxeV,shrub_plant,관목,영산홍,H0.6 X W0.8,1,ea,D,NEW,PK.50.40.D,"[""PK.50.40.D"", ""PK.70.10.D""]","[""D_check"", ""D_shrubs""]",2,1yPXjYZdX0pQPHGOXqvwN2,
P2_Y02-021,25xw$VhJTLhRfJD5ABoEez,shrub_plant,관목,영산홍,H0.6 X W0.8,1,ea,D,NEW,PK.50.40.D,"[""PK.50.40.D"", ""PK.70.10.D""]","[""D_check"", ""D_shrubs""]",2,1yPXjYZdX0pQPHGOXqvwN2,
P2_Y02-022,3Oc_Hmf8XVOuRXsZMCk2kH,shrub_plant,관목,영산홍,H0.6 X W0.8,1,ea,D,NEW,PK.50.40.D,"[""PK.50.40.D"", ""PK.70.10.D""]","[""D_check"", ""D_shrubs""]",2,1yPXjYZdX0pQPHGOXqvwN2,
P2_Y02-023,1Im09dCY5JnezJZEi_FXYx,shrub_plant,관목,영산홍,H0.6 X W0.8,1,ea,D,NEW,PK.50.40.D,"[""PK.50.40.D"", ""PK.70.10.D""]","[""D_check"", ""D_shrubs""]",2,1yPXjYZdX0pQPHGOXqvwN2,
P2_Y02-024,1jlEfXfujRzPg7k_llNDFU,shrub_plant,관목,영산홍,H0.6 X W0.8,1,ea,D,NEW,PK.50.40.D,"[""PK.50.40.D"", ""PK.70.10.D""]","[""D_check"", ""D_shrubs""]",2,1yPXjYZdX0pQPHGOXqvwN2,
P2_Y02-025,3mKsy9WGLHhQAl4K$mucsx,shrub_plant,관목,영산홍,H0.6 X W0.8,1,ea,D,NEW,PK.50.40.D,"[""PK.50.40.D"", ""PK.70.10.D""]","[""D_check"", ""D_shrubs""]",2,1yPXjYZdX0pQPHGOXqvwN2,
P2_Y02-026,31cj4S_$LRuwePS_L6i34u,shrub_plant,관목,영산홍,H0.6 X W0.8,1,ea,D,NEW,PK.50.40.D,"[""PK.50.40.D"", ""PK.70.10.D""]","[""D_check"", ""D_shrubs""]",2,1yPXjYZdX0pQPHGOXqvwN2,
P2_Y02-027,2JFViFIPPOLwDYoNl3Ue5O,shrub_plant,관목,영산홍,H0.6 X W0.8,1,ea,D,NEW,PK.50.40.D,"[""PK.50.40.D"", ""PK.70.10.D""]","[""D_check"", ""D_shrubs""]",2,1yPXjYZdX0pQPHGOXqvwN2,
P2_Y02-028,0moiyqRenMixd9T7rLzuVr,shrub_plant,관목,영산홍,H0.6 X W0.8,1,ea,D,NEW,PK.50.40.D,"[""PK.50.40.D"", ""PK.70.10.D""]","[""D_check"", ""D_shrubs""]",2,1yPXjYZdX0pQPHGOXqvwN2,
P2_Y02-029,2hM8uYj31M5BI3pAHJ8skq,shrub_plant,관목,영산홍,H0.6 X W0.8,1,ea,D,NEW,PK.50.40.D,"[""PK.50.40.D"", ""PK.70.10.D""]","[""D_check"", ""D_shrubs""]",2,1yPXjYZdX0pQPHGOXqvwN2,
P2_Y02-030,0FRI3iQWnME9NDbKB__$D0,shrub_plant,관목,영산홍,H0.6 X W0.8,1,ea,D,NEW,PK.50.40.D,"[""PK.50.40.D"", ""PK.70.10.D""]","[""D_check"", ""D_shrubs""]",2,1yPXjYZdX0pQPHGOXqvwN2,
P2_Y02-031,2GHMfSDXvSEgtkmQd329S8,shrub_plant,관목,영산홍,H0.6 X W0.8,1,ea,D,NEW,PK.50.40.D,"[""PK.50.40.D"", ""PK.70.10.D""]","[""D_check"", ""D_shrubs""]",2,1yPXjYZdX0pQPHGOXqvwN2,
P2_Y02-032,1AoZsLYl5Q0hmHB2fSQf_W,shrub_plant,관목,영산홍,H0.6 X W0.8,1,ea,D,NEW,PK.50.40.D,"[""PK.50.40.D"", ""PK.70.10.D""]","[""D_check"", ""D_shrubs""]",2,1yPXjYZdX0pQPHGOXqvwN2,
P2_R01-001,34ulYXPovGuvno_D$XFegX,shrub_plant,관목,산철쭉,H0.8 X W0.8,1,ea,C,NEW,PK.50.40.C,"[""PK.50.40.C"", ""PK.70.10.C""]","[""C_check"", ""C_shrubs""]",2,3$A$hZuEP0Dvy8NXIFeoRz,
P2_R01-002,1cvTK9urHKnu$zZjQ2sFfw,shrub_plant,관목,산철쭉,H0.8 X W0.8,1,ea,C,NEW,PK.50.40.C,"[""PK.50.40.C"", ""PK.70.10.C""]","[""C_check"", ""C_shrubs""]",2,3$A$hZuEP0Dvy8NXIFeoRz,
P2_R01-003,1rjzjktWPO_ht0nz5QtjeE,shrub_plant,관목,산철쭉,H0.8 X W0.8,1,ea,C,NEW,PK.50.40.C,"[""PK.50.40.C"", ""PK.70.10.C""]","[""C_check"", ""C_shrubs""]",2,3$A$hZuEP0Dvy8NXIFeoRz,
P2_R01-004,2r51_iq4bKnPlE9sqpUqoR,shrub_plant,관목,산철쭉,H0.8 X W0.8,1,ea,C,NEW,PK.50.40.C,"[""PK.50.40.C"", ""PK.70.10.C""]","[""C_check"", ""C_shrubs""]",2,3$A$hZuEP0Dvy8NXIFeoRz,
P2_R01-005,1Zgn2DhfPUzwweUppN2387,shrub_plant,관목,산철쭉,H0.8 X W0.8,1,ea,C,NEW,PK.50.40.C,"[""PK.50.40.C"", ""PK.70.10.C""]","[""C_check"", ""C_shrubs""]",2,3$A$hZuEP0Dvy8NXIFeoRz,
P2_R01-006,0gexFRWHXTduhdHPh40J4T,shrub_plant,관목,산철쭉,H0.8 X W0.8,1,ea,C,NEW,PK.50.40.C,"[""PK.50.40.C"", ""PK.70.10.C""]","[""C_check"", ""C_shrubs""]",2,3$A$hZuEP0Dvy8NXIFeoRz,
P2_R01-007,3hyV3b0APPJO_CYT5$v69y,shrub_plant,관목,산철쭉,H0.8 X W0.8,1,ea,C,NEW,PK.50.40.C,"[""PK.50.40.C"", ""PK.70.10.C""]","[""C_check"", ""C_shrubs""]",2,3$A$hZuEP0Dvy8NXIFeoRz,
P2_R01-008,32ls88HS5IPf8nSm8eIwEB,shrub_plant,관목,산철쭉,H0.8 X W0.8,1,ea,C,NEW,PK.50.40.C,"[""PK.50.40.C"", ""PK.70.10.C""]","[""C_check"", ""C_shrubs""]",2,3$A$hZuEP0Dvy8NXIFeoRz,
P2_R01-009,323oyGiZnMG8r11uZdngRm,shrub_plant,관목,산철쭉,H0.8 X W0.8,1,ea,C,NEW,PK.50.40.C,"[""PK.50.40.C"", ""PK.70.10.C""]","[""C_check"", ""C_shrubs""]",2,3$A$hZuEP0Dvy8NXIFeoRz,
P2_R01-010,3Af2f8awbSOAE$DF7T0tF6,shrub_plant,관목,산철쭉,H0.8 X W0.8,1,ea,C,NEW,PK.50.40.C,"[""PK.50.40.C"", ""PK.70.10.C""]","[""C_check"", ""C_shrubs""]",2,3$A$hZuEP0Dvy8NXIFeoRz,
P2_R01-011,0ga7TB7urPGQdYwUtFDAjx,shrub_plant,관목,산철쭉,H0.8 X W0.8,1,ea,C,NEW,PK.50.40.C,"[""PK.50.40.C"", ""PK.70.10.C""]","[""C_check"", ""C_shrubs""]",2,3$A$hZuEP0Dvy8NXIFeoRz,
P2_R01-012,3gCHXs9dzR78PoqSIvTpBk,shrub_plant,관목,산철쭉,H0.8 X W0.8,1,ea,C,NEW,PK.50.40.C,"[""PK.50.40.C"", ""PK.70.10.C""]","[""C_check"", ""C_shrubs""]",2,3$A$hZuEP0Dvy8NXIFeoRz,
P2_R01-013,2_CgA_MhzLOAsi7zlbvaaJ,shrub_plant,관목,산철쭉,H0.8 X W0.8,1,ea,C,NEW,PK.50.40.C,"[""PK.50.40.C"", ""PK.70.10.C""]","[""C_check"", ""C_shrubs""]",2,3$A$hZuEP0Dvy8NXIFeoRz,
P2_R01-014,1gnYxaYJHKQRIOvR1xOWZl,shrub_plant,관목,산철쭉,H0.8 X W0.8,1,ea,C,NEW,PK.50.40.C,"[""PK.50.40.C"", ""PK.70.10.C""]","[""C_check"", ""C_shrubs""]",2,3$A$hZuEP0Dvy8NXIFeoRz,
P2_R01-015,1OI$3vILTRRxtrcl5u7oyQ,shrub_plant,관목,산철쭉,H0.8 X W0.8,1,ea,C,NEW,PK.50.40.C,"[""PK.50.40.C"", ""PK.70.10.C""]","[""C_check"", ""C_shrubs""]",2,3$A$hZuEP0Dvy8NXIFeoRz,
P2_R01-016,08e7y0F7fMVhOgtu6CF4HK,shrub_plant,관목,산철쭉,H0.8 X W0.8,1,ea,C,NEW,PK.50.40.C,"[""PK.50.40.C"", ""PK.70.10.C""]","[""C_check"", ""C_shrubs""]",2,3$A$hZuEP0Dvy8NXIFeoRz,
P2_R01-017,2_m2dh5avJa9_2JJTH0pTX,shrub_plant,관목,산철쭉,H0.8 X W0.8,1,ea,C,NEW,PK.50.40.C,"[""PK.50.40.C"", ""PK.70.10.C""]","[""C_check"", ""C_shrubs""]",2,3$A$hZuEP0Dvy8NXIFeoRz,
P2_R01-018,0ldfJQOjLIngfGZzpTyFTy,shrub_plant,관목,산철쭉,H0.8 X W0.8,1,ea,C,NEW,PK.50.40.C,"[""PK.50.40.C"", ""PK.70.10.C""]","[""C_check"", ""C_shrubs""]",2,3$A$hZuEP0Dvy8NXIFeoRz,
P2_R01-019,1hl3UMoEPQN89AxITB7mGu,shrub_plant,관목,산철쭉,H0.8 X W0.8,1,ea,C,NEW,PK.50.40.C,"[""PK.50.40.C"", ""PK.70.10.C""]","[""C_check"", ""C_shrubs""]",2,3$A$hZuEP0Dvy8NXIFeoRz,
P2_R01-020,3i3wLaXUDMredYAlOY9F0k,shrub_plant,관목,산철쭉,H0.8 X W0.8,1,ea,C,NEW,PK.50.40.C,"[""PK.50.40.C"", ""PK.70.10.C""]","[""C_check"", ""C_shrubs""]",2,3$A$hZuEP0Dvy8NXIFeoRz,
P2_R01-021,3gphtraivHahGtnlxwjjNE,shrub_plant,관목,산철쭉,H0.8 X W0.8,1,ea,C,NEW,PK.50.40.C,"[""PK.50.40.C"", ""PK.70.10.C""]","[""C_check"", ""C_shrubs""]",2,3$A$hZuEP0Dvy8NXIFeoRz,
P2_R01-022,2KXEplgyTPzvzIFHcY7gFr,shrub_plant,관목,산철쭉,H0.8 X W0.8,1,ea,C,NEW,PK.50.40.C,"[""PK.50.40.C"", ""PK.70.10.C""]","[""C_check"", ""C_shrubs""]",2,3$A$hZuEP0Dvy8NXIFeoRz,
P2_R01-023,27C7q4w_LOC89tM6Xiuscj,shrub_plant,관목,산철쭉,H0.8 X W0.8,1,ea,C,NEW,PK.50.40.C,"[""PK.50.40.C"", ""PK.70.10.C""]","[""C_check"", ""C_shrubs""]",2,3$A$hZuEP0Dvy8NXIFeoRz,
P2_R01-024,2THjCFSbrUIv6enfxnLxJm,shrub_plant,관목,산철쭉,H0.8 X W0.8,1,ea,C,NEW,PK.50.40.C,"[""PK.50.40.C"", ""PK.70.10.C""]","[""C_check"", ""C_shrubs""]",2,3$A$hZuEP0Dvy8NXIFeoRz,
P2_R01-025,05x49oePTNeOEPoL$RGSUX,shrub_plant,관목,산철쭉,H0.8 X W0.8,1,ea,C,NEW,PK.50.40.C,"[""PK.50.40.C"", ""PK.70.10.C""]","[""C_check"", ""C_shrubs""]",2,3$A$hZuEP0Dvy8NXIFeoRz,
P2_R01-026,0rM4OtEIDKcOWMvSOYNi1d,shrub_plant,관목,산철쭉,H0.8 X W0.8,1,ea,C,NEW,PK.50.40.C,"[""PK.50.40.C"", ""PK.70.10.C""]","[""C_check"", ""C_shrubs""]",2,3$A$hZuEP0Dvy8NXIFeoRz,
P2_R01-027,0QAd_0xmPLlv4oUnbEoW8z,shrub_plant,관목,산철쭉,H0.8 X W0.8,1,ea,C,NEW,PK.50.40.C,"[""PK.50.40.C"", ""PK.70.10.C""]","[""C_check"", ""C_shrubs""]",2,3$A$hZuEP0Dvy8NXIFeoRz,
P2_R01-028,2bzteFUL5Jh8p3umlmiSJI,shrub_plant,관목,산철쭉,H0.8 X W0.8,1,ea,C,NEW,PK.50.40.C,"[""PK.50.40.C"", ""PK.70.10.C""]","[""C_check"", ""C_shrubs""]",2,3$A$hZuEP0Dvy8NXIFeoRz,
P2_R01-029,2HIyy4yFfPUOO3cvTFL8OS,shrub_plant,관목,산철쭉,H0.8 X W0.8,1,ea,C,NEW,PK.50.40.C,"[""PK.50.40.C"", ""PK.70.10.C""]","[""C_check"", ""C_shrubs""]",2,3$A$hZuEP0Dvy8NXIFeoRz,
P2_R01-030,2k_nNN54fRDRooR81SHtTM,shrub_plant,관목,산철쭉,H0.8 X W0.8,1,ea,C,NEW,PK.50.40.C,"[""PK.50.40.C"", ""PK.70.10.C""]","[""C_check"", ""C_shrubs""]",2,3$A$hZuEP0Dvy8NXIFeoRz,
P2_R01-031,24vyN2olzRyOo5SIhvn9db,shrub_plant,관목,산철쭉,H0.8 X W0.8,1,ea,C,NEW,PK.50.40.C,"[""PK.50.40.C"", ""PK.70.10.C""]","[""C_check"", ""C_shrubs""]",2,3$A$hZuEP0Dvy8NXIFeoRz,
P2_R01-032,2jHcT9gU1KqBdMgzBJijpl,shrub_plant,관목,산철쭉,H0.8 X W0.8,1,ea,C,NEW,PK.50.40.C,"[""PK.50.40.C"", ""PK.70.10.C""]","[""C_check"", ""C_shrubs""]",2,3$A$hZuEP0Dvy8NXIFeoRz,
P2_R01-033,0WE7CH_svHEwu__Y_yFh7c,shrub_plant,관목,산철쭉,H0.8 X W0.8,1,ea,C,NEW,PK.50.40.C,"[""PK.50.40.C"", ""PK.70.10.C""]","[""C_check"", ""C_shrubs""]",2,3$A$hZuEP0Dvy8NXIFeoRz,
P2_R01-034,0sqCSW6VbKWwOzemvAHx4f,shrub_plant,관목,산철쭉,H0.8 X W0.8,1,ea,C,NEW,PK.50.40.C,"[""PK.50.40.C"", ""PK.70.10.C""]","[""C_check"", ""C_shrubs""]",2,3$A$hZuEP0Dvy8NXIFeoRz,
P2_R01-035,2UtYM$4UjPBgdtcl805iSg,shrub_plant,관목,산철쭉,H0.8 X W0.8,1,ea,C,NEW,PK.50.40.C,"[""PK.50.40.C"", ""PK.70.10.C""]","[""C_check"", ""C_shrubs""]",2,3$A$hZuEP0Dvy8NXIFeoRz,
P2_R01-036,3UhjmgyvzLGe4E1xpaT281,shrub_plant,관목,산철쭉,H0.8 X W0.8,1,ea,C,NEW,PK.50.40.C,"[""PK.50.40.C"", ""PK.70.10.C""]","[""C_check"", ""C_shrubs""]",2,3$A$hZuEP0Dvy8NXIFeoRz,
P2_R01-037,332da6BW9T7hgBDCyG$qIB,shrub_plant,관목,산철쭉,H0.8 X W0.8,1,ea,C,NEW,PK.50.40.C,"[""PK.50.40.C"", ""PK.70.10.C""]","[""C_check"", ""C_shrubs""]",2,3$A$hZuEP0Dvy8NXIFeoRz,
P2_R01-038,3X_rUDE$XGaBKeWbaVk_Mn,shrub_plant,관목,산철쭉,H0.8 X W0.8,1,ea,C,NEW,PK.50.40.C,"[""PK.50.40.C"", ""PK.70.10.C""]","[""C_check"", ""C_shrubs""]",2,3$A$hZuEP0Dvy8NXIFeoRz,
P2_R01-039,3OOfrZ5IvK5v8UUZL9DMSy,shrub_plant,관목,산철쭉,H0.8 X W0.8,1,ea,C,NEW,PK.50.40.C,"[""PK.50.40.C"", ""PK.70.10.C""]","[""C_check"", ""C_shrubs""]",2,3$A$hZuEP0Dvy8NXIFeoRz,
P2_R01-040,22VR0GGFnLHwHwsrZkp8hU,shrub_plant,관목,산철쭉,H0.8 X W0.8,1,ea,C,NEW,PK.50.40.C,"[""PK.50.40.C"", ""PK.70.10.C""]","[""C_check"", ""C_shrubs""]",2,3$A$hZuEP0Dvy8NXIFeoRz,
P2_R01-041,0hsfchUavJkv9jOPB5RNEC,shrub_plant,관목,산철쭉,H0.8 X W0.8,1,ea,C,NEW,PK.50.40.C,"[""PK.50.40.C"", ""PK.70.10.C""]","[""C_check"", ""C_shrubs""]",2,3$A$hZuEP0Dvy8NXIFeoRz,
P2_R01-042,04qRRWAcTO_gwFwfM5jaMj,shrub_plant,관목,산철쭉,H0.8 X W0.8,1,ea,C,NEW,PK.50.40.C,"[""PK.50.40.C"", ""PK.70.10.C""]","[""C_check"", ""C_shrubs""]",2,3$A$hZuEP0Dvy8NXIFeoRz,
P2_R01-043,1b5YLbJRfHkxMeideaf$tb,shrub_plant,관목,산철쭉,H0.8 X W0.8,1,ea,C,NEW,PK.50.40.C,"[""PK.50.40.C"", ""PK.70.10.C""]","[""C_check"", ""C_shrubs""]",2,3$A$hZuEP0Dvy8NXIFeoRz,
P2_R01-044,1cXU67b01RBwWlQ0sIjF8q,shrub_plant,관목,산철쭉,H0.8 X W0.8,1,ea,C,NEW,PK.50.40.C,"[""PK.50.40.C"", ""PK.70.10.C""]","[""C_check"", ""C_shrubs""]",2,3$A$hZuEP0Dvy8NXIFeoRz,
P2_R01-045,2lhYeSKxnKyeF01tkamezD,shrub_plant,관목,산철쭉,H0.8 X W0.8,1,ea,C,NEW,PK.50.40.C,"[""PK.50.40.C"", ""PK.70.10.C""]","[""C_check"", ""C_shrubs""]",2,3$A$hZuEP0Dvy8NXIFeoRz,
P2_R01-046,1iB4cfnWvQUgU40c96NSeb,shrub_plant,관목,산철쭉,H0.8 X W0.8,1,ea,C,NEW,PK.50.40.C,"[""PK.50.40.C"", ""PK.70.10.C""]","[""C_check"", ""C_shrubs""]",2,3$A$hZuEP0Dvy8NXIFeoRz,
P2_R01-047,1i1CVDVVTOPg96a5YMDbRW,shrub_plant,관목,산철쭉,H0.8 X W0.8,1,ea,C,NEW,PK.50.40.C,"[""PK.50.40.C"", ""PK.70.10.C""]","[""C_check"", ""C_shrubs""]",2,3$A$hZuEP0Dvy8NXIFeoRz,
P2_Y03-001,3_rpQllVbOKfblemkjIv1I,shrub_plant,관목,영산홍,H0.6 X W0.8,1,ea,C,NEW,PK.50.40.C,"[""PK.50.40.C"", ""PK.70.10.C""]","[""C_check"", ""C_shrubs""]",2,1yPXjYZdX0pQPHGOXqvwN2,
P2_Y03-002,2TEQw3VtHRJOvGuL3w7icu,shrub_plant,관목,영산홍,H0.6 X W0.8,1,ea,C,NEW,PK.50.40.C,"[""PK.50.40.C"", ""PK.70.10.C""]","[""C_check"", ""C_shrubs""]",2,1yPXjYZdX0pQPHGOXqvwN2,
P2_Y03-003,1jNJ1$M$9HSeb8WpIsSwlG,shrub_plant,관목,영산홍,H0.6 X W0.8,1,ea,C,NEW,PK.50.40.C,"[""PK.50.40.C"", ""PK.70.10.C""]","[""C_check"", ""C_shrubs""]",2,1yPXjYZdX0pQPHGOXqvwN2,
P2_Y03-004,0XX$FtAyjGVgnbgQJEWSin,shrub_plant,관목,영산홍,H0.6 X W0.8,1,ea,C,NEW,PK.50.40.C,"[""PK.50.40.C"", ""PK.70.10.C""]","[""C_check"", ""C_shrubs""]",2,1yPXjYZdX0pQPHGOXqvwN2,
P2_Y03-005,2R1garEgzJqQdDOxL4EGZd,shrub_plant,관목,영산홍,H0.6 X W0.8,1,ea,C,NEW,PK.50.40.C,"[""PK.50.40.C"", ""PK.70.10.C""]","[""C_check"", ""C_shrubs""]",2,1yPXjYZdX0pQPHGOXqvwN2,
P2_Y03-006,2xeA4GoC1MrxClbzjvQpFg,shrub_plant,관목,영산홍,H0.6 X W0.8,1,ea,C,NEW,PK.50.40.C,"[""PK.50.40.C"", ""PK.70.10.C""]","[""C_check"", ""C_shrubs""]",2,1yPXjYZdX0pQPHGOXqvwN2,
P2_Y03-007,1SRa8RzgfRkxR207mDqr$c,shrub_plant,관목,영산홍,H0.6 X W0.8,1,ea,C,NEW,PK.50.40.C,"[""PK.50.40.C"", ""PK.70.10.C""]","[""C_check"", ""C_shrubs""]",2,1yPXjYZdX0pQPHGOXqvwN2,
P2_Y03-008,3Oam7eeNHQR8tsNmWH62G3,shrub_plant,관목,영산홍,H0.6 X W0.8,1,ea,C,NEW,PK.50.40.C,"[""PK.50.40.C"", ""PK.70.10.C""]","[""C_check"", ""C_shrubs""]",2,1yPXjYZdX0pQPHGOXqvwN2,
P2_Y03-009,1lFlgqWz5RIwOAfsPpjM0S,shrub_plant,관목,영산홍,H0.6 X W0.8,1,ea,C,NEW,PK.50.40.C,"[""PK.50.40.C"", ""PK.70.10.C""]","[""C_check"", ""C_shrubs""]",2,1yPXjYZdX0pQPHGOXqvwN2,
P2_Y03-010,1WZE4OrrPPwBEzCUJ5zZ_w,shrub_plant,관목,영산홍,H0.6 X W0.8,1,ea,C,NEW,PK.50.40.C,"[""PK.50.40.C"", ""PK.70.10.C""]","[""C_check"", ""C_shrubs""]",2,1yPXjYZdX0pQPHGOXqvwN2,
P2_Y03-011,1wmWB5nmDSegOMAHezrpBG,shrub_plant,관목,영산홍,H0.6 X W0.8,1,ea,C,NEW,PK.50.40.C,"[""PK.50.40.C"", ""PK.70.10.C""]","[""C_check"", ""C_shrubs""]",2,1yPXjYZdX0pQPHGOXqvwN2,
P2_Y03-012,2cPvD2fnvR0h2_hIa1ZYZ$,shrub_plant,관목,영산홍,H0.6 X W0.8,1,ea,C,NEW,PK.50.40.C,"[""PK.50.40.C"", ""PK.70.10.C""]","[""C_check"", ""C_shrubs""]",2,1yPXjYZdX0pQPHGOXqvwN2,
P2_Y03-013,1MXInfX6HOw9g5nFD7NE9T,shrub_plant,관목,영산홍,H0.6 X W0.8,1,ea,C,NEW,PK.50.40.C,"[""PK.50.40.C"", ""PK.70.10.C""]","[""C_check"", ""C_shrubs""]",2,1yPXjYZdX0pQPHGOXqvwN2,
P2_Y03-014,0FJDb0HT1NLOeuAkLS$260,shrub_plant,관목,영산홍,H0.6 X W0.8,1,ea,C,NEW,PK.50.40.C,"[""PK.50.40.C"", ""PK.70.10.C""]","[""C_check"", ""C_shrubs""]",2,1yPXjYZdX0pQPHGOXqvwN2,
P2_Y03-015,0TZ2bvMiXRYRpKUnAIi8dU,shrub_plant,관목,영산홍,H0.6 X W0.8,1,ea,C,NEW,PK.50.40.C,"[""PK.50.40.C"", ""PK.70.10.C""]","[""C_check"", ""C_shrubs""]",2,1yPXjYZdX0pQPHGOXqvwN2,
P2_Y03-016,14dhcChK5N4O5dYSVcfWZV,shrub_plant,관목,영산홍,H0.6 X W0.8,1,ea,C,NEW,PK.50.40.C,"[""PK.50.40.C"", ""PK.70.10.C""]","[""C_check"", ""C_shrubs""]",2,1yPXjYZdX0pQPHGOXqvwN2,
P2_Y03-017,1U2sW7_UzLGOQZcg_mbc6L,shrub_plant,관목,영산홍,H0.6 X W0.8,1,ea,C,NEW,PK.50.40.C,"[""PK.50.40.C"", ""PK.70.10.C""]","[""C_check"", ""C_shrubs""]",2,1yPXjYZdX0pQPHGOXqvwN2,
P2_Y03-018,0wxp2FKufGF9CgIHqG7vIV,shrub_plant,관목,영산홍,H0.6 X W0.8,1,ea,C,NEW,PK.50.40.C,"[""PK.50.40.C"", ""PK.70.10.C""]","[""C_check"", ""C_shrubs""]",2,1yPXjYZdX0pQPHGOXqvwN2,
P2_Y03-019,2Qhob$ZwrGhhJeaab6lk4r,shrub_plant,관목,영산홍,H0.6 X W0.8,1,ea,C,NEW,PK.50.40.C,"[""PK.50.40.C"", ""PK.70.10.C""]","[""C_check"", ""C_shrubs""]",2,1yPXjYZdX0pQPHGOXqvwN2,
P2_Y03-020,2CRwX2vYrHxuBb_d74xVNu,shrub_plant,관목,영산홍,H0.6 X W0.8,1,ea,C,NEW,PK.50.40.C,"[""PK.50.40.C"", ""PK.70.10.C""]","[""C_check"", ""C_shrubs""]",2,1yPXjYZdX0pQPHGOXqvwN2,
P2_Y03-021,0X6IVkqYvHOArC0TbYZ6Ky,shrub_plant,관목,영산홍,H0.6 X W0.8,1,ea,C,NEW,PK.50.40.C,"[""PK.50.40.C"", ""PK.70.10.C""]","[""C_check"", ""C_shrubs""]",2,1yPXjYZdX0pQPHGOXqvwN2,
P2_Y03-022,2Een$xhZLQtBprPRjXwSrK,shrub_plant,관목,영산홍,H0.6 X W0.8,1,ea,C,NEW,PK.50.40.C,"[""PK.50.40.C"", ""PK.70.10.C""]","[""C_check"", ""C_shrubs""]",2,1yPXjYZdX0pQPHGOXqvwN2,
P2_Y03-023,3r7QguALTTHOEkw4oViYzi,shrub_plant,관목,영산홍,H0.6 X W0.8,1,ea,C,NEW,PK.50.40.C,"[""PK.50.40.C"", ""PK.70.10.C""]","[""C_check"", ""C_shrubs""]",2,1yPXjYZdX0pQPHGOXqvwN2,
P2_Y03-024,13G5qfv5LLFfJlpK6KhaB5,shrub_plant,관목,영산홍,H0.6 X W0.8,1,ea,C,NEW,PK.50.40.C,"[""PK.50.40.C"", ""PK.70.10.C""]","[""C_check"", ""C_shrubs""]",2,1yPXjYZdX0pQPHGOXqvwN2,
P2_Y03-025,3FFY3dSpDQdwABK7vkCFjD,shrub_plant,관목,영산홍,H0.6 X W0.8,1,ea,C,NEW,PK.50.40.C,"[""PK.50.40.C"", ""PK.70.10.C""]","[""C_check"", ""C_shrubs""]",2,1yPXjYZdX0pQPHGOXqvwN2,
P2_R02-001,0NOcLDmK1RyxPPku_YxLvo,shrub_plant,관목,산철쭉,H0.8 X W0.8,1,ea,A,NEW,PK.50.40.A,"[""PK.50.40.A"", ""PK.70.10.A""]","[""A_check"", ""A_shrubs""]",2,3$A$hZuEP0Dvy8NXIFeoRz,
P2_R02-002,2pUS92w95TcRN8FxZC6Yof,shrub_plant,관목,산철쭉,H0.8 X W0.8,1,ea,A,NEW,PK.50.40.A,"[""PK.50.40.A"", ""PK.70.10.A""]","[""A_check"", ""A_shrubs""]",2,3$A$hZuEP0Dvy8NXIFeoRz,
P2_R02-003,2S35Jn_yHKlfgu77aNwLSO,shrub_plant,관목,산철쭉,H0.8 X W0.8,1,ea,A,NEW,PK.50.40.A,"[""PK.50.40.A"", ""PK.70.10.A""]","[""A_check"", ""A_shrubs""]",2,3$A$hZuEP0Dvy8NXIFeoRz,
P2_R02-004,389TMcoWHIEBW0hGct0HR1,shrub_plant,관목,산철쭉,H0.8 X W0.8,1,ea,A,NEW,PK.50.40.A,"[""PK.50.40.A"", ""PK.70.10.A""]","[""A_check"", ""A_shrubs""]",2,3$A$hZuEP0Dvy8NXIFeoRz,
P2_R02-005,1lJgl9NtDH$9x6IJ6ddIjm,shrub_plant,관목,산철쭉,H0.8 X W0.8,1,ea,A,NEW,PK.50.40.A,"[""PK.50.40.A"", ""PK.70.10.A""]","[""A_check"", ""A_shrubs""]",2,3$A$hZuEP0Dvy8NXIFeoRz,
P2_R02-006,3Cc4KmW_XVrPrfzYR1K5G4,shrub_plant,관목,산철쭉,H0.8 X W0.8,1,ea,A,NEW,PK.50.40.A,"[""PK.50.40.A"", ""PK.70.10.A""]","[""A_check"", ""A_shrubs""]",2,3$A$hZuEP0Dvy8NXIFeoRz,
P2_R02-007,0rzb2RswjPQeFd7CYSFE8f,shrub_plant,관목,산철쭉,H0.8 X W0.8,1,ea,A,NEW,PK.50.40.A,"[""PK.50.40.A"", ""PK.70.10.A""]","[""A_check"", ""A_shrubs""]",2,3$A$hZuEP0Dvy8NXIFeoRz,
P2_R02-008,3l3AV1eEzHeuBHUFaFYcdc,shrub_plant,관목,산철쭉,H0.8 X W0.8,1,ea,A,NEW,PK.50.40.A,"[""PK.50.40.A"", ""PK.70.10.A""]","[""A_check"", ""A_shrubs""]",2,3$A$hZuEP0Dvy8NXIFeoRz,
P2_R02-009,1VOQ1x1_9JoPUFPRbU8s53,shrub_plant,관목,산철쭉,H0.8 X W0.8,1,ea,A,NEW,PK.50.40.A,"[""PK.50.40.A"", ""PK.70.10.A""]","[""A_check"", ""A_shrubs""]",2,3$A$hZuEP0Dvy8NXIFeoRz,
P2_R02-010,3Uj3o9yqzNPeYVitmK5Vfd,shrub_plant,관목,산철쭉,H0.8 X W0.8,1,ea,A,NEW,PK.50.40.A,"[""PK.50.40.A"", ""PK.70.10.A""]","[""A_check"", ""A_shrubs""]",2,3$A$hZuEP0Dvy8NXIFeoRz,
P2_R02-011,2e0VzmrqHUvvc7SFUf0epD,shrub_plant,관목,산철쭉,H0.8 X W0.8,1,ea,A,NEW,PK.50.40.A,"[""PK.50.40.A"", ""PK.70.10.A""]","[""A_check"", ""A_shrubs""]",2,3$A$hZuEP0Dvy8NXIFeoRz,
P2_R02-012,3_9O9H6q9PPgqYf5wFk2v_,shrub_plant,관목,산철쭉,H0.8 X W0.8,1,ea,A,NEW,PK.50.40.A,"[""PK.50.40.A"", ""PK.70.10.A""]","[""A_check"", ""A_shrubs""]",2,3$A$hZuEP0Dvy8NXIFeoRz,
P2_R02-013,3mKluvyzHGxOUE$H1Cpzgk,shrub_plant,관목,산철쭉,H0.8 X W0.8,1,ea,A,NEW,PK.50.40.A,"[""PK.50.40.A"", ""PK.70.10.A""]","[""A_check"", ""A_shrubs""]",2,3$A$hZuEP0Dvy8NXIFeoRz,
P2_R02-014,1vzNIh6RvSUgetsWoedXlG,shrub_plant,관목,산철쭉,H0.8 X W0.8,1,ea,A,NEW,PK.50.40.A,"[""PK.50.40.A"", ""PK.70.10.A""]","[""A_check"", ""A_shrubs""]",2,3$A$hZuEP0Dvy8NXIFeoRz,
P2_R02-015,1JXzoiQubQox9fxIN3wiXz,shrub_plant,관목,산철쭉,H0.8 X W0.8,1,ea,A,NEW,PK.50.40.A,"[""PK.50.40.A"", ""PK.70.10.A""]","[""A_check"", ""A_shrubs""]",2,3$A$hZuEP0Dvy8NXIFeoRz,
P2_R02-016,2$_yfp4JzNGPUVHrfXtTmE,shrub_plant,관목,산철쭉,H0.8 X W0.8,1,ea,A,NEW,PK.50.40.A,"[""PK.50.40.A"", ""PK.70.10.A""]","[""A_check"", ""A_shrubs""]",2,3$A$hZuEP0Dvy8NXIFeoRz,
P2_R02-017,20A6phFRHS1xAG_Blm5BKx,shrub_plant,관목,산철쭉,H0.8 X W0.8,1,ea,A,NEW,PK.50.40.A,"[""PK.50.40.A"", ""PK.70.10.A""]","[""A_check"", ""A_shrubs""]",2,3$A$hZuEP0Dvy8NXIFeoRz,
P2_R02-018,1ewi3oDerSCQlcciN_MjN8,shrub_plant,관목,산철쭉,H0.8 X W0.8,1,ea,A,NEW,PK.50.40.A,"[""PK.50.40.A"", ""PK.70.10.A""]","[""A_check"", ""A_shrubs""]",2,3$A$hZuEP0Dvy8NXIFeoRz,
P2_R02-019,3pH_owQJzU9OnhVDeJowdf,shrub_plant,관목,산철쭉,H0.8 X W0.8,1,ea,A,NEW,PK.50.40.A,"[""PK.50.40.A"", ""PK.70.10.A""]","[""A_check"", ""A_shrubs""]",2,3$A$hZuEP0Dvy8NXIFeoRz,
P2_R02-020,3jr$ki6TTNPfLiWWseG7UI,shrub_plant,관목,산철쭉,H0.8 X W0.8,1,ea,A,NEW,PK.50.40.A,"[""PK.50.40.A"", ""PK.70.10.A""]","[""A_check"", ""A_shrubs""]",2,3$A$hZuEP0Dvy8NXIFeoRz,
P2_R02-021,1I7iduzYTSOPl8fx_RCCb8,shrub_plant,관목,산철쭉,H0.8 X W0.8,1,ea,A,NEW,PK.50.40.A,"[""PK.50.40.A"", ""PK.70.10.A""]","[""A_check"", ""A_shrubs""]",2,3$A$hZuEP0Dvy8NXIFeoRz,
P2_R02-022,1T87eT6F1I_x6ntrAvvkJW,shrub_plant,관목,산철쭉,H0.8 X W0.8,1,ea,A,NEW,PK.50.40.A,"[""PK.50.40.A"", ""PK.70.10.A""]","[""A_check"", ""A_shrubs""]",2,3$A$hZuEP0Dvy8NXIFeoRz,
P2_R02-023,1GEAIBrLTLSBDG949FaBgK,shrub_plant,관목,산철쭉,H0.8 X W0.8,1,ea,A,NEW,PK.50.40.A,"[""PK.50.40.A"", ""PK.70.10.A""]","[""A_check"", ""A_shrubs""]",2,3$A$hZuEP0Dvy8NXIFeoRz,
P2_R02-024,3L66KKSsjGTOIx$9D080Qj,shrub_plant,관목,산철쭉,H0.8 X W0.8,1,ea,A,NEW,PK.50.40.A,"[""PK.50.40.A"", ""PK.70.10.A""]","[""A_check"", ""A_shrubs""]",2,3$A$hZuEP0Dvy8NXIFeoRz,
P2_R02-025,1rSoEKOrrLjuNJASoUyFow,shrub_plant,관목,산철쭉,H0.8 X W0.8,1,ea,A,NEW,PK.50.40.A,"[""PK.50.40.A"", ""PK.70.10.A""]","[""A_check"", ""A_shrubs""]",2,3$A$hZuEP0Dvy8NXIFeoRz,
P2_R02-026,0BzQ9BbffTyBTLA9XolhG9,shrub_plant,관목,산철쭉,H0.8 X W0.8,1,ea,A,NEW,PK.50.40.A,"[""PK.50.40.A"", ""PK.70.10.A""]","[""A_check"", ""A_shrubs""]",2,3$A$hZuEP0Dvy8NXIFeoRz,
P2_R02-027,2a4oM_B1jVRvQEICrE13ac,shrub_plant,관목,산철쭉,H0.8 X W0.8,1,ea,A,NEW,PK.50.40.A,"[""PK.50.40.A"", ""PK.70.10.A""]","[""A_check"", ""A_shrubs""]",2,3$A$hZuEP0Dvy8NXIFeoRz,
P2_R02-028,2MZHCh7srU$90y796R7mKN,shrub_plant,관목,산철쭉,H0.8 X W0.8,1,ea,A,NEW,PK.50.40.A,"[""PK.50.40.A"", ""PK.70.10.A""]","[""A_check"", ""A_shrubs""]",2,3$A$hZuEP0Dvy8NXIFeoRz,
P2_R02-029,03LXHLDYrLZgRBgt0B5ug8,shrub_plant,관목,산철쭉,H0.8 X W0.8,1,ea,A,NEW,PK.50.40.A,"[""PK.50.40.A"", ""PK.70.10.A""]","[""A_check"", ""A_shrubs""]",2,3$A$hZuEP0Dvy8NXIFeoRz,
P2_R02-030,1zL4l49J9PqRnIo1mhZOOI,shrub_plant,관목,산철쭉,H0.8 X W0.8,1,ea,A,NEW,PK.50.40.A,"[""PK.50.40.A"", ""PK.70.10.A""]","[""A_check"", ""A_shrubs""]",2,3$A$hZuEP0Dvy8NXIFeoRz,
P2_R02-031,0OqzYadAPSUAYA3yEYUJ1M,shrub_plant,관목,산철쭉,H0.8 X W0.8,1,ea,A,NEW,PK.50.40.A,"[""PK.50.40.A"", ""PK.70.10.A""]","[""A_check"", ""A_shrubs""]",2,3$A$hZuEP0Dvy8NXIFeoRz,
P2_R02-032,3wMGywESHNDOQ1KiHQj481,shrub_plant,관목,산철쭉,H0.8 X W0.8,1,ea,A,NEW,PK.50.40.A,"[""PK.50.40.A"", ""PK.70.10.A""]","[""A_check"", ""A_shrubs""]",2,3$A$hZuEP0Dvy8NXIFeoRz,
P2_R02-033,3Of1Dvci5RLQ9IA5Gub4d3,shrub_plant,관목,산철쭉,H0.8 X W0.8,1,ea,A,NEW,PK.50.40.A,"[""PK.50.40.A"", ""PK.70.10.A""]","[""A_check"", ""A_shrubs""]",2,3$A$hZuEP0Dvy8NXIFeoRz,
P2_R02-034,1_3C2MWYLMn9MPKc_h9ZV9,shrub_plant,관목,산철쭉,H0.8 X W0.8,1,ea,A,NEW,PK.50.40.A,"[""PK.50.40.A"", ""PK.70.10.A""]","[""A_check"", ""A_shrubs""]",2,3$A$hZuEP0Dvy8NXIFeoRz,
P2_R02-035,1FXdfD74LKYB5fvlt5e0TW,shrub_plant,관목,산철쭉,H0.8 X W0.8,1,ea,A,NEW,PK.50.40.A,"[""PK.50.40.A"", ""PK.70.10.A""]","[""A_check"", ""A_shrubs""]",2,3$A$hZuEP0Dvy8NXIFeoRz,
P2_R02-036,1TK0P9WcnSbwTGrPPbGgaT,shrub_plant,관목,산철쭉,H0.8 X W0.8,1,ea,A,NEW,PK.50.40.A,"[""PK.50.40.A"", ""PK.70.10.A""]","[""A_check"", ""A_shrubs""]",2,3$A$hZuEP0Dvy8NXIFeoRz,
P2_R02-037,3HrU74XFTHphBe9TQaaRrP,shrub_plant,관목,산철쭉,H0.8 X W0.8,1,ea,A,NEW,PK.50.40.A,"[""PK.50.40.A"", ""PK.70.10.A""]","[""A_check"", ""A_shrubs""]",2,3$A$hZuEP0Dvy8NXIFeoRz,
P2_Y04-001,3m64OmMfjGNPiNnBM6wcB9,shrub_plant,관목,영산홍,H0.6 X W0.8,1,ea,A,NEW,PK.50.40.A,"[""PK.50.40.A"", ""PK.70.10.A""]","[""A_check"", ""A_shrubs""]",2,1yPXjYZdX0pQPHGOXqvwN2,
P2_Y04-002,2N2DTb7$9MtQDkuUWmZZVJ,shrub_plant,관목,영산홍,H0.6 X W0.8,1,ea,A,NEW,PK.50.40.A,"[""PK.50.40.A"", ""PK.70.10.A""]","[""A_check"", ""A_shrubs""]",2,1yPXjYZdX0pQPHGOXqvwN2,
P2_Y04-003,2223tC855On8C4DJOXMAb4,shrub_plant,관목,영산홍,H0.6 X W0.8,1,ea,A,NEW,PK.50.40.A,"[""PK.50.40.A"", ""PK.70.10.A""]","[""A_check"", ""A_shrubs""]",2,1yPXjYZdX0pQPHGOXqvwN2,
P2_Y04-004,1Y$UmqWWbHePd3AaNu64oU,shrub_plant,관목,영산홍,H0.6 X W0.8,1,ea,A,NEW,PK.50.40.A,"[""PK.50.40.A"", ""PK.70.10.A""]","[""A_check"", ""A_shrubs""]",2,1yPXjYZdX0pQPHGOXqvwN2,
P2_Y04-005,1bCFD0MNDGmeTZbv72uOft,shrub_plant,관목,영산홍,H0.6 X W0.8,1,ea,A,NEW,PK.50.40.A,"[""PK.50.40.A"", ""PK.70.10.A""]","[""A_check"", ""A_shrubs""]",2,1yPXjYZdX0pQPHGOXqvwN2,
P2_Y04-006,3lbQlQ9L5PzxF9CfV5fscz,shrub_plant,관목,영산홍,H0.6 X W0.8,1,ea,A,NEW,PK.50.40.A,"[""PK.50.40.A"", ""PK.70.10.A""]","[""A_check"", ""A_shrubs""]",2,1yPXjYZdX0pQPHGOXqvwN2,
P2_Y04-007,3494JPDYbO9ffLV8cpEcCq,shrub_plant,관목,영산홍,H0.6 X W0.8,1,ea,A,NEW,PK.50.40.A,"[""PK.50.40.A"", ""PK.70.10.A""]","[""A_check"", ""A_shrubs""]",2,1yPXjYZdX0pQPHGOXqvwN2,
P2_Y04-008,1qka4H2MHQmgZcr$Wv7MqY,shrub_plant,관목,영산홍,H0.6 X W0.8,1,ea,A,NEW,PK.50.40.A,"[""PK.50.40.A"", ""PK.70.10.A""]","[""A_check"", ""A_shrubs""]",2,1yPXjYZdX0pQPHGOXqvwN2,
P2_Y04-009,2NCSPis6zQYPR7qpl_zWSD,shrub_plant,관목,영산홍,H0.6 X W0.8,1,ea,A,NEW,PK.50.40.A,"[""PK.50.40.A"", ""PK.70.10.A""]","[""A_check"", ""A_shrubs""]",2,1yPXjYZdX0pQPHGOXqvwN2,
P2_Y04-010,0le66vJSXQSwp_suDFHCJN,shrub_plant,관목,영산홍,H0.6 X W0.8,1,ea,A,NEW,PK.50.40.A,"[""PK.50.40.A"", ""PK.70.10.A""]","[""A_check"", ""A_shrubs""]",2,1yPXjYZdX0pQPHGOXqvwN2,
P2_Y04-011,1f_o1rDufVhxlde8Y$Es93,shrub_plant,관목,영산홍,H0.6 X W0.8,1,ea,A,NEW,PK.50.40.A,"[""PK.50.40.A"", ""PK.70.10.A""]","[""A_check"", ""A_shrubs""]",2,1yPXjYZdX0pQPHGOXqvwN2,
P2_Y04-012,3C7_j1JBLNIftrCPFEfgqj,shrub_plant,관목,영산홍,H0.6 X W0.8,1,ea,A,NEW,PK.50.40.A,"[""PK.50.40.A"", ""PK.70.10.A""]","[""A_check"", ""A_shrubs""]",2,1yPXjYZdX0pQPHGOXqvwN2,
P2_Y04-013,0O9WTXxLbNkRHG3MVkOsH8,shrub_plant,관목,영산홍,H0.6 X W0.8,1,ea,A,NEW,PK.50.40.A,"[""PK.50.40.A"", ""PK.70.10.A""]","[""A_check"", ""A_shrubs""]",2,1yPXjYZdX0pQPHGOXqvwN2,
P2_Y04-014,0invy$IxDIxOnUb6CaC_HX,shrub_plant,관목,영산홍,H0.6 X W0.8,1,ea,A,NEW,PK.50.40.A,"[""PK.50.40.A"", ""PK.70.10.A""]","[""A_check"", ""A_shrubs""]",2,1yPXjYZdX0pQPHGOXqvwN2,
P2_Y04-015,1MXI1PwuLIifHD3$ftKd7Q,shrub_plant,관목,영산홍,H0.6 X W0.8,1,ea,A,NEW,PK.50.40.A,"[""PK.50.40.A"", ""PK.70.10.A""]","[""A_check"", ""A_shrubs""]",2,1yPXjYZdX0pQPHGOXqvwN2,
P2_Y04-016,0dK$Y7nzXIq9bjnqXx4o$6,shrub_plant,관목,영산홍,H0.6 X W0.8,1,ea,A,NEW,PK.50.40.A,"[""PK.50.40.A"", ""PK.70.10.A""]","[""A_check"", ""A_shrubs""]",2,1yPXjYZdX0pQPHGOXqvwN2,
P2_Y04-017,1s3bfjxHfOWwZyu8YdOjfg,shrub_plant,관목,영산홍,H0.6 X W0.8,1,ea,A,NEW,PK.50.40.A,"[""PK.50.40.A"", ""PK.70.10.A""]","[""A_check"", ""A_shrubs""]",2,1yPXjYZdX0pQPHGOXqvwN2,
P2_Y04-018,3GXVorGNLHmfI6vvmqAnw2,shrub_plant,관목,영산홍,H0.6 X W0.8,1,ea,A,NEW,PK.50.40.A,"[""PK.50.40.A"", ""PK.70.10.A""]","[""A_check"", ""A_shrubs""]",2,1yPXjYZdX0pQPHGOXqvwN2,
P2_Y04-019,0iEsXvz0LLf9xvmTZ90clT,shrub_plant,관목,영산홍,H0.6 X W0.8,1,ea,A,NEW,PK.50.40.A,"[""PK.50.40.A"", ""PK.70.10.A""]","[""A_check"", ""A_shrubs""]",2,1yPXjYZdX0pQPHGOXqvwN2,
P2_Y04-020,3gf8DQCLDKzuWiKIaIv5Ff,shrub_plant,관목,영산홍,H0.6 X W0.8,1,ea,A,NEW,PK.50.40.A,"[""PK.50.40.A"", ""PK.70.10.A""]","[""A_check"", ""A_shrubs""]",2,1yPXjYZdX0pQPHGOXqvwN2,
P2_Y04-021,1qrELowbjKMuaYxPZuRof1,shrub_plant,관목,영산홍,H0.6 X W0.8,1,ea,A,NEW,PK.50.40.A,"[""PK.50.40.A"", ""PK.70.10.A""]","[""A_check"", ""A_shrubs""]",2,1yPXjYZdX0pQPHGOXqvwN2,
P2_Y04-022,0wszkpkMjJ2QnmvAFMuvs5,shrub_plant,관목,영산홍,H0.6 X W0.8,1,ea,A,NEW,PK.50.40.A,"[""PK.50.40.A"", ""PK.70.10.A""]","[""A_check"", ""A_shrubs""]",2,1yPXjYZdX0pQPHGOXqvwN2,
P2_Y04-023,1$lgYtyVDGlPcqJTd0WJf_,shrub_plant,관목,영산홍,H0.6 X W0.8,1,ea,A,NEW,PK.50.40.A,"[""PK.50.40.A"", ""PK.70.10.A""]","[""A_check"", ""A_shrubs""]",2,1yPXjYZdX0pQPHGOXqvwN2,
P2_Y04-024,3EjK6IReLIqee0389T0RiS,shrub_plant,관목,영산홍,H0.6 X W0.8,1,ea,A,NEW,PK.50.40.A,"[""PK.50.40.A"", ""PK.70.10.A""]","[""A_check"", ""A_shrubs""]",2,1yPXjYZdX0pQPHGOXqvwN2,
P2_Y04-025,0ld97vuUjNqfxU89NDzJYC,shrub_plant,관목,영산홍,H0.6 X W0.8,1,ea,A,NEW,PK.50.40.A,"[""PK.50.40.A"", ""PK.70.10.A""]","[""A_check"", ""A_shrubs""]",2,1yPXjYZdX0pQPHGOXqvwN2,
P2_Y04-026,1B_7v0fQDL_eLewYpD3tcj,shrub_plant,관목,영산홍,H0.6 X W0.8,1,ea,A,NEW,PK.50.40.A,"[""PK.50.40.A"", ""PK.70.10.A""]","[""A_check"", ""A_shrubs""]",2,1yPXjYZdX0pQPHGOXqvwN2,
P2_Y05-001,0ZPSUhGmPMIudE7R8_GL_L,shrub_plant,관목,영산홍,H0.6 X W0.8,1,ea,D,NEW,PK.50.40.D,"[""PK.50.40.D"", ""PK.70.10.D""]","[""D_check"", ""D_shrubs""]",2,1yPXjYZdX0pQPHGOXqvwN2,
P2_Y05-002,22pnxWVNbMRuTUu0s8Ju5R,shrub_plant,관목,영산홍,H0.6 X W0.8,1,ea,D,NEW,PK.50.40.D,"[""PK.50.40.D"", ""PK.70.10.D""]","[""D_check"", ""D_shrubs""]",2,1yPXjYZdX0pQPHGOXqvwN2,
P2_Y05-003,0fONKxQ49V$Aex60nCOkZ2,shrub_plant,관목,영산홍,H0.6 X W0.8,1,ea,D,NEW,PK.50.40.D,"[""PK.50.40.D"", ""PK.70.10.D""]","[""D_check"", ""D_shrubs""]",2,1yPXjYZdX0pQPHGOXqvwN2,
P2_Y05-004,1pGR17_lLQfB5Dhng8iwoT,shrub_plant,관목,영산홍,H0.6 X W0.8,1,ea,B,NEW,PK.50.40.B,"[""PK.50.40.B"", ""PK.70.10.B""]","[""B_check"", ""B_shrubs""]",2,1yPXjYZdX0pQPHGOXqvwN2,
P2_Y05-005,1D5lnKnWXTDBVP2qySqGv0,shrub_plant,관목,영산홍,H0.6 X W0.8,1,ea,B,NEW,PK.50.40.B,"[""PK.50.40.B"", ""PK.70.10.B""]","[""B_check"", ""B_shrubs""]",2,1yPXjYZdX0pQPHGOXqvwN2,
P2_Y05-006,1O0jda4YbRFgQGMfI$OWEL,shrub_plant,관목,영산홍,H0.6 X W0.8,1,ea,B,NEW,PK.50.40.B,"[""PK.50.40.B"", ""PK.70.10.B""]","[""B_check"", ""B_shrubs""]",2,1yPXjYZdX0pQPHGOXqvwN2,
P2_Y05-007,3UM1qnkubLlhT31RGncCLg,shrub_plant,관목,영산홍,H0.6 X W0.8,1,ea,B,NEW,PK.50.40.B,"[""PK.50.40.B"", ""PK.70.10.B""]","[""B_check"", ""B_shrubs""]",2,1yPXjYZdX0pQPHGOXqvwN2,
P2_Y05-008,3PU_XRvK9Qjw_DaqpcA$jW,shrub_plant,관목,영산홍,H0.6 X W0.8,1,ea,B,NEW,PK.50.40.B,"[""PK.50.40.B"", ""PK.70.10.B""]","[""B_check"", ""B_shrubs""]",2,1yPXjYZdX0pQPHGOXqvwN2,
P2_Y05-009,0nI6IK7wzJmfh_ezfkphcl,shrub_plant,관목,영산홍,H0.6 X W0.8,1,ea,B,NEW,PK.50.40.B,"[""PK.50.40.B"", ""PK.70.10.B""]","[""B_check"", ""B_shrubs""]",2,1yPXjYZdX0pQPHGOXqvwN2,
P2_Y05-010,3nSKUZE6jL28f9dSelLaE_,shrub_plant,관목,영산홍,H0.6 X W0.8,1,ea,B,NEW,PK.50.40.B,"[""PK.50.40.B"", ""PK.70.10.B""]","[""B_check"", ""B_shrubs""]",2,1yPXjYZdX0pQPHGOXqvwN2,
P2_Y05-011,3WJL5_TWXSiA4Ld7l3o6kb,shrub_plant,관목,영산홍,H0.6 X W0.8,1,ea,B,NEW,PK.50.40.B,"[""PK.50.40.B"", ""PK.70.10.B""]","[""B_check"", ""B_shrubs""]",2,1yPXjYZdX0pQPHGOXqvwN2,
P2_Y05-012,0Dt9b8EV1K0xJ2Prg3Ngih,shrub_plant,관목,영산홍,H0.6 X W0.8,1,ea,B,NEW,PK.50.40.B,"[""PK.50.40.B"", ""PK.70.10.B""]","[""B_check"", ""B_shrubs""]",2,1yPXjYZdX0pQPHGOXqvwN2,
P2_Y05-013,3e09vQxibUqvML_82cDGu_,shrub_plant,관목,영산홍,H0.6 X W0.8,1,ea,B,NEW,PK.50.40.B,"[""PK.50.40.B"", ""PK.70.10.B""]","[""B_check"", ""B_shrubs""]",2,1yPXjYZdX0pQPHGOXqvwN2,
P2_Y05-014,2tBDQYDoDLWhZPYWzXywsr,shrub_plant,관목,영산홍,H0.6 X W0.8,1,ea,B,NEW,PK.50.40.B,"[""PK.50.40.B"", ""PK.70.10.B""]","[""B_check"", ""B_shrubs""]",2,1yPXjYZdX0pQPHGOXqvwN2,
P2_Y05-015,0pBJHhvLPJoxHa5XOCA2Ig,shrub_plant,관목,영산홍,H0.6 X W0.8,1,ea,B,NEW,PK.50.40.B,"[""PK.50.40.B"", ""PK.70.10.B""]","[""B_check"", ""B_shrubs""]",2,1yPXjYZdX0pQPHGOXqvwN2,
P2_Y05-016,3ZKaHgWUrKGv9MTIMhEPQW,shrub_plant,관목,영산홍,H0.6 X W0.8,1,ea,B,NEW,PK.50.40.B,"[""PK.50.40.B"", ""PK.70.10.B""]","[""B_check"", ""B_shrubs""]",2,1yPXjYZdX0pQPHGOXqvwN2,
P2_Y05-017,3fcLH6agDMXQPNZ7FJAJRb,shrub_plant,관목,영산홍,H0.6 X W0.8,1,ea,B,NEW,PK.50.40.B,"[""PK.50.40.B"", ""PK.70.10.B""]","[""B_check"", ""B_shrubs""]",2,1yPXjYZdX0pQPHGOXqvwN2,
P2_Y05-018,2u7Y7cJeTGt9L_Tben6QhV,shrub_plant,관목,영산홍,H0.6 X W0.8,1,ea,B,NEW,PK.50.40.B,"[""PK.50.40.B"", ""PK.70.10.B""]","[""B_check"", ""B_shrubs""]",2,1yPXjYZdX0pQPHGOXqvwN2,
P2_Y05-019,3_puH7FpTTFuG_5qU1BM5I,shrub_plant,관목,영산홍,H0.6 X W0.8,1,ea,B,NEW,PK.50.40.B,"[""PK.50.40.B"", ""PK.70.10.B""]","[""B_check"", ""B_shrubs""]",2,1yPXjYZdX0pQPHGOXqvwN2,
P2_Y05-020,3u8OqC_5jK2xza4MoOIPbS,shrub_plant,관목,영산홍,H0.6 X W0.8,1,ea,B,NEW,PK.50.40.B,"[""PK.50.40.B"", ""PK.70.10.B""]","[""B_check"", ""B_shrubs""]",2,1yPXjYZdX0pQPHGOXqvwN2,
P2_Y05-021,2Qmyd5yI1PrhwwBi2TCVRO,shrub_plant,관목,영산홍,H0.6 X W0.8,1,ea,B,NEW,PK.50.40.B,"[""PK.50.40.B"", ""PK.70.10.B""]","[""B_check"", ""B_shrubs""]",2,1yPXjYZdX0pQPHGOXqvwN2,
P2_Y05-022,3l7096eBPG3hMmb5xUCVPN,shrub_plant,관목,영산홍,H0.6 X W0.8,1,ea,B,NEW,PK.50.40.B,"[""PK.50.40.B"", ""PK.70.10.B""]","[""B_check"", ""B_shrubs""]",2,1yPXjYZdX0pQPHGOXqvwN2,
P2_Y05-023,1Yxig0mVXOTgwwJ2EkaXsU,shrub_plant,관목,영산홍,H0.6 X W0.8,1,ea,B,NEW,PK.50.40.B,"[""PK.50.40.B"", ""PK.70.10.B""]","[""B_check"", ""B_shrubs""]",2,1yPXjYZdX0pQPHGOXqvwN2,
P2_Y05-024,13D3MjA$1Qffje1Cm8iEfR,shrub_plant,관목,영산홍,H0.6 X W0.8,1,ea,B,NEW,PK.50.40.B,"[""PK.50.40.B"", ""PK.70.10.B""]","[""B_check"", ""B_shrubs""]",2,1yPXjYZdX0pQPHGOXqvwN2,
P2_Y05-025,3Tqb34$x1JEPiYpqmuTJTt,shrub_plant,관목,영산홍,H0.6 X W0.8,1,ea,B,NEW,PK.50.40.B,"[""PK.50.40.B"", ""PK.70.10.B""]","[""B_check"", ""B_shrubs""]",2,1yPXjYZdX0pQPHGOXqvwN2,
P2_Y05-026,07aXnrCvrORwKh8ZTb6QTH,shrub_plant,관목,영산홍,H0.6 X W0.8,1,ea,B,NEW,PK.50.40.B,"[""PK.50.40.B"", ""PK.70.10.B""]","[""B_check"", ""B_shrubs""]",2,1yPXjYZdX0pQPHGOXqvwN2,
P2_Y05-027,2P3TeYJXLQrePyG1iAR7sf,shrub_plant,관목,영산홍,H0.6 X W0.8,1,ea,B,NEW,PK.50.40.B,"[""PK.50.40.B"", ""PK.70.10.B""]","[""B_check"", ""B_shrubs""]",2,1yPXjYZdX0pQPHGOXqvwN2,
P2_Y05-028,3FiIGnQZLM49W8b6lmwsNn,shrub_plant,관목,영산홍,H0.6 X W0.8,1,ea,B,NEW,PK.50.40.B,"[""PK.50.40.B"", ""PK.70.10.B""]","[""B_check"", ""B_shrubs""]",2,1yPXjYZdX0pQPHGOXqvwN2,
P2_Y05-029,0_DoRG62rJ8v$6tcBCUnG1,shrub_plant,관목,영산홍,H0.6 X W0.8,1,ea,B,NEW,PK.50.40.B,"[""PK.50.40.B"", ""PK.70.10.B""]","[""B_check"", ""B_shrubs""]",2,1yPXjYZdX0pQPHGOXqvwN2,
P2_Y05-030,32WmS1wIjSzvFV9j2zXe5M,shrub_plant,관목,영산홍,H0.6 X W0.8,1,ea,B,NEW,PK.50.40.B,"[""PK.50.40.B"", ""PK.70.10.B""]","[""B_check"", ""B_shrubs""]",2,1yPXjYZdX0pQPHGOXqvwN2,
P2_Y05-031,1X8sDXN7TL5hElMgbb6SQj,shrub_plant,관목,영산홍,H0.6 X W0.8,1,ea,B,NEW,PK.50.40.B,"[""PK.50.40.B"", ""PK.70.10.B""]","[""B_check"", ""B_shrubs""]",2,1yPXjYZdX0pQPHGOXqvwN2,
P2_Y05-032,1JBJ$CL4HJTfr_ieTYIgHe,shrub_plant,관목,영산홍,H0.6 X W0.8,1,ea,B,NEW,PK.50.40.B,"[""PK.50.40.B"", ""PK.70.10.B""]","[""B_check"", ""B_shrubs""]",2,1yPXjYZdX0pQPHGOXqvwN2,
P2_Y05-033,2KCFH38IbOOw4J0v0p8stq,shrub_plant,관목,영산홍,H0.6 X W0.8,1,ea,B,NEW,PK.50.40.B,"[""PK.50.40.B"", ""PK.70.10.B""]","[""B_check"", ""B_shrubs""]",2,1yPXjYZdX0pQPHGOXqvwN2,
P2_Y05-034,18XPcFJw5QS9t994ykkanS,shrub_plant,관목,영산홍,H0.6 X W0.8,1,ea,B,NEW,PK.50.40.B,"[""PK.50.40.B"", ""PK.70.10.B""]","[""B_check"", ""B_shrubs""]",2,1yPXjYZdX0pQPHGOXqvwN2,
P2_Y05-035,0mLhjF4PTO2PpeN17M_tkR,shrub_plant,관목,영산홍,H0.6 X W0.8,1,ea,B,NEW,PK.50.40.B,"[""PK.50.40.B"", ""PK.70.10.B""]","[""B_check"", ""B_shrubs""]",2,1yPXjYZdX0pQPHGOXqvwN2,
P2_Y05-036,1DTxx2vZ1TBQ60HPkPaUiE,shrub_plant,관목,영산홍,H0.6 X W0.8,1,ea,B,NEW,PK.50.40.B,"[""PK.50.40.B"", ""PK.70.10.B""]","[""B_check"", ""B_shrubs""]",2,1yPXjYZdX0pQPHGOXqvwN2,
P2_Y05-037,0HhNQN3dzU9giGliwsED4O,shrub_plant,관목,영산홍,H0.6 X W0.8,1,ea,B,NEW,PK.50.40.B,"[""PK.50.40.B"", ""PK.70.10.B""]","[""B_check"", ""B_shrubs""]",2,1yPXjYZdX0pQPHGOXqvwN2,
P2_Y05-038,0kqPkEbfTQ2AlGqvLboRUX,shrub_plant,관목,영산홍,H0.6 X W0.8,1,ea,B,NEW,PK.50.40.B,"[""PK.50.40.B"", ""PK.70.10.B""]","[""B_check"", ""B_shrubs""]",2,1yPXjYZdX0pQPHGOXqvwN2,
P2_Y05-039,1NSY5$sCzNGRsbkGTn8VUX,shrub_plant,관목,영산홍,H0.6 X W0.8,1,ea,B,NEW,PK.50.40.B,"[""PK.50.40.B"", ""PK.70.10.B""]","[""B_check"", ""B_shrubs""]",2,1yPXjYZdX0pQPHGOXqvwN2,
P2_Y05-040,2Ty8LlMcnJGhojPT1OKsxH,shrub_plant,관목,영산홍,H0.6 X W0.8,1,ea,B,NEW,PK.50.40.B,"[""PK.50.40.B"", ""PK.70.10.B""]","[""B_check"", ""B_shrubs""]",2,1yPXjYZdX0pQPHGOXqvwN2,
P2_Y05-041,1VsfqHxaTTu8c_bzHG_oCw,shrub_plant,관목,영산홍,H0.6 X W0.8,1,ea,B,NEW,PK.50.40.B,"[""PK.50.40.B"", ""PK.70.10.B""]","[""B_check"", ""B_shrubs""]",2,1yPXjYZdX0pQPHGOXqvwN2,
P2_Y05-042,1eAJARv9jNNOoA0mdqLyDp,shrub_plant,관목,영산홍,H0.6 X W0.8,1,ea,B,NEW,PK.50.40.B,"[""PK.50.40.B"", ""PK.70.10.B""]","[""B_check"", ""B_shrubs""]",2,1yPXjYZdX0pQPHGOXqvwN2,
P2_Y05-043,0udROiGCLNeh4$2N$oyiXz,shrub_plant,관목,영산홍,H0.6 X W0.8,1,ea,B,NEW,PK.50.40.B,"[""PK.50.40.B"", ""PK.70.10.B""]","[""B_check"", ""B_shrubs""]",2,1yPXjYZdX0pQPHGOXqvwN2,
P2_Y05-044,1mSEqAolHQog3Up$NIirSw,shrub_plant,관목,영산홍,H0.6 X W0.8,1,ea,B,NEW,PK.50.40.B,"[""PK.50.40.B"", ""PK.70.10.B""]","[""B_check"", ""B_shrubs""]",2,1yPXjYZdX0pQPHGOXqvwN2,
P2_Y05-045,0iZTr0EQ1K5B631ba9Nif_,shrub_plant,관목,영산홍,H0.6 X W0.8,1,ea,B,NEW,PK.50.40.B,"[""PK.50.40.B"", ""PK.70.10.B""]","[""B_check"", ""B_shrubs""]",2,1yPXjYZdX0pQPHGOXqvwN2,
P2_Y05-046,0zr12AOhLLX9hRzf_z7WWP,shrub_plant,관목,영산홍,H0.6 X W0.8,1,ea,B,NEW,PK.50.40.B,"[""PK.50.40.B"", ""PK.70.10.B""]","[""B_check"", ""B_shrubs""]",2,1yPXjYZdX0pQPHGOXqvwN2,
P2_Y05-047,25W_jDA21RaeK1rJM5MQ92,shrub_plant,관목,영산홍,H0.6 X W0.8,1,ea,B,NEW,PK.50.40.B,"[""PK.50.40.B"", ""PK.70.10.B""]","[""B_check"", ""B_shrubs""]",2,1yPXjYZdX0pQPHGOXqvwN2,
P2_Y05-048,1NpaDk49rKAwaq$6SOMJ21,shrub_plant,관목,영산홍,H0.6 X W0.8,1,ea,B,NEW,PK.50.40.B,"[""PK.50.40.B"", ""PK.70.10.B""]","[""B_check"", ""B_shrubs""]",2,1yPXjYZdX0pQPHGOXqvwN2,
P2_S01-001,2JyKjlBSXOcO5cuCq3dnkQ,shrub_plant,관목,조팝나무,H1.0 X W0.5,1,ea,D,NEW,PK.50.40.D,"[""PK.50.40.D"", ""PK.70.10.D""]","[""D_check"", ""D_shrubs""]",2,1yPXjYZdX0pQPHGOXqvyJ8,
P2_S01-002,0Rtiubi8XK2O80exATHVbN,shrub_plant,관목,조팝나무,H1.0 X W0.5,1,ea,D,NEW,PK.50.40.D,"[""PK.50.40.D"", ""PK.70.10.D""]","[""D_check"", ""D_shrubs""]",2,1yPXjYZdX0pQPHGOXqvyJ8,
P2_S01-003,0EjZLAGHPLuBanm2d6ONIz,shrub_plant,관목,조팝나무,H1.0 X W0.5,1,ea,B,NEW,PK.50.40.B,"[""PK.50.40.B"", ""PK.70.10.B""]","[""B_check"", ""B_shrubs""]",2,1yPXjYZdX0pQPHGOXqvyJ8,
P2_S01-004,0Tr1YU8YfINPwtuA2wc7ao,shrub_plant,관목,조팝나무,H1.0 X W0.5,1,ea,B,NEW,PK.50.40.B,"[""PK.50.40.B"", ""PK.70.10.B""]","[""B_check"", ""B_shrubs""]",2,1yPXjYZdX0pQPHGOXqvyJ8,
P2_S01-005,28lJOQOb5QAxtJA6WBQpHv,shrub_plant,관목,조팝나무,H1.0 X W0.5,1,ea,B,NEW,PK.50.40.B,"[""PK.50.40.B"", ""PK.70.10.B""]","[""B_check"", ""B_shrubs""]",2,1yPXjYZdX0pQPHGOXqvyJ8,
P2_S01-006,3vg1su2VbG5wkhqCQBFr$r,shrub_plant,관목,조팝나무,H1.0 X W0.5,1,ea,B,NEW,PK.50.40.B,"[""PK.50.40.B"", ""PK.70.10.B""]","[""B_check"", ""B_shrubs""]",2,1yPXjYZdX0pQPHGOXqvyJ8,
P2_S01-007,1WPKJRgcnM3BUU$ycAq9EX,shrub_plant,관목,조팝나무,H1.0 X W0.5,1,ea,B,NEW,PK.50.40.B,"[""PK.50.40.B"", ""PK.70.10.B""]","[""B_check"", ""B_shrubs""]",2,1yPXjYZdX0pQPHGOXqvyJ8,
P2_S01-008,0nHaqCWhPU$hCvCDsjRoPP,shrub_plant,관목,조팝나무,H1.0 X W0.5,1,ea,B,NEW,PK.50.40.B,"[""PK.50.40.B"", ""PK.70.10.B""]","[""B_check"", ""B_shrubs""]",2,1yPXjYZdX0pQPHGOXqvyJ8,
P2_S01-009,2YUm$$gyLPtvyS0eWHv9dK,shrub_plant,관목,조팝나무,H1.0 X W0.5,1,ea,B,NEW,PK.50.40.B,"[""PK.50.40.B"", ""PK.70.10.B""]","[""B_check"", ""B_shrubs""]",2,1yPXjYZdX0pQPHGOXqvyJ8,
P2_S01-010,0TIQj$FtDQROvr7OgN8wwQ,shrub_plant,관목,조팝나무,H1.0 X W0.5,1,ea,B,NEW,PK.50.40.B,"[""PK.50.40.B"", ""PK.70.10.B""]","[""B_check"", ""B_shrubs""]",2,1yPXjYZdX0pQPHGOXqvyJ8,
P2_S01-011,07xtQGU$TIvxTwZYxEXalO,shrub_plant,관목,조팝나무,H1.0 X W0.5,1,ea,B,NEW,PK.50.40.B,"[""PK.50.40.B"", ""PK.70.10.B""]","[""B_check"", ""B_shrubs""]",2,1yPXjYZdX0pQPHGOXqvyJ8,
P2_S01-012,2UAs43U0rICvA5r7L$zm9x,shrub_plant,관목,조팝나무,H1.0 X W0.5,1,ea,B,NEW,PK.50.40.B,"[""PK.50.40.B"", ""PK.70.10.B""]","[""B_check"", ""B_shrubs""]",2,1yPXjYZdX0pQPHGOXqvyJ8,
P2_S01-013,2u55pcrwjHLvCvRBv4NMFU,shrub_plant,관목,조팝나무,H1.0 X W0.5,1,ea,B,NEW,PK.50.40.B,"[""PK.50.40.B"", ""PK.70.10.B""]","[""B_check"", ""B_shrubs""]",2,1yPXjYZdX0pQPHGOXqvyJ8,
P2_S01-014,2VBV2MFcnGHgPMWP4xkn8z,shrub_plant,관목,조팝나무,H1.0 X W0.5,1,ea,B,NEW,PK.50.40.B,"[""PK.50.40.B"", ""PK.70.10.B""]","[""B_check"", ""B_shrubs""]",2,1yPXjYZdX0pQPHGOXqvyJ8,
P2_S01-015,0LgJPh8ZjUjPilm$xZi3q3,shrub_plant,관목,조팝나무,H1.0 X W0.5,1,ea,B,NEW,PK.50.40.B,"[""PK.50.40.B"", ""PK.70.10.B""]","[""B_check"", ""B_shrubs""]",2,1yPXjYZdX0pQPHGOXqvyJ8,
P2_S01-016,3u1sIrgcLHrfOfR80BuSMT,shrub_plant,관목,조팝나무,H1.0 X W0.5,1,ea,B,NEW,PK.50.40.B,"[""PK.50.40.B"", ""PK.70.10.B""]","[""B_check"", ""B_shrubs""]",2,1yPXjYZdX0pQPHGOXqvyJ8,
P2_S01-017,0PrvGfd05UFeXgizTww507,shrub_plant,관목,조팝나무,H1.0 X W0.5,1,ea,B,NEW,PK.50.40.B,"[""PK.50.40.B"", ""PK.70.10.B""]","[""B_check"", ""B_shrubs""]",2,1yPXjYZdX0pQPHGOXqvyJ8,
P2_S01-018,22KQT2yaPN5eRhvWENenhg,shrub_plant,관목,조팝나무,H1.0 X W0.5,1,ea,B,NEW,PK.50.40.B,"[""PK.50.40.B"", ""PK.70.10.B""]","[""B_check"", ""B_shrubs""]",2,1yPXjYZdX0pQPHGOXqvyJ8,
P2_S01-019,3IwhVQBk9MW823gZ7Xp$CY,shrub_plant,관목,조팝나무,H1.0 X W0.5,1,ea,B,NEW,PK.50.40.B,"[""PK.50.40.B"", ""PK.70.10.B""]","[""B_check"", ""B_shrubs""]",2,1yPXjYZdX0pQPHGOXqvyJ8,
P2_S01-020,0oiR5FVbLI59okKRmr2LZe,shrub_plant,관목,조팝나무,H1.0 X W0.5,1,ea,B,NEW,PK.50.40.B,"[""PK.50.40.B"", ""PK.70.10.B""]","[""B_check"", ""B_shrubs""]",2,1yPXjYZdX0pQPHGOXqvyJ8,
P2_S01-021,1k3vq2apfM5OmF3PU$UxIn,shrub_plant,관목,조팝나무,H1.0 X W0.5,1,ea,B,NEW,PK.50.40.B,"[""PK.50.40.B"", ""PK.70.10.B""]","[""B_check"", ""B_shrubs""]",2,1yPXjYZdX0pQPHGOXqvyJ8,
P2_S01-022,2nu8_jVDLK0vo_EJ1ps134,shrub_plant,관목,조팝나무,H1.0 X W0.5,1,ea,B,NEW,PK.50.40.B,"[""PK.50.40.B"", ""PK.70.10.B""]","[""B_check"", ""B_shrubs""]",2,1yPXjYZdX0pQPHGOXqvyJ8,
P2_S01-023,1N$yGTz81Q1uwMeh4tOVL2,shrub_plant,관목,조팝나무,H1.0 X W0.5,1,ea,B,NEW,PK.50.40.B,"[""PK.50.40.B"", ""PK.70.10.B""]","[""B_check"", ""B_shrubs""]",2,1yPXjYZdX0pQPHGOXqvyJ8,
P2_S01-024,3VZbePGrfOTgmlYQoE2Rlm,shrub_plant,관목,조팝나무,H1.0 X W0.5,1,ea,B,NEW,PK.50.40.B,"[""PK.50.40.B"", ""PK.70.10.B""]","[""B_check"", ""B_shrubs""]",2,1yPXjYZdX0pQPHGOXqvyJ8,
P2_S01-025,1y3VB3CevTz8IygtmJqRHi,shrub_plant,관목,조팝나무,H1.0 X W0.5,1,ea,B,NEW,PK.50.40.B,"[""PK.50.40.B"", ""PK.70.10.B""]","[""B_check"", ""B_shrubs""]",2,1yPXjYZdX0pQPHGOXqvyJ8,
P2_S01-026,1KstQXH0fQzxK$QbB1pppp,shrub_plant,관목,조팝나무,H1.0 X W0.5,1,ea,B,NEW,PK.50.40.B,"[""PK.50.40.B"", ""PK.70.10.B""]","[""B_check"", ""B_shrubs""]",2,1yPXjYZdX0pQPHGOXqvyJ8,
P2_S01-027,3X3Z0w_p1TaRyWgjQViMt5,shrub_plant,관목,조팝나무,H1.0 X W0.5,1,ea,B,NEW,PK.50.40.B,"[""PK.50.40.B"", ""PK.70.10.B""]","[""B_check"", ""B_shrubs""]",2,1yPXjYZdX0pQPHGOXqvyJ8,
P2_S01-028,2FYAuh69zHAhFbkrHm9WqZ,shrub_plant,관목,조팝나무,H1.0 X W0.5,1,ea,B,NEW,PK.50.40.B,"[""PK.50.40.B"", ""PK.70.10.B""]","[""B_check"", ""B_shrubs""]",2,1yPXjYZdX0pQPHGOXqvyJ8,
P2_S01-029,26DU4CzHbSYxw9$VjOmmRZ,shrub_plant,관목,조팝나무,H1.0 X W0.5,1,ea,B,NEW,PK.50.40.B,"[""PK.50.40.B"", ""PK.70.10.B""]","[""B_check"", ""B_shrubs""]",2,1yPXjYZdX0pQPHGOXqvyJ8,
P2_S01-030,0L88Z_7ifTSRZI2W9HMHm$,shrub_plant,관목,조팝나무,H1.0 X W0.5,1,ea,B,NEW,PK.50.40.B,"[""PK.50.40.B"", ""PK.70.10.B""]","[""B_check"", ""B_shrubs""]",2,1yPXjYZdX0pQPHGOXqvyJ8,
P2_S01-031,3KdQMQ129Q4P80ge69whbF,shrub_plant,관목,조팝나무,H1.0 X W0.5,1,ea,B,NEW,PK.50.40.B,"[""PK.50.40.B"", ""PK.70.10.B""]","[""B_check"", ""B_shrubs""]",2,1yPXjYZdX0pQPHGOXqvyJ8,
P2_S01-032,2a4FnjjHHTlAjSa76$5xfq,shrub_plant,관목,조팝나무,H1.0 X W0.5,1,ea,B,NEW,PK.50.40.B,"[""PK.50.40.B"", ""PK.70.10.B""]","[""B_check"", ""B_shrubs""]",2,1yPXjYZdX0pQPHGOXqvyJ8,
P2_S01-033,2lEDhdn1DHZf7vzHVHHbC8,shrub_plant,관목,조팝나무,H1.0 X W0.5,1,ea,B,NEW,PK.50.40.B,"[""PK.50.40.B"", ""PK.70.10.B""]","[""B_check"", ""B_shrubs""]",2,1yPXjYZdX0pQPHGOXqvyJ8,
P2_S01-034,0uoH0Cp1zGuwC1r8gElsL_,shrub_plant,관목,조팝나무,H1.0 X W0.5,1,ea,B,NEW,PK.50.40.B,"[""PK.50.40.B"", ""PK.70.10.B""]","[""B_check"", ""B_shrubs""]",2,1yPXjYZdX0pQPHGOXqvyJ8,
P2_S01-035,0e4dPUc2fNXvTpoh5cjjln,shrub_plant,관목,조팝나무,H1.0 X W0.5,1,ea,B,NEW,PK.50.40.B,"[""PK.50.40.B"", ""PK.70.10.B""]","[""B_check"", ""B_shrubs""]",2,1yPXjYZdX0pQPHGOXqvyJ8,
P2_S01-036,2Z1VHf6GDNrvPHZEydfueO,shrub_plant,관목,조팝나무,H1.0 X W0.5,1,ea,B,NEW,PK.50.40.B,"[""PK.50.40.B"", ""PK.70.10.B""]","[""B_check"", ""B_shrubs""]",2,1yPXjYZdX0pQPHGOXqvyJ8,
P2_S01-037,09mEGyYCjPIBbDDU19wsYo,shrub_plant,관목,조팝나무,H1.0 X W0.5,1,ea,B,NEW,PK.50.40.B,"[""PK.50.40.B"", ""PK.70.10.B""]","[""B_check"", ""B_shrubs""]",2,1yPXjYZdX0pQPHGOXqvyJ8,
P2_S01-038,2JOfe3QnvLdwyq4kQaEk0Q,shrub_plant,관목,조팝나무,H1.0 X W0.5,1,ea,B,NEW,PK.50.40.B,"[""PK.50.40.B"", ""PK.70.10.B""]","[""B_check"", ""B_shrubs""]",2,1yPXjYZdX0pQPHGOXqvyJ8,
P2_S01-039,1t9H3LjfHVieDEcXF36dB1,shrub_plant,관목,조팝나무,H1.0 X W0.5,1,ea,B,NEW,PK.50.40.B,"[""PK.50.40.B"", ""PK.70.10.B""]","[""B_check"", ""B_shrubs""]",2,1yPXjYZdX0pQPHGOXqvyJ8,
P2_S01-040,0L53HJjN5MJw63nY5wqnlv,shrub_plant,관목,조팝나무,H1.0 X W0.5,1,ea,B,NEW,PK.50.40.B,"[""PK.50.40.B"", ""PK.70.10.B""]","[""B_check"", ""B_shrubs""]",2,1yPXjYZdX0pQPHGOXqvyJ8,
P2_S01-041,1z0a6zANzQoAcgw5a9S3Bs,shrub_plant,관목,조팝나무,H1.0 X W0.5,1,ea,B,NEW,PK.50.40.B,"[""PK.50.40.B"", ""PK.70.10.B""]","[""B_check"", ""B_shrubs""]",2,1yPXjYZdX0pQPHGOXqvyJ8,
P2_S01-042,20Fpxahf9NuxIsni8Aq$wV,shrub_plant,관목,조팝나무,H1.0 X W0.5,1,ea,B,NEW,PK.50.40.B,"[""PK.50.40.B"", ""PK.70.10.B""]","[""B_check"", ""B_shrubs""]",2,1yPXjYZdX0pQPHGOXqvyJ8,
P2_S01-043,2XAgoVYEDK4ug7EFHA0YmH,shrub_plant,관목,조팝나무,H1.0 X W0.5,1,ea,B,NEW,PK.50.40.B,"[""PK.50.40.B"", ""PK.70.10.B""]","[""B_check"", ""B_shrubs""]",2,1yPXjYZdX0pQPHGOXqvyJ8,
P2_S01-044,3Opvc95JnGgOCPNa6AMUNV,shrub_plant,관목,조팝나무,H1.0 X W0.5,1,ea,B,NEW,PK.50.40.B,"[""PK.50.40.B"", ""PK.70.10.B""]","[""B_check"", ""B_shrubs""]",2,1yPXjYZdX0pQPHGOXqvyJ8,
P2_S01-045,34xxNlGi5OgxGT31dWjdJo,shrub_plant,관목,조팝나무,H1.0 X W0.5,1,ea,B,NEW,PK.50.40.B,"[""PK.50.40.B"", ""PK.70.10.B""]","[""B_check"", ""B_shrubs""]",2,1yPXjYZdX0pQPHGOXqvyJ8,
P2_S01-046,1h3DN95PXPtxQzA5NZr3b0,shrub_plant,관목,조팝나무,H1.0 X W0.5,1,ea,B,NEW,PK.50.40.B,"[""PK.50.40.B"", ""PK.70.10.B""]","[""B_check"", ""B_shrubs""]",2,1yPXjYZdX0pQPHGOXqvyJ8,
P2_S01-047,3Qp8qaV9HMYvqvB$4RMy0f,shrub_plant,관목,조팝나무,H1.0 X W0.5,1,ea,B,NEW,PK.50.40.B,"[""PK.50.40.B"", ""PK.70.10.B""]","[""B_check"", ""B_shrubs""]",2,1yPXjYZdX0pQPHGOXqvyJ8,
P2_S01-048,33WNHxQCTTTg2pJI5MMrKN,shrub_plant,관목,조팝나무,H1.0 X W0.5,1,ea,B,NEW,PK.50.40.B,"[""PK.50.40.B"", ""PK.70.10.B""]","[""B_check"", ""B_shrubs""]",2,1yPXjYZdX0pQPHGOXqvyJ8,
P2_S01-049,1Zh6yPy8jQv97guz8Iofvn,shrub_plant,관목,조팝나무,H1.0 X W0.5,1,ea,B,NEW,PK.50.40.B,"[""PK.50.40.B"", ""PK.70.10.B""]","[""B_check"", ""B_shrubs""]",2,1yPXjYZdX0pQPHGOXqvyJ8,
P2_S01-050,28Zm4LgZPUqQFOzZrLK$pb,shrub_plant,관목,조팝나무,H1.0 X W0.5,1,ea,B,NEW,PK.50.40.B,"[""PK.50.40.B"", ""PK.70.10.B""]","[""B_check"", ""B_shrubs""]",2,1yPXjYZdX0pQPHGOXqvyJ8,
P2_S01-051,10LF5jwzzV1uf$1WcTx9ra,shrub_plant,관목,조팝나무,H1.0 X W0.5,1,ea,B,NEW,PK.50.40.B,"[""PK.50.40.B"", ""PK.70.10.B""]","[""B_check"", ""B_shrubs""]",2,1yPXjYZdX0pQPHGOXqvyJ8,
P2_S01-052,3v$y$MoN5HHxszDjCr6IYR,shrub_plant,관목,조팝나무,H1.0 X W0.5,1,ea,B,NEW,PK.50.40.B,"[""PK.50.40.B"", ""PK.70.10.B""]","[""B_check"", ""B_shrubs""]",2,1yPXjYZdX0pQPHGOXqvyJ8,
P2_S01-053,2CeR922uXUSfxLT6aAVjQH,shrub_plant,관목,조팝나무,H1.0 X W0.5,1,ea,B,NEW,PK.50.40.B,"[""PK.50.40.B"", ""PK.70.10.B""]","[""B_check"", ""B_shrubs""]",2,1yPXjYZdX0pQPHGOXqvyJ8,
P2_S01-054,1TnIJ5veXPKggSxqBl1MT0,shrub_plant,관목,조팝나무,H1.0 X W0.5,1,ea,B,NEW,PK.50.40.B,"[""PK.50.40.B"", ""PK.70.10.B""]","[""B_check"", ""B_shrubs""]",2,1yPXjYZdX0pQPHGOXqvyJ8,
P2_S01-055,2HFkph9TTSz9r9LUrRPW$k,shrub_plant,관목,조팝나무,H1.0 X W0.5,1,ea,B,NEW,PK.50.40.B,"[""PK.50.40.B"", ""PK.70.10.B""]","[""B_check"", ""B_shrubs""]",2,1yPXjYZdX0pQPHGOXqvyJ8,
P2_S01-056,3MDHA4TxnT$BkDTI4S2ZlX,shrub_plant,관목,조팝나무,H1.0 X W0.5,1,ea,B,NEW,PK.50.40.B,"[""PK.50.40.B"", ""PK.70.10.B""]","[""B_check"", ""B_shrubs""]",2,1yPXjYZdX0pQPHGOXqvyJ8,
P2_S01-057,1EgSKxOw5LAhB5XsrsEBmt,shrub_plant,관목,조팝나무,H1.0 X W0.5,1,ea,B,NEW,PK.50.40.B,"[""PK.50.40.B"", ""PK.70.10.B""]","[""B_check"", ""B_shrubs""]",2,1yPXjYZdX0pQPHGOXqvyJ8,
P2_S01-058,3TsMtmRKHPJhwmB$DMYpr8,shrub_plant,관목,조팝나무,H1.0 X W0.5,1,ea,B,NEW,PK.50.40.B,"[""PK.50.40.B"", ""PK.70.10.B""]","[""B_check"", ""B_shrubs""]",2,1yPXjYZdX0pQPHGOXqvyJ8,
P2_S01-059,2zplSe$OLKjhMs022tAZl8,shrub_plant,관목,조팝나무,H1.0 X W0.5,1,ea,B,NEW,PK.50.40.B,"[""PK.50.40.B"", ""PK.70.10.B""]","[""B_check"", ""B_shrubs""]",2,1yPXjYZdX0pQPHGOXqvyJ8,
P2_S01-060,1B9Uy0i75MV8wN6Hlv7kRF,shrub_plant,관목,조팝나무,H1.0 X W0.5,1,ea,B,NEW,PK.50.40.B,"[""PK.50.40.B"", ""PK.70.10.B""]","[""B_check"", ""B_shrubs""]",2,1yPXjYZdX0pQPHGOXqvyJ8,
P2_S01-061,0ukMzZOOfPywcelatmMrwL,shrub_plant,관목,조팝나무,H1.0 X W0.5,1,ea,B,NEW,PK.50.40.B,"[""PK.50.40.B"", ""PK.70.10.B""]","[""B_check"", ""B_shrubs""]",2,1yPXjYZdX0pQPHGOXqvyJ8,
P2_S01-062,0fvQpLxVTPghJr1nkEYom_,shrub_plant,관목,조팝나무,H1.0 X W0.5,1,ea,B,NEW,PK.50.40.B,"[""PK.50.40.B"", ""PK.70.10.B""]","[""B_check"", ""B_shrubs""]",2,1yPXjYZdX0pQPHGOXqvyJ8,
P2_S01-063,1W4rhFmuXNf85W$Dy7hQjN,shrub_plant,관목,조팝나무,H1.0 X W0.5,1,ea,B,NEW,PK.50.40.B,"[""PK.50.40.B"", ""PK.70.10.B""]","[""B_check"", ""B_shrubs""]",2,1yPXjYZdX0pQPHGOXqvyJ8,
P2_S01-064,3mafPXPM9HaOjEd8xvSRgz,shrub_plant,관목,조팝나무,H1.0 X W0.5,1,ea,B,NEW,PK.50.40.B,"[""PK.50.40.B"", ""PK.70.10.B""]","[""B_check"", ""B_shrubs""]",2,1yPXjYZdX0pQPHGOXqvyJ8,
P2_S01-065,1vazRs4pjOFvZZ51F1FfQ8,shrub_plant,관목,조팝나무,H1.0 X W0.5,1,ea,B,NEW,PK.50.40.B,"[""PK.50.40.B"", ""PK.70.10.B""]","[""B_check"", ""B_shrubs""]",2,1yPXjYZdX0pQPHGOXqvyJ8,
P2_S01-066,0_7BhYE1LIVeWAv4K11hTC,shrub_plant,관목,조팝나무,H1.0 X W0.5,1,ea,B,NEW,PK.50.40.B,"[""PK.50.40.B"", ""PK.70.10.B""]","[""B_check"", ""B_shrubs""]",2,1yPXjYZdX0pQPHGOXqvyJ8,
P2_S01-067,3Qv5nAWajL9fzw9Bki8IpL,shrub_plant,관목,조팝나무,H1.0 X W0.5,1,ea,B,NEW,PK.50.40.B,"[""PK.50.40.B"", ""PK.70.10.B""]","[""B_check"", ""B_shrubs""]",2,1yPXjYZdX0pQPHGOXqvyJ8,
P2_S01-068,3dmzGbrhPRRxsSXdCu9knd,shrub_plant,관목,조팝나무,H1.0 X W0.5,1,ea,B,NEW,PK.50.40.B,"[""PK.50.40.B"", ""PK.70.10.B""]","[""B_check"", ""B_shrubs""]",2,1yPXjYZdX0pQPHGOXqvyJ8,
P2_S01-069,1_05nVKXPKJfrGJ$6IgCEv,shrub_plant,관목,조팝나무,H1.0 X W0.5,1,ea,B,NEW,PK.50.40.B,"[""PK.50.40.B"", ""PK.70.10.B""]","[""B_check"", ""B_shrubs""]",2,1yPXjYZdX0pQPHGOXqvyJ8,
P2_S01-070,2tIGVJCqDOxg$3tYXI4E40,shrub_plant,관목,조팝나무,H1.0 X W0.5,1,ea,B,NEW,PK.50.40.B,"[""PK.50.40.B"", ""PK.70.10.B""]","[""B_check"", ""B_shrubs""]",2,1yPXjYZdX0pQPHGOXqvyJ8,
P2_S01-071,2mW7$SpirOrAOWldZMr0pX,shrub_plant,관목,조팝나무,H1.0 X W0.5,1,ea,B,NEW,PK.50.40.B,"[""PK.50.40.B"", ""PK.70.10.B""]","[""B_check"", ""B_shrubs""]",2,1yPXjYZdX0pQPHGOXqvyJ8,
P2_S01-072,1pbKk27x1OYhR3fB11JOaL,shrub_plant,관목,조팝나무,H1.0 X W0.5,1,ea,B,NEW,PK.50.40.B,"[""PK.50.40.B"", ""PK.70.10.B""]","[""B_check"", ""B_shrubs""]",2,1yPXjYZdX0pQPHGOXqvyJ8,
P2_S01-073,13CQhCYovNa8j1E8rEpWS8,shrub_plant,관목,조팝나무,H1.0 X W0.5,1,ea,B,NEW,PK.50.40.B,"[""PK.50.40.B"", ""PK.70.10.B""]","[""B_check"", ""B_shrubs""]",2,1yPXjYZdX0pQPHGOXqvyJ8,
P2_S01-074,2yIwy_S3zSe8QNvHAKi7pc,shrub_plant,관목,조팝나무,H1.0 X W0.5,1,ea,B,NEW,PK.50.40.B,"[""PK.50.40.B"", ""PK.70.10.B""]","[""B_check"", ""B_shrubs""]",2,1yPXjYZdX0pQPHGOXqvyJ8,
P2_S01-075,32d_IhzfzMzAmtZ96dQ4uN,shrub_plant,관목,조팝나무,H1.0 X W0.5,1,ea,B,NEW,PK.50.40.B,"[""PK.50.40.B"", ""PK.70.10.B""]","[""B_check"", ""B_shrubs""]",2,1yPXjYZdX0pQPHGOXqvyJ8,
P2_S01-076,2y5D8GnnTQlxYr0iywTy5H,shrub_plant,관목,조팝나무,H1.0 X W0.5,1,ea,B,NEW,PK.50.40.B,"[""PK.50.40.B"", ""PK.70.10.B""]","[""B_check"", ""B_shrubs""]",2,1yPXjYZdX0pQPHGOXqvyJ8,
P2_S01-077,0bn$RJXejHZ8wEbwj_yQ9i,shrub_plant,관목,조팝나무,H1.0 X W0.5,1,ea,B,NEW,PK.50.40.B,"[""PK.50.40.B"", ""PK.70.10.B""]","[""B_check"", ""B_shrubs""]",2,1yPXjYZdX0pQPHGOXqvyJ8,
P2_S01-078,0WoCZ3EvDHBxwygrqYa79e,shrub_plant,관목,조팝나무,H1.0 X W0.5,1,ea,B,NEW,PK.50.40.B,"[""PK.50.40.B"", ""PK.70.10.B""]","[""B_check"", ""B_shrubs""]",2,1yPXjYZdX0pQPHGOXqvyJ8,
P2_S01-079,20H4ELDs9Js9ZM$8CALs5O,shrub_plant,관목,조팝나무,H1.0 X W0.5,1,ea,B,NEW,PK.50.40.B,"[""PK.50.40.B"", ""PK.70.10.B""]","[""B_check"", ""B_shrubs""]",2,1yPXjYZdX0pQPHGOXqvyJ8,
P2_S01-080,1aQbJ3wLTHFusteLLp1RlU,shrub_plant,관목,조팝나무,H1.0 X W0.5,1,ea,B,NEW,PK.50.40.B,"[""PK.50.40.B"", ""PK.70.10.B""]","[""B_check"", ""B_shrubs""]",2,1yPXjYZdX0pQPHGOXqvyJ8,
P2_S01-081,0rnXdYcv9Q2gyUxki7hxUw,shrub_plant,관목,조팝나무,H1.0 X W0.5,1,ea,B,NEW,PK.50.40.B,"[""PK.50.40.B"", ""PK.70.10.B""]","[""B_check"", ""B_shrubs""]",2,1yPXjYZdX0pQPHGOXqvyJ8,
P2_S01-082,2GXotVuYLSAQpYYStpxEJQ,shrub_plant,관목,조팝나무,H1.0 X W0.5,1,ea,B,NEW,PK.50.40.B,"[""PK.50.40.B"", ""PK.70.10.B""]","[""B_check"", ""B_shrubs""]",2,1yPXjYZdX0pQPHGOXqvyJ8,
P2_S01-083,3EWnouTWHS9R7g__9OIOns,shrub_plant,관목,조팝나무,H1.0 X W0.5,1,ea,B,NEW,PK.50.40.B,"[""PK.50.40.B"", ""PK.70.10.B""]","[""B_check"", ""B_shrubs""]",2,1yPXjYZdX0pQPHGOXqvyJ8,
P2_S01-084,1rD8lAPdPNefMP47f8Ww57,shrub_plant,관목,조팝나무,H1.0 X W0.5,1,ea,B,NEW,PK.50.40.B,"[""PK.50.40.B"", ""PK.70.10.B""]","[""B_check"", ""B_shrubs""]",2,1yPXjYZdX0pQPHGOXqvyJ8,
P2_S01-085,0KwAp0M1vNTgFXrhd7QnJN,shrub_plant,관목,조팝나무,H1.0 X W0.5,1,ea,B,NEW,PK.50.40.B,"[""PK.50.40.B"", ""PK.70.10.B""]","[""B_check"", ""B_shrubs""]",2,1yPXjYZdX0pQPHGOXqvyJ8,
P2_S01-086,31SCB912vGTBExQNOevDIF,shrub_plant,관목,조팝나무,H1.0 X W0.5,1,ea,B,NEW,PK.50.40.B,"[""PK.50.40.B"", ""PK.70.10.B""]","[""B_check"", ""B_shrubs""]",2,1yPXjYZdX0pQPHGOXqvyJ8,
P2_S01-087,2WGw8jTeLJEO7N5I7YbSkl,shrub_plant,관목,조팝나무,H1.0 X W0.5,1,ea,B,NEW,PK.50.40.B,"[""PK.50.40.B"", ""PK.70.10.B""]","[""B_check"", ""B_shrubs""]",2,1yPXjYZdX0pQPHGOXqvyJ8,
P2_S01-088,0QxP4g9ILSfhBMp7rERhwI,shrub_plant,관목,조팝나무,H1.0 X W0.5,1,ea,B,NEW,PK.50.40.B,"[""PK.50.40.B"", ""PK.70.10.B""]","[""B_check"", ""B_shrubs""]",2,1yPXjYZdX0pQPHGOXqvyJ8,
P2_S01-089,0lgE5NSDLPDQoaaV7PPqZo,shrub_plant,관목,조팝나무,H1.0 X W0.5,1,ea,B,NEW,PK.50.40.B,"[""PK.50.40.B"", ""PK.70.10.B""]","[""B_check"", ""B_shrubs""]",2,1yPXjYZdX0pQPHGOXqvyJ8,
P2_S01-090,1RsirfXYvL7fOpdm3k$$pu,shrub_plant,관목,조팝나무,H1.0 X W0.5,1,ea,B,NEW,PK.50.40.B,"[""PK.50.40.B"", ""PK.70.10.B""]","[""B_check"", ""B_shrubs""]",2,1yPXjYZdX0pQPHGOXqvyJ8,
P2_S01-091,3zenA0YQTSGwObFdbDI7Xn,shrub_plant,관목,조팝나무,H1.0 X W0.5,1,ea,B,NEW,PK.50.40.B,"[""PK.50.40.B"", ""PK.70.10.B""]","[""B_check"", ""B_shrubs""]",2,1yPXjYZdX0pQPHGOXqvyJ8,
P2_S01-092,068AhrKvTHLQvq0uOt0CYw,shrub_plant,관목,조팝나무,H1.0 X W0.5,1,ea,B,NEW,PK.50.40.B,"[""PK.50.40.B"", ""PK.70.10.B""]","[""B_check"", ""B_shrubs""]",2,1yPXjYZdX0pQPHGOXqvyJ8,
P2_S01-093,2oEqAYZILO6ALpPfUzLZlL,shrub_plant,관목,조팝나무,H1.0 X W0.5,1,ea,B,NEW,PK.50.40.B,"[""PK.50.40.B"", ""PK.70.10.B""]","[""B_check"", ""B_shrubs""]",2,1yPXjYZdX0pQPHGOXqvyJ8,
P2_S01-094,29PiFaCOvILRHIxMpDgjJn,shrub_plant,관목,조팝나무,H1.0 X W0.5,1,ea,B,NEW,PK.50.40.B,"[""PK.50.40.B"", ""PK.70.10.B""]","[""B_check"", ""B_shrubs""]",2,1yPXjYZdX0pQPHGOXqvyJ8,
P2_S01-095,1CtZQAWSXMzepq2uaBNpR5,shrub_plant,관목,조팝나무,H1.0 X W0.5,1,ea,B,NEW,PK.50.40.B,"[""PK.50.40.B"", ""PK.70.10.B""]","[""B_check"", ""B_shrubs""]",2,1yPXjYZdX0pQPHGOXqvyJ8,
P2_R03-001,2C7HcL1ezQQwv_LcGbsLaO,shrub_plant,관목,산철쭉,H0.8 X W0.8,1,ea,B,NEW,PK.50.40.B,"[""PK.50.40.B"", ""PK.70.10.B""]","[""B_check"", ""B_shrubs""]",2,3$A$hZuEP0Dvy8NXIFeoRz,
P2_R03-002,1ys5x7pcXNCv0Xi5TmbGpz,shrub_plant,관목,산철쭉,H0.8 X W0.8,1,ea,B,NEW,PK.50.40.B,"[""PK.50.40.B"", ""PK.70.10.B""]","[""B_check"", ""B_shrubs""]",2,3$A$hZuEP0Dvy8NXIFeoRz,
P2_R03-003,1lvC3XDhXQufGjMTYG3rWP,shrub_plant,관목,산철쭉,H0.8 X W0.8,1,ea,B,NEW,PK.50.40.B,"[""PK.50.40.B"", ""PK.70.10.B""]","[""B_check"", ""B_shrubs""]",2,3$A$hZuEP0Dvy8NXIFeoRz,
P2_R03-004,3b9vaiVdrReu0k98j$dMsP,shrub_plant,관목,산철쭉,H0.8 X W0.8,1,ea,B,NEW,PK.50.40.B,"[""PK.50.40.B"", ""PK.70.10.B""]","[""B_check"", ""B_shrubs""]",2,3$A$hZuEP0Dvy8NXIFeoRz,
P2_R03-005,2PRivOwW9VNuUOzJNC1Km6,shrub_plant,관목,산철쭉,H0.8 X W0.8,1,ea,B,NEW,PK.50.40.B,"[""PK.50.40.B"", ""PK.70.10.B""]","[""B_check"", ""B_shrubs""]",2,3$A$hZuEP0Dvy8NXIFeoRz,
P2_R03-006,1M7DbCUDHPH8HWukDThCc_,shrub_plant,관목,산철쭉,H0.8 X W0.8,1,ea,B,NEW,PK.50.40.B,"[""PK.50.40.B"", ""PK.70.10.B""]","[""B_check"", ""B_shrubs""]",2,3$A$hZuEP0Dvy8NXIFeoRz,
P2_R03-007,1p0LDVLRLPzR4h5P13Htur,shrub_plant,관목,산철쭉,H0.8 X W0.8,1,ea,B,NEW,PK.50.40.B,"[""PK.50.40.B"", ""PK.70.10.B""]","[""B_check"", ""B_shrubs""]",2,3$A$hZuEP0Dvy8NXIFeoRz,
P2_R03-008,0_ERlnnBfTDugZu$_L5QH$,shrub_plant,관목,산철쭉,H0.8 X W0.8,1,ea,A,NEW,PK.50.40.A,"[""PK.50.40.A"", ""PK.70.10.A""]","[""A_check"", ""A_shrubs""]",2,3$A$hZuEP0Dvy8NXIFeoRz,
P2_R03-009,1xDoz_yXjL7fGebA$X1Mq6,shrub_plant,관목,산철쭉,H0.8 X W0.8,1,ea,A,NEW,PK.50.40.A,"[""PK.50.40.A"", ""PK.70.10.A""]","[""A_check"", ""A_shrubs""]",2,3$A$hZuEP0Dvy8NXIFeoRz,
P2_R03-010,3vTIejixPK0QGzLwgJA9jH,shrub_plant,관목,산철쭉,H0.8 X W0.8,1,ea,A,NEW,PK.50.40.A,"[""PK.50.40.A"", ""PK.70.10.A""]","[""A_check"", ""A_shrubs""]",2,3$A$hZuEP0Dvy8NXIFeoRz,
P2_R03-011,1Gqbl1DU1HBxjzgQFLCsVo,shrub_plant,관목,산철쭉,H0.8 X W0.8,1,ea,A,NEW,PK.50.40.A,"[""PK.50.40.A"", ""PK.70.10.A""]","[""A_check"", ""A_shrubs""]",2,3$A$hZuEP0Dvy8NXIFeoRz,
P2_R03-012,3_4rXW_WvMhA6vZbL76WHI,shrub_plant,관목,산철쭉,H0.8 X W0.8,1,ea,A,NEW,PK.50.40.A,"[""PK.50.40.A"", ""PK.70.10.A""]","[""A_check"", ""A_shrubs""]",2,3$A$hZuEP0Dvy8NXIFeoRz,
P2_R03-013,0d4vRAQjDUNxJ0tVVB0HsL,shrub_plant,관목,산철쭉,H0.8 X W0.8,1,ea,B,NEW,PK.50.40.B,"[""PK.50.40.B"", ""PK.70.10.B""]","[""B_check"", ""B_shrubs""]",2,3$A$hZuEP0Dvy8NXIFeoRz,
P2_R03-014,2ywJGX0KvOUhAucWSIYwjP,shrub_plant,관목,산철쭉,H0.8 X W0.8,1,ea,B,NEW,PK.50.40.B,"[""PK.50.40.B"", ""PK.70.10.B""]","[""B_check"", ""B_shrubs""]",2,3$A$hZuEP0Dvy8NXIFeoRz,
P2_R03-015,0HamKLGJHGwQezYYD9Avq6,shrub_plant,관목,산철쭉,H0.8 X W0.8,1,ea,B,NEW,PK.50.40.B,"[""PK.50.40.B"", ""PK.70.10.B""]","[""B_check"", ""B_shrubs""]",2,3$A$hZuEP0Dvy8NXIFeoRz,
P2_R03-016,0be43HZSDPKg7BWdha3fQy,shrub_plant,관목,산철쭉,H0.8 X W0.8,1,ea,B,NEW,PK.50.40.B,"[""PK.50.40.B"", ""PK.70.10.B""]","[""B_check"", ""B_shrubs""]",2,3$A$hZuEP0Dvy8NXIFeoRz,
P2_R03-017,1aJvheSx5S1uVHb$Ad7tNF,shrub_plant,관목,산철쭉,H0.8 X W0.8,1,ea,B,NEW,PK.50.40.B,"[""PK.50.40.B"", ""PK.70.10.B""]","[""B_check"", ""B_shrubs""]",2,3$A$hZuEP0Dvy8NXIFeoRz,
P2_R03-018,2RnalGdSLTm8Y_k9RSOrFf,shrub_plant,관목,산철쭉,H0.8 X W0.8,1,ea,B,NEW,PK.50.40.B,"[""PK.50.40.B"", ""PK.70.10.B""]","[""B_check"", ""B_shrubs""]",2,3$A$hZuEP0Dvy8NXIFeoRz,
P2_R03-019,3vrR3taxXUJhWrChWaO7cb,shrub_plant,관목,산철쭉,H0.8 X W0.8,1,ea,B,NEW,PK.50.40.B,"[""PK.50.40.B"", ""PK.70.10.B""]","[""B_check"", ""B_shrubs""]",2,3$A$hZuEP0Dvy8NXIFeoRz,
P2_R03-020,2FyLBtudDNWBG8yjISab6n,shrub_plant,관목,산철쭉,H0.8 X W0.8,1,ea,B,NEW,PK.50.40.B,"[""PK.50.40.B"", ""PK.70.10.B""]","[""B_check"", ""B_shrubs""]",2,3$A$hZuEP0Dvy8NXIFeoRz,
P2_R03-021,1YOU7y3K1JBeRUxnTH2IDQ,shrub_plant,관목,산철쭉,H0.8 X W0.8,1,ea,B,NEW,PK.50.40.B,"[""PK.50.40.B"", ""PK.70.10.B""]","[""B_check"", ""B_shrubs""]",2,3$A$hZuEP0Dvy8NXIFeoRz,
P2_R03-022,2oQqVZ8mvVMe0rU9yiHvhG,shrub_plant,관목,산철쭉,H0.8 X W0.8,1,ea,B,NEW,PK.50.40.B,"[""PK.50.40.B"", ""PK.70.10.B""]","[""B_check"", ""B_shrubs""]",2,3$A$hZuEP0Dvy8NXIFeoRz,
P2_R03-023,2NiJThPrHPzOtgabjoFLgJ,shrub_plant,관목,산철쭉,H0.8 X W0.8,1,ea,B,NEW,PK.50.40.B,"[""PK.50.40.B"", ""PK.70.10.B""]","[""B_check"", ""B_shrubs""]",2,3$A$hZuEP0Dvy8NXIFeoRz,
P2_R03-024,32$_t4EBfJbRGDOvEaKANU,shrub_plant,관목,산철쭉,H0.8 X W0.8,1,ea,B,NEW,PK.50.40.B,"[""PK.50.40.B"", ""PK.70.10.B""]","[""B_check"", ""B_shrubs""]",2,3$A$hZuEP0Dvy8NXIFeoRz,
P2_R03-025,3nom9bvF1VNQKxr_QQYPI1,shrub_plant,관목,산철쭉,H0.8 X W0.8,1,ea,A,NEW,PK.50.40.A,"[""PK.50.40.A"", ""PK.70.10.A""]","[""A_check"", ""A_shrubs""]",2,3$A$hZuEP0Dvy8NXIFeoRz,
P2_R03-026,0Cg5b1nUfVRQcKkVIzzAPx,shrub_plant,관목,산철쭉,H0.8 X W0.8,1,ea,A,NEW,PK.50.40.A,"[""PK.50.40.A"", ""PK.70.10.A""]","[""A_check"", ""A_shrubs""]",2,3$A$hZuEP0Dvy8NXIFeoRz,
P2_R03-027,25WLYHTdTNyxkcAqy$fbD4,shrub_plant,관목,산철쭉,H0.8 X W0.8,1,ea,A,NEW,PK.50.40.A,"[""PK.50.40.A"", ""PK.70.10.A""]","[""A_check"", ""A_shrubs""]",2,3$A$hZuEP0Dvy8NXIFeoRz,
P2_R03-028,2PLxBply9KcOtdO1hX5oet,shrub_plant,관목,산철쭉,H0.8 X W0.8,1,ea,A,NEW,PK.50.40.A,"[""PK.50.40.A"", ""PK.70.10.A""]","[""A_check"", ""A_shrubs""]",2,3$A$hZuEP0Dvy8NXIFeoRz,
P2_R03-029,3tYXHHz8zRdxBX6lxUJXtn,shrub_plant,관목,산철쭉,H0.8 X W0.8,1,ea,A,NEW,PK.50.40.A,"[""PK.50.40.A"", ""PK.70.10.A""]","[""A_check"", ""A_shrubs""]",2,3$A$hZuEP0Dvy8NXIFeoRz,
P2_R03-030,0XlZJjA8PSgOza8AGPadFA,shrub_plant,관목,산철쭉,H0.8 X W0.8,1,ea,A,NEW,PK.50.40.A,"[""PK.50.40.A"", ""PK.70.10.A""]","[""A_check"", ""A_shrubs""]",2,3$A$hZuEP0Dvy8NXIFeoRz,
P2_R03-031,25Y8LQHT1UnwKrO$MjbEhf,shrub_plant,관목,산철쭉,H0.8 X W0.8,1,ea,A,NEW,PK.50.40.A,"[""PK.50.40.A"", ""PK.70.10.A""]","[""A_check"", ""A_shrubs""]",2,3$A$hZuEP0Dvy8NXIFeoRz,
P2_R03-032,2fqQlDxPXLX8$nGBlQy0FG,shrub_plant,관목,산철쭉,H0.8 X W0.8,1,ea,A,NEW,PK.50.40.A,"[""PK.50.40.A"", ""PK.70.10.A""]","[""A_check"", ""A_shrubs""]",2,3$A$hZuEP0Dvy8NXIFeoRz,
P2_R03-033,2ApB9owwvJe8iIfnbf6XiL,shrub_plant,관목,산철쭉,H0.8 X W0.8,1,ea,A,NEW,PK.50.40.A,"[""PK.50.40.A"", ""PK.70.10.A""]","[""A_check"", ""A_shrubs""]",2,3$A$hZuEP0Dvy8NXIFeoRz,
P2_R03-034,0uWUEIc3bQbRZQLXAv0BCt,shrub_plant,관목,산철쭉,H0.8 X W0.8,1,ea,A,NEW,PK.50.40.A,"[""PK.50.40.A"", ""PK.70.10.A""]","[""A_check"", ""A_shrubs""]",2,3$A$hZuEP0Dvy8NXIFeoRz,
P2_R03-035,0gE7XTeg9UCxRk_sNFRYtD,shrub_plant,관목,산철쭉,H0.8 X W0.8,1,ea,A,NEW,PK.50.40.A,"[""PK.50.40.A"", ""PK.70.10.A""]","[""A_check"", ""A_shrubs""]",2,3$A$hZuEP0Dvy8NXIFeoRz,
P2_R03-036,3sY0mVJSPGgO69v7FzOThX,shrub_plant,관목,산철쭉,H0.8 X W0.8,1,ea,A,NEW,PK.50.40.A,"[""PK.50.40.A"", ""PK.70.10.A""]","[""A_check"", ""A_shrubs""]",2,3$A$hZuEP0Dvy8NXIFeoRz,
P2_R03-037,1XaTKWsIfJDQGr5YW8SjZg,shrub_plant,관목,산철쭉,H0.8 X W0.8,1,ea,B,NEW,PK.50.40.B,"[""PK.50.40.B"", ""PK.70.10.B""]","[""B_check"", ""B_shrubs""]",2,3$A$hZuEP0Dvy8NXIFeoRz,
P2_R03-038,0zUH97VuPVefMI3gi$P$gf,shrub_plant,관목,산철쭉,H0.8 X W0.8,1,ea,B,NEW,PK.50.40.B,"[""PK.50.40.B"", ""PK.70.10.B""]","[""B_check"", ""B_shrubs""]",2,3$A$hZuEP0Dvy8NXIFeoRz,
P2_R03-039,1Q8g7NuYnUnhR6Y5NCcP2x,shrub_plant,관목,산철쭉,H0.8 X W0.8,1,ea,B,NEW,PK.50.40.B,"[""PK.50.40.B"", ""PK.70.10.B""]","[""B_check"", ""B_shrubs""]",2,3$A$hZuEP0Dvy8NXIFeoRz,
P2_R03-040,3IvRzWHuLOiPNWxYqrl7oM,shrub_plant,관목,산철쭉,H0.8 X W0.8,1,ea,B,NEW,PK.50.40.B,"[""PK.50.40.B"", ""PK.70.10.B""]","[""B_check"", ""B_shrubs""]",2,3$A$hZuEP0Dvy8NXIFeoRz,
P2_R03-041,302PGIBvrQ$fdD0eYsfvSX,shrub_plant,관목,산철쭉,H0.8 X W0.8,1,ea,B,NEW,PK.50.40.B,"[""PK.50.40.B"", ""PK.70.10.B""]","[""B_check"", ""B_shrubs""]",2,3$A$hZuEP0Dvy8NXIFeoRz,
P2_R03-042,0If1iBtWDUveixsKq9L8c8,shrub_plant,관목,산철쭉,H0.8 X W0.8,1,ea,B,NEW,PK.50.40.B,"[""PK.50.40.B"", ""PK.70.10.B""]","[""B_check"", ""B_shrubs""]",2,3$A$hZuEP0Dvy8NXIFeoRz,
P2_R03-043,3P8U0B8h9GMfSKPNTeMYIs,shrub_plant,관목,산철쭉,H0.8 X W0.8,1,ea,B,NEW,PK.50.40.B,"[""PK.50.40.B"", ""PK.70.10.B""]","[""B_check"", ""B_shrubs""]",2,3$A$hZuEP0Dvy8NXIFeoRz,
P2_R03-044,1sckp7689V1QEsB_lMEtN5,shrub_plant,관목,산철쭉,H0.8 X W0.8,1,ea,B,NEW,PK.50.40.B,"[""PK.50.40.B"", ""PK.70.10.B""]","[""B_check"", ""B_shrubs""]",2,3$A$hZuEP0Dvy8NXIFeoRz,
P2_R03-045,0i4FyfagTHVxLqyCUoNuOh,shrub_plant,관목,산철쭉,H0.8 X W0.8,1,ea,B,NEW,PK.50.40.B,"[""PK.50.40.B"", ""PK.70.10.B""]","[""B_check"", ""B_shrubs""]",2,3$A$hZuEP0Dvy8NXIFeoRz,
P2_R03-046,0Hpt5nViTM8Aj9y_R6JL$j,shrub_plant,관목,산철쭉,H0.8 X W0.8,1,ea,B,NEW,PK.50.40.B,"[""PK.50.40.B"", ""PK.70.10.B""]","[""B_check"", ""B_shrubs""]",2,3$A$hZuEP0Dvy8NXIFeoRz,
P2_R03-047,3oMIVpmXvSUeY49fan8Kpw,shrub_plant,관목,산철쭉,H0.8 X W0.8,1,ea,B,NEW,PK.50.40.B,"[""PK.50.40.B"", ""PK.70.10.B""]","[""B_check"", ""B_shrubs""]",2,3$A$hZuEP0Dvy8NXIFeoRz,
P2_R03-048,279s2tXrTPYvYzG7R12eXk,shrub_plant,관목,산철쭉,H0.8 X W0.8,1,ea,B,NEW,PK.50.40.B,"[""PK.50.40.B"", ""PK.70.10.B""]","[""B_check"", ""B_shrubs""]",2,3$A$hZuEP0Dvy8NXIFeoRz,
P2_R03-049,1AGMkMHibRdAmeDYhL1fLo,shrub_plant,관목,산철쭉,H0.8 X W0.8,1,ea,B,NEW,PK.50.40.B,"[""PK.50.40.B"", ""PK.70.10.B""]","[""B_check"", ""B_shrubs""]",2,3$A$hZuEP0Dvy8NXIFeoRz,
P2_R03-050,1GQy9jbA5Hfvw84RizJSvr,shrub_plant,관목,산철쭉,H0.8 X W0.8,1,ea,A,NEW,PK.50.40.A,"[""PK.50.40.A"", ""PK.70.10.A""]","[""A_check"", ""A_shrubs""]",2,3$A$hZuEP0Dvy8NXIFeoRz,
P2_R03-051,3McPgNNGTLWwMKmiojwCAc,shrub_plant,관목,산철쭉,H0.8 X W0.8,1,ea,A,NEW,PK.50.40.A,"[""PK.50.40.A"", ""PK.70.10.A""]","[""A_check"", ""A_shrubs""]",2,3$A$hZuEP0Dvy8NXIFeoRz,
P2_R03-052,1NhboNSMHNZREObV6p7jEI,shrub_plant,관목,산철쭉,H0.8 X W0.8,1,ea,A,NEW,PK.50.40.A,"[""PK.50.40.A"", ""PK.70.10.A""]","[""A_check"", ""A_shrubs""]",2,3$A$hZuEP0Dvy8NXIFeoRz,
P2_R03-053,3Gome6L9HKgAgo9v5vrpIS,shrub_plant,관목,산철쭉,H0.8 X W0.8,1,ea,A,NEW,PK.50.40.A,"[""PK.50.40.A"", ""PK.70.10.A""]","[""A_check"", ""A_shrubs""]",2,3$A$hZuEP0Dvy8NXIFeoRz,
P2_R03-054,1_w6_PJnjG$v9AnZsg1v45,shrub_plant,관목,산철쭉,H0.8 X W0.8,1,ea,A,NEW,PK.50.40.A,"[""PK.50.40.A"", ""PK.70.10.A""]","[""A_check"", ""A_shrubs""]",2,3$A$hZuEP0Dvy8NXIFeoRz,
P2_R03-055,0_YUKAHXXNZgGusAaO1og0,shrub_plant,관목,산철쭉,H0.8 X W0.8,1,ea,A,NEW,PK.50.40.A,"[""PK.50.40.A"", ""PK.70.10.A""]","[""A_check"", ""A_shrubs""]",2,3$A$hZuEP0Dvy8NXIFeoRz,
P2_R03-056,2fEXNEBs5O5eq2DqlXkZ3O,shrub_plant,관목,산철쭉,H0.8 X W0.8,1,ea,A,NEW,PK.50.40.A,"[""PK.50.40.A"", ""PK.70.10.A""]","[""A_check"", ""A_shrubs""]",2,3$A$hZuEP0Dvy8NXIFeoRz,
P2_R03-057,1fLVLTL9TNkQ6fPpeq3rJG,shrub_plant,관목,산철쭉,H0.8 X W0.8,1,ea,A,NEW,PK.50.40.A,"[""PK.50.40.A"", ""PK.70.10.A""]","[""A_check"", ""A_shrubs""]",2,3$A$hZuEP0Dvy8NXIFeoRz,
P2_R03-058,37lmDcfN9KxxN6PMVtAwnL,shrub_plant,관목,산철쭉,H0.8 X W0.8,1,ea,A,NEW,PK.50.40.A,"[""PK.50.40.A"", ""PK.70.10.A""]","[""A_check"", ""A_shrubs""]",2,3$A$hZuEP0Dvy8NXIFeoRz,
P2_R03-059,21WcP9kBDGUAiX4XY72gQW,shrub_plant,관목,산철쭉,H0.8 X W0.8,1,ea,A,NEW,PK.50.40.A,"[""PK.50.40.A"", ""PK.70.10.A""]","[""A_check"", ""A_shrubs""]",2,3$A$hZuEP0Dvy8NXIFeoRz,
P2_R03-060,1tDUGA34jOxQ2ipe9qgJzg,shrub_plant,관목,산철쭉,H0.8 X W0.8,1,ea,A,NEW,PK.50.40.A,"[""PK.50.40.A"", ""PK.70.10.A""]","[""A_check"", ""A_shrubs""]",2,3$A$hZuEP0Dvy8NXIFeoRz,
P2_R03-061,09Rp2jQgTRWP$3w7iGHoCO,shrub_plant,관목,산철쭉,H0.8 X W0.8,1,ea,B,NEW,PK.50.40.B,"[""PK.50.40.B"", ""PK.70.10.B""]","[""B_check"", ""B_shrubs""]",2,3$A$hZuEP0Dvy8NXIFeoRz,
P2_R03-062,24CvRaiinKlhpHdLltYu5E,shrub_plant,관목,산철쭉,H0.8 X W0.8,1,ea,B,NEW,PK.50.40.B,"[""PK.50.40.B"", ""PK.70.10.B""]","[""B_check"", ""B_shrubs""]",2,3$A$hZuEP0Dvy8NXIFeoRz,
P2_R03-063,1gID4LdiXH9u2ZJ_6$MROe,shrub_plant,관목,산철쭉,H0.8 X W0.8,1,ea,B,NEW,PK.50.40.B,"[""PK.50.40.B"", ""PK.70.10.B""]","[""B_check"", ""B_shrubs""]",2,3$A$hZuEP0Dvy8NXIFeoRz,
P2_R03-064,0OyTmxT3LUKuQmYmtyKdeV,shrub_plant,관목,산철쭉,H0.8 X W0.8,1,ea,B,NEW,PK.50.40.B,"[""PK.50.40.B"", ""PK.70.10.B""]","[""B_check"", ""B_shrubs""]",2,3$A$hZuEP0Dvy8NXIFeoRz,
P2_R03-065,1KtWSyVbnV5fculDzmJqoP,shrub_plant,관목,산철쭉,H0.8 X W0.8,1,ea,B,NEW,PK.50.40.B,"[""PK.50.40.B"", ""PK.70.10.B""]","[""B_check"", ""B_shrubs""]",2,3$A$hZuEP0Dvy8NXIFeoRz,
P2_R03-066,1wqOxGRMnHZw9RjxSVTD5e,shrub_plant,관목,산철쭉,H0.8 X W0.8,1,ea,B,NEW,PK.50.40.B,"[""PK.50.40.B"", ""PK.70.10.B""]","[""B_check"", ""B_shrubs""]",2,3$A$hZuEP0Dvy8NXIFeoRz,
P2_R03-067,2_s9botu1LxQ8cMmdAwMHc,shrub_plant,관목,산철쭉,H0.8 X W0.8,1,ea,B,NEW,PK.50.40.B,"[""PK.50.40.B"", ""PK.70.10.B""]","[""B_check"", ""B_shrubs""]",2,3$A$hZuEP0Dvy8NXIFeoRz,
P2_R03-068,0LbSE$KPXV3gOF7uoPjIZM,shrub_plant,관목,산철쭉,H0.8 X W0.8,1,ea,B,NEW,PK.50.40.B,"[""PK.50.40.B"", ""PK.70.10.B""]","[""B_check"", ""B_shrubs""]",2,3$A$hZuEP0Dvy8NXIFeoRz,
P2_R03-069,2_QzP7IvXTXO$jQmkteDEN,shrub_plant,관목,산철쭉,H0.8 X W0.8,1,ea,B,NEW,PK.50.40.B,"[""PK.50.40.B"", ""PK.70.10.B""]","[""B_check"", ""B_shrubs""]",2,3$A$hZuEP0Dvy8NXIFeoRz,
P2_R03-070,0wQ9Dpkk1G2eqNUPQgRi3d,shrub_plant,관목,산철쭉,H0.8 X W0.8,1,ea,B,NEW,PK.50.40.B,"[""PK.50.40.B"", ""PK.70.10.B""]","[""B_check"", ""B_shrubs""]",2,3$A$hZuEP0Dvy8NXIFeoRz,
P2_R03-071,0Xbs78gpPSL8UTBCQ80Nyp,shrub_plant,관목,산철쭉,H0.8 X W0.8,1,ea,B,NEW,PK.50.40.B,"[""PK.50.40.B"", ""PK.70.10.B""]","[""B_check"", ""B_shrubs""]",2,3$A$hZuEP0Dvy8NXIFeoRz,
P2_R03-072,1Xw_sB2F9Ox8swOnwvswjy,shrub_plant,관목,산철쭉,H0.8 X W0.8,1,ea,A,NEW,PK.50.40.A,"[""PK.50.40.A"", ""PK.70.10.A""]","[""A_check"", ""A_shrubs""]",2,3$A$hZuEP0Dvy8NXIFeoRz,
P2_R03-073,1V3l36eAbHpAONorOuojvD,shrub_plant,관목,산철쭉,H0.8 X W0.8,1,ea,A,NEW,PK.50.40.A,"[""PK.50.40.A"", ""PK.70.10.A""]","[""A_check"", ""A_shrubs""]",2,3$A$hZuEP0Dvy8NXIFeoRz,
P2_R03-074,0E8DIS$OHUpuGgKYjL2wn3,shrub_plant,관목,산철쭉,H0.8 X W0.8,1,ea,A,NEW,PK.50.40.A,"[""PK.50.40.A"", ""PK.70.10.A""]","[""A_check"", ""A_shrubs""]",2,3$A$hZuEP0Dvy8NXIFeoRz,
P2_R03-075,0dniKJ6ZfK$BtSWr73Ikh8,shrub_plant,관목,산철쭉,H0.8 X W0.8,1,ea,A,NEW,PK.50.40.A,"[""PK.50.40.A"", ""PK.70.10.A""]","[""A_check"", ""A_shrubs""]",2,3$A$hZuEP0Dvy8NXIFeoRz,
P2_R03-076,37i7SM67DHZOHxfS8VJftR,shrub_plant,관목,산철쭉,H0.8 X W0.8,1,ea,A,NEW,PK.50.40.A,"[""PK.50.40.A"", ""PK.70.10.A""]","[""A_check"", ""A_shrubs""]",2,3$A$hZuEP0Dvy8NXIFeoRz,
P2_S02-001,3XL$dORZLJbuccbS1wcXL5,shrub_plant,관목,조팝나무,H1.0 X W0.5,1,ea,B,NEW,PK.50.40.B,"[""PK.50.40.B"", ""PK.70.10.B""]","[""B_check"", ""B_shrubs""]",2,1yPXjYZdX0pQPHGOXqvyJ8,
P2_S02-002,0STGURFt1RWuwFdIFoKMSX,shrub_plant,관목,조팝나무,H1.0 X W0.5,1,ea,B,NEW,PK.50.40.B,"[""PK.50.40.B"", ""PK.70.10.B""]","[""B_check"", ""B_shrubs""]",2,1yPXjYZdX0pQPHGOXqvyJ8,
P2_S02-003,1pRV0dxOLQy9v2Q0B0JgUQ,shrub_plant,관목,조팝나무,H1.0 X W0.5,1,ea,B,NEW,PK.50.40.B,"[""PK.50.40.B"", ""PK.70.10.B""]","[""B_check"", ""B_shrubs""]",2,1yPXjYZdX0pQPHGOXqvyJ8,
P2_S02-004,0wqR5kpOjMCAiWqrvCV9_6,shrub_plant,관목,조팝나무,H1.0 X W0.5,1,ea,B,NEW,PK.50.40.B,"[""PK.50.40.B"", ""PK.70.10.B""]","[""B_check"", ""B_shrubs""]",2,1yPXjYZdX0pQPHGOXqvyJ8,
P2_S02-005,20Ge7Cs45Ri8Awst2jO2k4,shrub_plant,관목,조팝나무,H1.0 X W0.5,1,ea,A,NEW,PK.50.40.A,"[""PK.50.40.A"", ""PK.70.10.A""]","[""A_check"", ""A_shrubs""]",2,1yPXjYZdX0pQPHGOXqvyJ8,
P2_S02-006,1zRHdBPA5SRx9sM50AKOSb,shrub_plant,관목,조팝나무,H1.0 X W0.5,1,ea,A,NEW,PK.50.40.A,"[""PK.50.40.A"", ""PK.70.10.A""]","[""A_check"", ""A_shrubs""]",2,1yPXjYZdX0pQPHGOXqvyJ8,
P2_S02-007,0AC98q_yjOThIyGA7TzIYB,shrub_plant,관목,조팝나무,H1.0 X W0.5,1,ea,A,NEW,PK.50.40.A,"[""PK.50.40.A"", ""PK.70.10.A""]","[""A_check"", ""A_shrubs""]",2,1yPXjYZdX0pQPHGOXqvyJ8,
P2_S02-008,39iEr0cZ1Vbg8aSsv5LOfu,shrub_plant,관목,조팝나무,H1.0 X W0.5,1,ea,A,NEW,PK.50.40.A,"[""PK.50.40.A"", ""PK.70.10.A""]","[""A_check"", ""A_shrubs""]",2,1yPXjYZdX0pQPHGOXqvyJ8,
P2_S02-009,35Ckl215zN2gr9Q0oLxY8w,shrub_plant,관목,조팝나무,H1.0 X W0.5,1,ea,A,NEW,PK.50.40.A,"[""PK.50.40.A"", ""PK.70.10.A""]","[""A_check"", ""A_shrubs""]",2,1yPXjYZdX0pQPHGOXqvyJ8,
P2_S02-010,2yQb1ROo5HtPZN_oqN$W0J,shrub_plant,관목,조팝나무,H1.0 X W0.5,1,ea,A,NEW,PK.50.40.A,"[""PK.50.40.A"", ""PK.70.10.A""]","[""A_check"", ""A_shrubs""]",2,1yPXjYZdX0pQPHGOXqvyJ8,
P2_S02-011,0yZieefDDHR8s2HdaxaVJ5,shrub_plant,관목,조팝나무,H1.0 X W0.5,1,ea,A,NEW,PK.50.40.A,"[""PK.50.40.A"", ""PK.70.10.A""]","[""A_check"", ""A_shrubs""]",2,1yPXjYZdX0pQPHGOXqvyJ8,
P2_S02-012,3MOWxa2snIRQu4mW7px2fp,shrub_plant,관목,조팝나무,H1.0 X W0.5,1,ea,A,NEW,PK.50.40.A,"[""PK.50.40.A"", ""PK.70.10.A""]","[""A_check"", ""A_shrubs""]",2,1yPXjYZdX0pQPHGOXqvyJ8,
P2_S02-013,0BKp8d_$jQJ9P4PUJrQ$62,shrub_plant,관목,조팝나무,H1.0 X W0.5,1,ea,A,NEW,PK.50.40.A,"[""PK.50.40.A"", ""PK.70.10.A""]","[""A_check"", ""A_shrubs""]",2,1yPXjYZdX0pQPHGOXqvyJ8,
P2_S02-014,1ctuk0YKDMXQK0YicJqST$,shrub_plant,관목,조팝나무,H1.0 X W0.5,1,ea,A,NEW,PK.50.40.A,"[""PK.50.40.A"", ""PK.70.10.A""]","[""A_check"", ""A_shrubs""]",2,1yPXjYZdX0pQPHGOXqvyJ8,
P2_S02-015,3zGPZ8pg1KLBxIKqG8JOfO,shrub_plant,관목,조팝나무,H1.0 X W0.5,1,ea,B,NEW,PK.50.40.B,"[""PK.50.40.B"", ""PK.70.10.B""]","[""B_check"", ""B_shrubs""]",2,1yPXjYZdX0pQPHGOXqvyJ8,
P2_S02-016,14jnEuBZ9Te852E2cYwC5z,shrub_plant,관목,조팝나무,H1.0 X W0.5,1,ea,B,NEW,PK.50.40.B,"[""PK.50.40.B"", ""PK.70.10.B""]","[""B_check"", ""B_shrubs""]",2,1yPXjYZdX0pQPHGOXqvyJ8,
P2_S02-017,06YziVyCrO2AyAeTDGRjQx,shrub_plant,관목,조팝나무,H1.0 X W0.5,1,ea,B,NEW,PK.50.40.B,"[""PK.50.40.B"", ""PK.70.10.B""]","[""B_check"", ""B_shrubs""]",2,1yPXjYZdX0pQPHGOXqvyJ8,
P2_S02-018,2x$uFWaRLRihGbNemrUHW3,shrub_plant,관목,조팝나무,H1.0 X W0.5,1,ea,B,NEW,PK.50.40.B,"[""PK.50.40.B"", ""PK.70.10.B""]","[""B_check"", ""B_shrubs""]",2,1yPXjYZdX0pQPHGOXqvyJ8,
P2_S02-019,1vW9PSIvPS4QcvDu96Yems,shrub_plant,관목,조팝나무,H1.0 X W0.5,1,ea,B,NEW,PK.50.40.B,"[""PK.50.40.B"", ""PK.70.10.B""]","[""B_check"", ""B_shrubs""]",2,1yPXjYZdX0pQPHGOXqvyJ8,
P2_S02-020,1ehiW8qHPNS8t1QhM6fHBM,shrub_plant,관목,조팝나무,H1.0 X W0.5,1,ea,B,NEW,PK.50.40.B,"[""PK.50.40.B"", ""PK.70.10.B""]","[""B_check"", ""B_shrubs""]",2,1yPXjYZdX0pQPHGOXqvyJ8,
P2_S02-021,2Bs3$hCbLNwRrmFqOHzEFO,shrub_plant,관목,조팝나무,H1.0 X W0.5,1,ea,B,NEW,PK.50.40.B,"[""PK.50.40.B"", ""PK.70.10.B""]","[""B_check"", ""B_shrubs""]",2,1yPXjYZdX0pQPHGOXqvyJ8,
P2_S02-022,1NmETY7q9NfgSkK1YKkYhz,shrub_plant,관목,조팝나무,H1.0 X W0.5,1,ea,B,NEW,PK.50.40.B,"[""PK.50.40.B"", ""PK.70.10.B""]","[""B_check"", ""B_shrubs""]",2,1yPXjYZdX0pQPHGOXqvyJ8,
P2_S02-023,0EN$$V2tTPXgzT2qCJFX2u,shrub_plant,관목,조팝나무,H1.0 X W0.5,1,ea,B,NEW,PK.50.40.B,"[""PK.50.40.B"", ""PK.70.10.B""]","[""B_check"", ""B_shrubs""]",2,1yPXjYZdX0pQPHGOXqvyJ8,
P2_S02-024,27H_KfMsXIyxiAhqfUGLzb,shrub_plant,관목,조팝나무,H1.0 X W0.5,1,ea,B,NEW,PK.50.40.B,"[""PK.50.40.B"", ""PK.70.10.B""]","[""B_check"", ""B_shrubs""]",2,1yPXjYZdX0pQPHGOXqvyJ8,
P2_S02-025,1r7KgbylbV2ujfkFzZNqVb,shrub_plant,관목,조팝나무,H1.0 X W0.5,1,ea,B,NEW,PK.50.40.B,"[""PK.50.40.B"", ""PK.70.10.B""]","[""B_check"", ""B_shrubs""]",2,1yPXjYZdX0pQPHGOXqvyJ8,
P2_S02-026,2g2fIIdDvIIPBQN8huBwlx,shrub_plant,관목,조팝나무,H1.0 X W0.5,1,ea,A,NEW,PK.50.40.A,"[""PK.50.40.A"", ""PK.70.10.A""]","[""A_check"", ""A_shrubs""]",2,1yPXjYZdX0pQPHGOXqvyJ8,
P2_S02-027,2ZLwja9kXJ9OPL9DCsiTr6,shrub_plant,관목,조팝나무,H1.0 X W0.5,1,ea,A,NEW,PK.50.40.A,"[""PK.50.40.A"", ""PK.70.10.A""]","[""A_check"", ""A_shrubs""]",2,1yPXjYZdX0pQPHGOXqvyJ8,
P2_S02-028,2gHpCQmZ1M5OPsaz73qpyJ,shrub_plant,관목,조팝나무,H1.0 X W0.5,1,ea,A,NEW,PK.50.40.A,"[""PK.50.40.A"", ""PK.70.10.A""]","[""A_check"", ""A_shrubs""]",2,1yPXjYZdX0pQPHGOXqvyJ8,
P2_S02-029,2Y5RAR_DPNRgQ_v22ZQuNp,shrub_plant,관목,조팝나무,H1.0 X W0.5,1,ea,A,NEW,PK.50.40.A,"[""PK.50.40.A"", ""PK.70.10.A""]","[""A_check"", ""A_shrubs""]",2,1yPXjYZdX0pQPHGOXqvyJ8,
P2_S02-030,30OZHPOu9Giup5ajdLOBsf,shrub_plant,관목,조팝나무,H1.0 X W0.5,1,ea,A,NEW,PK.50.40.A,"[""PK.50.40.A"", ""PK.70.10.A""]","[""A_check"", ""A_shrubs""]",2,1yPXjYZdX0pQPHGOXqvyJ8,
P2_S02-031,1XzgWvbV5TzOObVbwlpUrh,shrub_plant,관목,조팝나무,H1.0 X W0.5,1,ea,A,NEW,PK.50.40.A,"[""PK.50.40.A"", ""PK.70.10.A""]","[""A_check"", ""A_shrubs""]",2,1yPXjYZdX0pQPHGOXqvyJ8,
P2_S02-032,2FBB4m$9nJBvlCXxm4sySD,shrub_plant,관목,조팝나무,H1.0 X W0.5,1,ea,A,NEW,PK.50.40.A,"[""PK.50.40.A"", ""PK.70.10.A""]","[""A_check"", ""A_shrubs""]",2,1yPXjYZdX0pQPHGOXqvyJ8,
P2_S02-033,29aUJ7y1nMchP7IO1V5jf$,shrub_plant,관목,조팝나무,H1.0 X W0.5,1,ea,A,NEW,PK.50.40.A,"[""PK.50.40.A"", ""PK.70.10.A""]","[""A_check"", ""A_shrubs""]",2,1yPXjYZdX0pQPHGOXqvyJ8,
P2_S02-034,3XSfoBALrT4ugeTvZazjQs,shrub_plant,관목,조팝나무,H1.0 X W0.5,1,ea,A,NEW,PK.50.40.A,"[""PK.50.40.A"", ""PK.70.10.A""]","[""A_check"", ""A_shrubs""]",2,1yPXjYZdX0pQPHGOXqvyJ8,
P2_S02-035,3ucbViVAXLghcv33Tl7Kx9,shrub_plant,관목,조팝나무,H1.0 X W0.5,1,ea,A,NEW,PK.50.40.A,"[""PK.50.40.A"", ""PK.70.10.A""]","[""A_check"", ""A_shrubs""]",2,1yPXjYZdX0pQPHGOXqvyJ8,
P2_S02-036,3fq$_8HhLH5gTGYoGdxQHN,shrub_plant,관목,조팝나무,H1.0 X W0.5,1,ea,A,NEW,PK.50.40.A,"[""PK.50.40.A"", ""PK.70.10.A""]","[""A_check"", ""A_shrubs""]",2,1yPXjYZdX0pQPHGOXqvyJ8,
P2_S02-037,1ea8QHOZnJVhF8Z01T93b4,shrub_plant,관목,조팝나무,H1.0 X W0.5,1,ea,A,NEW,PK.50.40.A,"[""PK.50.40.A"", ""PK.70.10.A""]","[""A_check"", ""A_shrubs""]",2,1yPXjYZdX0pQPHGOXqvyJ8,
P2_S02-038,2Oj$5MA45NkBgk6KEW8t7Z,shrub_plant,관목,조팝나무,H1.0 X W0.5,1,ea,A,NEW,PK.50.40.A,"[""PK.50.40.A"", ""PK.70.10.A""]","[""A_check"", ""A_shrubs""]",2,1yPXjYZdX0pQPHGOXqvyJ8,
P2_S02-039,3MxcK6OsbLI9TlFeZWYt5N,shrub_plant,관목,조팝나무,H1.0 X W0.5,1,ea,A,NEW,PK.50.40.A,"[""PK.50.40.A"", ""PK.70.10.A""]","[""A_check"", ""A_shrubs""]",2,1yPXjYZdX0pQPHGOXqvyJ8,
P2_S02-040,1vwClNQWDKwRTMX71HIP_d,shrub_plant,관목,조팝나무,H1.0 X W0.5,1,ea,A,NEW,PK.50.40.A,"[""PK.50.40.A"", ""PK.70.10.A""]","[""A_check"", ""A_shrubs""]",2,1yPXjYZdX0pQPHGOXqvyJ8,
P2_S02-041,285s2VJPjTd9j$N_$gof1K,shrub_plant,관목,조팝나무,H1.0 X W0.5,1,ea,A,NEW,PK.50.40.A,"[""PK.50.40.A"", ""PK.70.10.A""]","[""A_check"", ""A_shrubs""]",2,1yPXjYZdX0pQPHGOXqvyJ8,
P2_S02-042,1VYUkiiOHOue5xs$yKADFy,shrub_plant,관목,조팝나무,H1.0 X W0.5,1,ea,B,NEW,PK.50.40.B,"[""PK.50.40.B"", ""PK.70.10.B""]","[""B_check"", ""B_shrubs""]",2,1yPXjYZdX0pQPHGOXqvyJ8,
P2_S02-043,0zUc5ZUMPMCvVrS0jziVoW,shrub_plant,관목,조팝나무,H1.0 X W0.5,1,ea,B,NEW,PK.50.40.B,"[""PK.50.40.B"", ""PK.70.10.B""]","[""B_check"", ""B_shrubs""]",2,1yPXjYZdX0pQPHGOXqvyJ8,
P2_S02-044,3PFG1bzcHRxBJsymqcLYh6,shrub_plant,관목,조팝나무,H1.0 X W0.5,1,ea,B,NEW,PK.50.40.B,"[""PK.50.40.B"", ""PK.70.10.B""]","[""B_check"", ""B_shrubs""]",2,1yPXjYZdX0pQPHGOXqvyJ8,
P2_S02-045,0P7GlhzlbMrfIxv0LvqrEk,shrub_plant,관목,조팝나무,H1.0 X W0.5,1,ea,B,NEW,PK.50.40.B,"[""PK.50.40.B"", ""PK.70.10.B""]","[""B_check"", ""B_shrubs""]",2,1yPXjYZdX0pQPHGOXqvyJ8,
P2_S02-046,0VXTvsh6DJPvzRlif7TOKB,shrub_plant,관목,조팝나무,H1.0 X W0.5,1,ea,B,NEW,PK.50.40.B,"[""PK.50.40.B"", ""PK.70.10.B""]","[""B_check"", ""B_shrubs""]",2,1yPXjYZdX0pQPHGOXqvyJ8,
P2_S02-047,18BEJ3$UzLn9jZJLWnSHS_,shrub_plant,관목,조팝나무,H1.0 X W0.5,1,ea,B,NEW,PK.50.40.B,"[""PK.50.40.B"", ""PK.70.10.B""]","[""B_check"", ""B_shrubs""]",2,1yPXjYZdX0pQPHGOXqvyJ8,
P2_S02-048,0dI0EeZwDJc86wFzU10GqN,shrub_plant,관목,조팝나무,H1.0 X W0.5,1,ea,B,NEW,PK.50.40.B,"[""PK.50.40.B"", ""PK.70.10.B""]","[""B_check"", ""B_shrubs""]",2,1yPXjYZdX0pQPHGOXqvyJ8,
P2_S02-049,2pwoBG4w9LnPUitYel$2NY,shrub_plant,관목,조팝나무,H1.0 X W0.5,1,ea,B,NEW,PK.50.40.B,"[""PK.50.40.B"", ""PK.70.10.B""]","[""B_check"", ""B_shrubs""]",2,1yPXjYZdX0pQPHGOXqvyJ8,
P2_S02-050,0n78uH6JHVRg0d3WK0LEpS,shrub_plant,관목,조팝나무,H1.0 X W0.5,1,ea,B,NEW,PK.50.40.B,"[""PK.50.40.B"", ""PK.70.10.B""]","[""B_check"", ""B_shrubs""]",2,1yPXjYZdX0pQPHGOXqvyJ8,
P2_S02-051,2JIQZzDlzMmfRrwLpERfpw,shrub_plant,관목,조팝나무,H1.0 X W0.5,1,ea,B,NEW,PK.50.40.B,"[""PK.50.40.B"", ""PK.70.10.B""]","[""B_check"", ""B_shrubs""]",2,1yPXjYZdX0pQPHGOXqvyJ8,
P2_S02-052,1ihe_82mrR0Pmv7mZP3fyI,shrub_plant,관목,조팝나무,H1.0 X W0.5,1,ea,A,NEW,PK.50.40.A,"[""PK.50.40.A"", ""PK.70.10.A""]","[""A_check"", ""A_shrubs""]",2,1yPXjYZdX0pQPHGOXqvyJ8,
P2_S02-053,1AD7sux2DVdvjrWZoDhqmb,shrub_plant,관목,조팝나무,H1.0 X W0.5,1,ea,A,NEW,PK.50.40.A,"[""PK.50.40.A"", ""PK.70.10.A""]","[""A_check"", ""A_shrubs""]",2,1yPXjYZdX0pQPHGOXqvyJ8,
P2_S02-054,2LjMcTjcHHrxanBgHGQEe7,shrub_plant,관목,조팝나무,H1.0 X W0.5,1,ea,A,NEW,PK.50.40.A,"[""PK.50.40.A"", ""PK.70.10.A""]","[""A_check"", ""A_shrubs""]",2,1yPXjYZdX0pQPHGOXqvyJ8,
P2_S02-055,28thloXMPVieSCkV8HfOvl,shrub_plant,관목,조팝나무,H1.0 X W0.5,1,ea,A,NEW,PK.50.40.A,"[""PK.50.40.A"", ""PK.70.10.A""]","[""A_check"", ""A_shrubs""]",2,1yPXjYZdX0pQPHGOXqvyJ8,
P2_S02-056,3W6OT$g5nUeAsFOVkQuije,shrub_plant,관목,조팝나무,H1.0 X W0.5,1,ea,A,NEW,PK.50.40.A,"[""PK.50.40.A"", ""PK.70.10.A""]","[""A_check"", ""A_shrubs""]",2,1yPXjYZdX0pQPHGOXqvyJ8,
P2_S02-057,3vSX2UZTHLiu_iNKvHRpzj,shrub_plant,관목,조팝나무,H1.0 X W0.5,1,ea,A,NEW,PK.50.40.A,"[""PK.50.40.A"", ""PK.70.10.A""]","[""A_check"", ""A_shrubs""]",2,1yPXjYZdX0pQPHGOXqvyJ8,
P2_S02-058,1LTcUdegLGz9BbGcEyUnxN,shrub_plant,관목,조팝나무,H1.0 X W0.5,1,ea,A,NEW,PK.50.40.A,"[""PK.50.40.A"", ""PK.70.10.A""]","[""A_check"", ""A_shrubs""]",2,1yPXjYZdX0pQPHGOXqvyJ8,
P2_S02-059,2u3hpRnx5Vh9ar1ZtXX7H9,shrub_plant,관목,조팝나무,H1.0 X W0.5,1,ea,A,NEW,PK.50.40.A,"[""PK.50.40.A"", ""PK.70.10.A""]","[""A_check"", ""A_shrubs""]",2,1yPXjYZdX0pQPHGOXqvyJ8,
P2_S02-060,26zSsWTCrG_AWexUwirCjK,shrub_plant,관목,조팝나무,H1.0 X W0.5,1,ea,A,NEW,PK.50.40.A,"[""PK.50.40.A"", ""PK.70.10.A""]","[""A_check"", ""A_shrubs""]",2,1yPXjYZdX0pQPHGOXqvyJ8,
P2_S02-061,3o4G9qZnLMl8fJIUV$Pky_,shrub_plant,관목,조팝나무,H1.0 X W0.5,1,ea,A,NEW,PK.50.40.A,"[""PK.50.40.A"", ""PK.70.10.A""]","[""A_check"", ""A_shrubs""]",2,1yPXjYZdX0pQPHGOXqvyJ8,
P2_S02-062,3ZoedHQUjTL9ODlH4vErdE,shrub_plant,관목,조팝나무,H1.0 X W0.5,1,ea,A,NEW,PK.50.40.A,"[""PK.50.40.A"", ""PK.70.10.A""]","[""A_check"", ""A_shrubs""]",2,1yPXjYZdX0pQPHGOXqvyJ8,
P2_S02-063,1Y3sRN2RPTiQUaI1sixYQ2,shrub_plant,관목,조팝나무,H1.0 X W0.5,1,ea,A,NEW,PK.50.40.A,"[""PK.50.40.A"", ""PK.70.10.A""]","[""A_check"", ""A_shrubs""]",2,1yPXjYZdX0pQPHGOXqvyJ8,
P2_S02-064,0KgiBE7hzL7Ook8$6XkNLb,shrub_plant,관목,조팝나무,H1.0 X W0.5,1,ea,A,NEW,PK.50.40.A,"[""PK.50.40.A"", ""PK.70.10.A""]","[""A_check"", ""A_shrubs""]",2,1yPXjYZdX0pQPHGOXqvyJ8,
P2_S02-065,1_TYfzMVPTWw4$uiav6QAg,shrub_plant,관목,조팝나무,H1.0 X W0.5,1,ea,A,NEW,PK.50.40.A,"[""PK.50.40.A"", ""PK.70.10.A""]","[""A_check"", ""A_shrubs""]",2,1yPXjYZdX0pQPHGOXqvyJ8,
P2_S02-066,2$YKdw_HTGsQOiDCCa6g8I,shrub_plant,관목,조팝나무,H1.0 X W0.5,1,ea,A,NEW,PK.50.40.A,"[""PK.50.40.A"", ""PK.70.10.A""]","[""A_check"", ""A_shrubs""]",2,1yPXjYZdX0pQPHGOXqvyJ8,
P2_S02-067,1uvzxM2v5MPBAktGrQ9Y9j,shrub_plant,관목,조팝나무,H1.0 X W0.5,1,ea,A,NEW,PK.50.40.A,"[""PK.50.40.A"", ""PK.70.10.A""]","[""A_check"", ""A_shrubs""]",2,1yPXjYZdX0pQPHGOXqvyJ8,
P2_S02-068,06J$AQuHvUNwOKFMR8TSrQ,shrub_plant,관목,조팝나무,H1.0 X W0.5,1,ea,B,NEW,PK.50.40.B,"[""PK.50.40.B"", ""PK.70.10.B""]","[""B_check"", ""B_shrubs""]",2,1yPXjYZdX0pQPHGOXqvyJ8,
P2_S02-069,0T5wLhx1PRaRnCO6q26nWQ,shrub_plant,관목,조팝나무,H1.0 X W0.5,1,ea,B,NEW,PK.50.40.B,"[""PK.50.40.B"", ""PK.70.10.B""]","[""B_check"", ""B_shrubs""]",2,1yPXjYZdX0pQPHGOXqvyJ8,
P2_S02-070,3mN3O593DOKBYhTAyFHrKv,shrub_plant,관목,조팝나무,H1.0 X W0.5,1,ea,B,NEW,PK.50.40.B,"[""PK.50.40.B"", ""PK.70.10.B""]","[""B_check"", ""B_shrubs""]",2,1yPXjYZdX0pQPHGOXqvyJ8,
P2_S02-071,1sHD8RKKnUueguq$MUkn2L,shrub_plant,관목,조팝나무,H1.0 X W0.5,1,ea,B,NEW,PK.50.40.B,"[""PK.50.40.B"", ""PK.70.10.B""]","[""B_check"", ""B_shrubs""]",2,1yPXjYZdX0pQPHGOXqvyJ8,
P2_S02-072,2SRfZlIufTzOj6j8dZfQNi,shrub_plant,관목,조팝나무,H1.0 X W0.5,1,ea,B,NEW,PK.50.40.B,"[""PK.50.40.B"", ""PK.70.10.B""]","[""B_check"", ""B_shrubs""]",2,1yPXjYZdX0pQPHGOXqvyJ8,
P2_S02-073,2VIjDjdkPUshXR4MUuZA1d,shrub_plant,관목,조팝나무,H1.0 X W0.5,1,ea,B,NEW,PK.50.40.B,"[""PK.50.40.B"", ""PK.70.10.B""]","[""B_check"", ""B_shrubs""]",2,1yPXjYZdX0pQPHGOXqvyJ8,
P2_S02-074,062LfGCxXLEx1Yj0ouO_YE,shrub_plant,관목,조팝나무,H1.0 X W0.5,1,ea,B,NEW,PK.50.40.B,"[""PK.50.40.B"", ""PK.70.10.B""]","[""B_check"", ""B_shrubs""]",2,1yPXjYZdX0pQPHGOXqvyJ8,
P2_S02-075,0LKmWs9M9JhxoYYumW3ZH0,shrub_plant,관목,조팝나무,H1.0 X W0.5,1,ea,B,NEW,PK.50.40.B,"[""PK.50.40.B"", ""PK.70.10.B""]","[""B_check"", ""B_shrubs""]",2,1yPXjYZdX0pQPHGOXqvyJ8,
P2_S02-076,3nX33k7PzKqeAwRcwGbo5X,shrub_plant,관목,조팝나무,H1.0 X W0.5,1,ea,B,NEW,PK.50.40.B,"[""PK.50.40.B"", ""PK.70.10.B""]","[""B_check"", ""B_shrubs""]",2,1yPXjYZdX0pQPHGOXqvyJ8,
P2_S02-077,1bKbD4gu5IeeTrep3icamr,shrub_plant,관목,조팝나무,H1.0 X W0.5,1,ea,B,NEW,PK.50.40.B,"[""PK.50.40.B"", ""PK.70.10.B""]","[""B_check"", ""B_shrubs""]",2,1yPXjYZdX0pQPHGOXqvyJ8,
P2_S02-078,3noRKM0XTPA9h9K_KnRRkH,shrub_plant,관목,조팝나무,H1.0 X W0.5,1,ea,B,NEW,PK.50.40.B,"[""PK.50.40.B"", ""PK.70.10.B""]","[""B_check"", ""B_shrubs""]",2,1yPXjYZdX0pQPHGOXqvyJ8,
P2_S02-079,2RYiS70pvJ2uCgdJZDup5B,shrub_plant,관목,조팝나무,H1.0 X W0.5,1,ea,B,NEW,PK.50.40.B,"[""PK.50.40.B"", ""PK.70.10.B""]","[""B_check"", ""B_shrubs""]",2,1yPXjYZdX0pQPHGOXqvyJ8,
P2_S02-080,1uJwEF0Z5Ujxh03wxkCGV6,shrub_plant,관목,조팝나무,H1.0 X W0.5,1,ea,B,NEW,PK.50.40.B,"[""PK.50.40.B"", ""PK.70.10.B""]","[""B_check"", ""B_shrubs""]",2,1yPXjYZdX0pQPHGOXqvyJ8,
P2_S02-081,3CxKOUw0DKFe2jZImdssAM,shrub_plant,관목,조팝나무,H1.0 X W0.5,1,ea,B,NEW,PK.50.40.B,"[""PK.50.40.B"", ""PK.70.10.B""]","[""B_check"", ""B_shrubs""]",2,1yPXjYZdX0pQPHGOXqvyJ8,
P2_S02-082,25rrQPT0XJpxjXtWgNEuTx,shrub_plant,관목,조팝나무,H1.0 X W0.5,1,ea,B,NEW,PK.50.40.B,"[""PK.50.40.B"", ""PK.70.10.B""]","[""B_check"", ""B_shrubs""]",2,1yPXjYZdX0pQPHGOXqvyJ8,
BENCH01,1cBKeX8qvQavDz0lALOOsz,bench,벤치,벤치,1.8×0.6m (가정),1,ea,D,NEW,PK.60.10.D,"[""PK.30.10.D"", ""PK.60.10.D"", ""PK.70.10.D""]","[""D_bench"", ""D_check"", ""D_foundation""]",3,,
BENCH02,3ZW7a2V_HHyB7uEe0sYGCf,bench,벤치,벤치,1.8×0.6m (가정),1,ea,D,NEW,PK.60.10.D,"[""PK.30.10.D"", ""PK.60.10.D"", ""PK.70.10.D""]","[""D_bench"", ""D_check"", ""D_foundation""]",3,,
BENCH03,0DO7eAO81PzRAdZDBjckEm,bench,벤치,벤치,1.8×0.6m (가정),1,ea,A,NEW,PK.60.10.A,"[""PK.30.10.A"", ""PK.60.10.A"", ""PK.70.10.A""]","[""A_bench"", ""A_check"", ""A_foundation""]",3,,
BENCH04,0DcAGz_D9K3vbTlhvIdvjx,bench,벤치,벤치,1.8×0.6m (가정),1,ea,A,NEW,PK.60.10.A,"[""PK.30.10.A"", ""PK.60.10.A"", ""PK.70.10.A""]","[""A_bench"", ""A_check"", ""A_foundation""]",3,,
BENCH05,1kBOWpIzDQ7fM7xMqFX7sb,bench,벤치,벤치,1.8×0.6m (가정),1,ea,A,NEW,PK.60.10.A,"[""PK.30.10.A"", ""PK.60.10.A"", ""PK.70.10.A""]","[""A_bench"", ""A_check"", ""A_foundation""]",3,,
BENCH06,1PKm$l7k9T09zfj6ArLesB,bench,벤치,벤치,1.8×0.6m (가정),1,ea,C,NEW,PK.60.10.C,"[""PK.30.10.C"", ""PK.60.10.C"", ""PK.70.10.C""]","[""C_bench"", ""C_check"", ""C_foundation""]",3,,
PERGOLA01,0e6NF2t6XJ_PKo0bK2HlHe,pergola,퍼걸러,퍼걸러,4.0×4.0m,1,ea,D,NEW,PK.60.20.D,"[""PK.30.10.D"", ""PK.60.20.D"", ""PK.70.10.D""]","[""D_check"", ""D_foundation"", ""D_pergola""]",3,,
PIPE_A,1bd12Rq9vHkwu_IDooReN2,pipe,우수관,우수관,DN200 / 외경220mm (가정),22.0,m,A,NEW,PK.20.30.SITE,"[""PK.20.05.SITE"", ""PK.20.30.SITE"", ""PK.20.40.SITE"", ""PK.70.10.A""]","[""A_check"", ""SITE_drainage"", ""SITE_draincheck"", ""SITE_survey""]",4,,
PIPE_B,2uxjlQpbjUUv2UC$J$F1JC,pipe,우수관,우수관,DN200 / 외경220mm (가정),28.0,m,B,NEW,PK.20.30.SITE,"[""PK.20.05.SITE"", ""PK.20.30.SITE"", ""PK.20.40.SITE"", ""PK.70.10.B""]","[""B_check"", ""SITE_drainage"", ""SITE_draincheck"", ""SITE_survey""]",4,,
PIPE_C,0dKX0v4MnGaRajxAUcYi6n,pipe,우수관,우수관,DN200 / 외경220mm (가정),22.0,m,C,NEW,PK.20.30.SITE,"[""PK.20.05.SITE"", ""PK.20.30.SITE"", ""PK.20.40.SITE"", ""PK.70.10.C""]","[""C_check"", ""SITE_drainage"", ""SITE_draincheck"", ""SITE_survey""]",4,,
PIPE_D,25UMDIw3fVWuVMTBD3leGG,pipe,우수관,우수관,DN200 / 외경220mm (가정),11.0,m,D,NEW,PK.20.30.SITE,"[""PK.20.05.SITE"", ""PK.20.30.SITE"", ""PK.20.40.SITE"", ""PK.70.10.D""]","[""D_check"", ""SITE_drainage"", ""SITE_draincheck"", ""SITE_survey""]",4,,
CHAMBER_A,3gmuPO0wrGOvUL8XzIqdyM,chamber,집수정,집수정,내측600×600 / 깊이1000mm (가정),1,ea,A,NEW,PK.20.30.SITE,"[""PK.20.05.SITE"", ""PK.20.30.SITE"", ""PK.20.40.SITE"", ""PK.70.10.A""]","[""A_check"", ""SITE_drainage"", ""SITE_draincheck"", ""SITE_survey""]",4,,
CHAMBER_B,0bwDG433LK6Ow2eXkwOKWK,chamber,집수정,집수정,내측600×600 / 깊이1000mm (가정),1,ea,B,NEW,PK.20.30.SITE,"[""PK.20.05.SITE"", ""PK.20.30.SITE"", ""PK.20.40.SITE"", ""PK.70.10.B""]","[""B_check"", ""SITE_drainage"", ""SITE_draincheck"", ""SITE_survey""]",4,,
CHAMBER_C,2IhHL6lirIew1ZMclMfFOK,chamber,집수정,집수정,내측600×600 / 깊이1000mm (가정),1,ea,C,NEW,PK.20.30.SITE,"[""PK.20.05.SITE"", ""PK.20.30.SITE"", ""PK.20.40.SITE"", ""PK.70.10.C""]","[""C_check"", ""SITE_drainage"", ""SITE_draincheck"", ""SITE_survey""]",4,,
CHAMBER_D,2icV4is$9TWAu28Oy0KqpE,chamber,집수정,집수정,내측600×600 / 깊이1000mm (가정),1,ea,D,NEW,PK.20.30.SITE,"[""PK.20.05.SITE"", ""PK.20.30.SITE"", ""PK.20.40.SITE"", ""PK.70.10.D""]","[""D_check"", ""SITE_drainage"", ""SITE_draincheck"", ""SITE_survey""]",4,,
CURB_A,1RAc42_8DO$vCGbKZAOVsl,curb,화강석 경계석,화강석 경계석,150×200mm (가정),62.0,m,A,NEW,PK.30.20.A,"[""PK.30.20.A"", ""PK.70.10.A""]","[""A_check"", ""A_curb""]",2,,
CURB_B,3vt7aax3bJzQ4MvcKH4gak,curb,화강석 경계석,화강석 경계석,150×200mm (가정),50.0,m,B,NEW,PK.30.20.B,"[""PK.30.20.B"", ""PK.70.10.B""]","[""B_check"", ""B_curb""]",2,,
CURB_C,0pZzj_wsXG0Pip1nBWHTLN,curb,화강석 경계석,화강석 경계석,150×200mm (가정),70.0,m,C,NEW,PK.30.20.C,"[""PK.30.20.C"", ""PK.70.10.C""]","[""C_check"", ""C_curb""]",2,,
CURB_D,1vu9PieP9JHBCWWvIrMoDn,curb,화강석 경계석,화강석 경계석,150×200mm (가정),74.0,m,D,NEW,PK.30.20.D,"[""PK.30.20.D"", ""PK.70.10.D""]","[""D_check"", ""D_curb""]",2,,
ACCESS_trunk,2jsSQUMB9OFv7$SI5N$RPo,access,임시동선,임시동선,,0,,SITE,WORK_SCOPE,PK.70.20.SITE,"[""PK.70.20.SITE""]","[""RESTORE""]",1,,
ACCESS_A,01xanMY7jRe89UPATvInOp,access,임시동선,임시동선,,0,,A,WORK_SCOPE,PK.70.20.SITE,"[""PK.70.20.SITE""]","[""RESTORE""]",1,,
ACCESS_B,1eX417P69OPQK1O6VRVYb_,access,임시동선,임시동선,,0,,B,WORK_SCOPE,PK.70.20.SITE,"[""PK.70.20.SITE""]","[""RESTORE""]",1,,
ACCESS_C,3BbxMeDZXT6gq0VeU2X24r,access,임시동선,임시동선,,0,,C,WORK_SCOPE,PK.70.20.SITE,"[""PK.70.20.SITE""]","[""RESTORE""]",1,,
ACCESS_D,01bG$6HV5HXPuhKOvuUuxz,access,임시동선,임시동선,,0,,D,WORK_SCOPE,PK.70.20.SITE,"[""PK.70.20.SITE""]","[""RESTORE""]",1,,
TERRAIN,1uMZzis_LV3fPfxrpIZhau,terrain,합성 지형 기준면,합성 지형 기준면,,0,,SITE,REFERENCE,PK.70.30.SITE,"[""PK.10.10.SITE"", ""PK.10.20.SITE"", ""PK.20.05.SITE"", ""PK.20.30.SITE"", ""PK.20.40.SITE"", ""PK.70.20.SITE"", ""PK.70.30.SITE""]","[""HANDOVER"", ""RESTORE"", ""SITE_drainage"", ""SITE_draincheck"", ""SITE_grade"", ""SITE_strip"", ""SITE_survey""]",7,,
CONTEXT_SIDEWALK,1g8zm_J6zT_9DuLVrV254X,context_sidewalk,남측 보도(가정),남측 보도(가정),,0,,CONTEXT,REFERENCE,,[],[],0,,
CONTEXT_ROAD,1Vh$ZcZp9Qn8zK7yQ5zIX_,context_road,남측 도로(가정),남측 도로(가정),,0,,CONTEXT,REFERENCE,,[],[],0,,
